{"type":"FeatureCollection","features":[{"type":"Feature","properties":{"name":"Survey of India Official Boundary","source":"osm-in.github.io / datameet"},"geometry":{"type":"MultiPolygon","coordinates":[[[[77.9241,35.49721],[77.93785,35.55932],[77.95064,35.55206],[77.97762,35.57219],[77.99603,35.55923],[78.01226,35.57116],[78.02243,35.56423],[78.04037,35.58685],[78.06814,35.57028],[78.07254,35.54449],[78.09052,35.5334],[78.10307,35.55609],[78.15719,35.55095],[78.16173,35.59293],[78.18126,35.60079],[78.18004,35.6344],[78.19742,35.63984],[78.1817,35.66736],[78.20831,35.66766],[78.24363,35.72529],[78.34029,35.71982],[78.40876,35.7307],[78.41719,35.7624],[78.4405,35.78073],[78.46272,35.76441],[78.53559,35.7635],[78.60759,35.81518],[78.6566,35.82208],[78.6735,35.85206],[78.80024,35.86982],[78.85586,35.97424],[78.92642,35.94523],[79.0115,35.93116],[79.02842,35.91423],[79.07767,35.94698],[79.26958,35.92742],[79.33838,35.96347],[79.34344,35.98787],[79.44173,35.96832],[79.43962,35.9342],[79.46837,35.90034],[79.45225,35.88279],[79.45646,35.87196],[79.4889,35.84922],[79.51734,35.85032],[79.57213,35.89653],[79.58843,35.87698],[79.56427,35.82979],[79.57191,35.81266],[79.58841,35.81496],[79.59254,35.78888],[79.63858,35.77773],[79.63411,35.74158],[79.67863,35.70024],[79.67941,35.67069],[79.69824,35.66345],[79.70428,35.63905],[79.81684,35.62697],[79.84573,35.57456],[79.86077,35.57666],[79.86903,35.59831],[79.92096,35.60471],[79.92459,35.62065],[79.95419,35.63391],[79.95459,35.61623],[79.99895,35.60242],[79.99532,35.5841],[79.96532,35.57471],[79.96632,35.55357],[80.05492,35.42341],[80.08799,35.43246],[80.081,35.45041],[80.11,35.47838],[80.18259,35.50885],[80.1662,35.55276],[80.20541,35.57515],[80.22488,35.55469],[80.26378,35.56834],[80.27679,35.55291],[80.29745,35.55609],[80.31582,35.52383],[80.32756,35.53493],[80.35842,35.52905],[80.4116,35.47711],[80.42172,35.45168],[80.41193,35.42603],[80.37692,35.39234],[80.34675,35.39102],[80.28588,35.35425],[80.26621,35.29645],[80.29429,35.26789],[80.27454,35.21673],[80.28388,35.20397],[80.25633,35.20418],[80.2468,35.18566],[80.22234,35.17802],[80.23496,35.14883],[80.19367,35.11843],[80.21608,34.9927],[80.23358,34.98959],[80.22489,34.97041],[80.18626,34.94649],[80.20505,34.89124],[80.13685,34.86894],[80.09899,34.77454],[80.06691,34.76226],[80.07921,34.73344],[80.07415,34.70581],[79.99478,34.69203],[79.97219,34.6997],[79.95154,34.67375],[79.93239,34.69189],[79.89848,34.69619],[79.78655,34.62735],[79.80181,34.58926],[79.78825,34.56402],[79.81145,34.53408],[79.79671,34.48222],[79.72163,34.47174],[79.70188,34.48601],[79.67356,34.4546],[79.62336,34.44984],[79.60052,34.46626],[79.56112,34.45841],[79.53816,34.47888],[79.50885,34.45368],[79.53059,34.44264],[79.53478,34.40075],[79.55902,34.37162],[79.57472,34.31904],[79.60281,34.30655],[79.60736,34.23822],[79.58983,34.24099],[79.54486,34.20292],[79.49059,34.1909],[79.49798,34.16842],[79.48561,34.12559],[79.42755,34.11345],[79.41613,34.10013],[79.43041,34.06134],[79.40447,34.02731],[79.40328,34.00233],[79.36651,33.99434],[79.31619,34.01494],[79.30049,34.00852],[79.24885,34.02398],[79.2253,34.01066],[79.18961,34.02517],[79.13892,33.99448],[79.09942,33.98996],[79.02947,34.01042],[78.9952,34.03683],[78.91168,34.00971],[78.88718,33.97259],[78.93714,33.91262],[78.96522,33.82125],[79.02828,33.75368],[79.01021,33.71439],[79.01186,33.68521],[79.06397,33.66641],[79.09038,33.63719],[79.08514,33.61954],[79.02518,33.61906],[79.00353,33.6074],[78.9074,33.62049],[78.88574,33.57623],[78.91352,33.55464],[78.94011,33.38002],[78.96301,33.33913],[79.02672,33.32035],[79.03778,33.30541],[79.0352,33.27268],[79.07994,33.24492],[79.06684,33.23201],[79.10739,33.19975],[79.12436,33.20262],[79.15197,33.18187],[79.18286,33.22001],[79.20964,33.21265],[79.21697,33.23789],[79.25582,33.2154],[79.27223,33.22122],[79.3025,33.19067],[79.32388,33.19029],[79.33755,33.20425],[79.4083,33.18884],[79.41095,33.17115],[79.39589,33.16941],[79.39295,33.15599],[79.39898,33.13998],[79.36431,33.10612],[79.35851,33.06113],[79.34058,33.05736],[79.32836,33.03446],[79.34144,33.01973],[79.33146,33.00079],[79.36345,32.96299],[79.35287,32.95468],[79.36408,32.93816],[79.39971,32.94167],[79.39048,32.917],[79.47124,32.87879],[79.47282,32.84951],[79.46091,32.83344],[79.4808,32.80068],[79.55727,32.75918],[79.54304,32.73035],[79.56128,32.71437],[79.54084,32.70323],[79.54837,32.67655],[79.45246,32.60378],[79.42763,32.56099],[79.43311,32.54396],[79.41366,32.54053],[79.41333,32.52003],[79.35097,32.52854],[79.33392,32.54256],[79.33118,32.56545],[79.29345,32.53956],[79.27604,32.556],[79.24815,32.5167],[79.22337,32.52471],[79.22091,32.50959],[79.18829,32.51588],[79.18397,32.49783],[79.15556,32.49454],[79.14915,32.47686],[79.13155,32.48095],[79.11753,32.45448],[79.12643,32.42165],[79.10543,32.40747],[79.10015,32.37063],[79.06039,32.38714],[79.0136,32.38122],[78.99018,32.37082],[78.96829,32.33574],[78.90753,32.37251],[78.89235,32.40052],[78.8386,32.41271],[78.8087,32.43826],[78.79571,32.47493],[78.77937,32.47902],[78.78083,32.51566],[78.75747,32.56718],[78.78136,32.61631],[78.74214,32.65529],[78.74987,32.68658],[78.73952,32.69575],[78.71046,32.66774],[78.63501,32.64819],[78.63507,32.60632],[78.59833,32.60057],[78.5587,32.62331],[78.52503,32.61792],[78.50095,32.5836],[78.42001,32.56934],[78.39284,32.53534],[78.47243,32.44343],[78.47093,32.3971],[78.45435,32.38646],[78.48523,32.35895],[78.47881,32.32509],[78.49736,32.32456],[78.51038,32.30306],[78.48836,32.27564],[78.52019,32.26197],[78.55992,32.20224],[78.59575,32.19799],[78.59159,32.16715],[78.63068,32.12559],[78.68283,32.11363],[78.69266,32.09653],[78.68264,32.0801],[78.70574,32.06444],[78.73438,32.00495],[78.77887,31.99357],[78.77912,31.96665],[78.7633,31.94905],[78.76938,31.92858],[78.74275,31.90223],[78.749,31.87339],[78.73538,31.83256],[78.7021,31.80649],[78.70571,31.774],[78.72547,31.75807],[78.75113,31.68017],[78.79876,31.68155],[78.80189,31.64757],[78.84664,31.60916],[78.77521,31.54358],[78.73528,31.53648],[78.72046,31.50887],[78.72584,31.4838],[78.75754,31.48288],[78.79674,31.44407],[78.74952,31.36779],[78.76953,31.34903],[78.77818,31.31234],[78.85341,31.29441],[78.86158,31.3153],[78.88339,31.28619],[78.89951,31.28973],[78.89749,31.30264],[78.91714,31.31493],[78.94386,31.36566],[78.97936,31.36394],[79.00047,31.34184],[79.01869,31.34901],[79.01011,31.38217],[79.01889,31.42672],[79.06077,31.42956],[79.07517,31.45902],[79.09911,31.45468],[79.14234,31.43209],[79.17091,31.39906],[79.17061,31.36313],[79.21341,31.35399],[79.2365,31.335],[79.22025,31.3165],[79.24921,31.28467],[79.22633,31.26059],[79.2827,31.23889],[79.30086,31.21905],[79.31235,31.14828],[79.35208,31.12245],[79.41276,31.10802],[79.42747,31.02292],[79.50687,31.03239],[79.51604,30.99746],[79.55263,30.95797],[79.60091,30.93881],[79.66316,30.96445],[79.66555,30.98289],[79.70073,30.97073],[79.73493,30.97951],[79.75231,31.0058],[79.81659,30.97168],[79.86604,30.97178],[79.88215,30.95512],[79.88878,30.91765],[79.9084,30.91469],[79.93097,30.88054],[79.96152,30.88854],[80.00817,30.86624],[80.03192,30.84083],[80.054,30.83881],[80.11239,30.77968],[80.15425,30.78957],[80.15822,30.80694],[80.17279,30.80902],[80.21254,30.75268],[80.23864,30.76232],[80.24878,30.72041],[80.2331,30.7088],[80.23297,30.69049],[80.19781,30.68616],[80.19257,30.66603],[80.21941,30.64277],[80.20793,30.58832],[80.21834,30.58015],[80.25451,30.56457],[80.31539,30.56454],[80.34548,30.52033],[80.4183,30.52359],[80.44598,30.49689],[80.49916,30.48794],[80.54075,30.44906],[80.60663,30.47149],[80.68843,30.41502],[80.73414,30.40061],[80.8016,30.32303],[80.86089,30.31425],[80.87361,30.30117],[80.90708,30.30368],[80.92942,30.26585],[80.98172,30.2705],[81.03086,30.24709],[81.02633,30.22722],[81.04406,30.20504],[81.00235,30.1866],[80.93174,30.18291],[80.92817,30.21603],[80.91004,30.2233],[80.86306,30.16882],[80.87785,30.12831],[80.84466,30.11623],[80.84543,30.10226],[80.81523,30.09624],[80.76072,30.04937],[80.74623,30.00527],[80.72019,30.00089],[80.67426,29.9571],[80.60127,29.95789],[80.57401,29.92344],[80.55289,29.85071],[80.50714,29.8231],[80.49409,29.79583],[80.43501,29.80617],[80.40675,29.79484],[80.39702,29.75877],[80.36556,29.7478],[80.38465,29.67411],[80.41993,29.63903],[80.40819,29.59707],[80.37893,29.56081],[80.34257,29.55287],[80.34176,29.5405],[80.35786,29.53314],[80.34977,29.51886],[80.31438,29.49954],[80.3131,29.48442],[80.29904,29.49041],[80.28685,29.47672],[80.30177,29.45175],[80.2758,29.4585],[80.24249,29.44255],[80.24212,29.41123],[80.27564,29.39205],[80.27939,29.34767],[80.31681,29.31444],[80.29024,29.23146],[80.29773,29.20526],[80.28914,29.19509],[80.25259,29.22198],[80.24403,29.21256],[80.2717,29.1387],[80.25423,29.13869],[80.23373,29.1162],[80.18385,29.13733],[80.14526,29.10464],[80.12868,29.06187],[80.1249,29.01297],[80.13531,29.00731],[80.11756,28.98116],[80.10031,28.98591],[80.05888,28.91612],[80.06475,28.83769],[80.07554,28.82346],[80.11873,28.8279],[80.21592,28.75543],[80.2506,28.75778],[80.26539,28.74253],[80.25663,28.72919],[80.27517,28.71104],[80.31591,28.70056],[80.32574,28.66649],[80.36058,28.63607],[80.4515,28.629],[80.46958,28.58392],[80.50623,28.56894],[80.5184,28.5507],[80.53072,28.57246],[80.50359,28.66486],[80.53965,28.69075],[80.56784,28.68826],[80.59056,28.67997],[80.58014,28.661],[80.59759,28.65609],[80.5902,28.64775],[80.60631,28.65243],[80.61155,28.63915],[80.65056,28.63444],[80.66761,28.64175],[80.67754,28.60452],[80.69559,28.6033],[80.69013,28.58716],[80.71467,28.56839],[80.76822,28.56568],[80.77028,28.54972],[80.78875,28.54522],[80.7878,28.52502],[80.81576,28.52125],[80.86586,28.48958],[80.86169,28.5045],[80.89614,28.50696],[80.9087,28.49778],[80.90148,28.48604],[80.91574,28.45807],[80.91416,28.46838],[80.92768,28.45766],[80.94402,28.4682],[80.93361,28.45861],[80.95225,28.44793],[80.97961,28.45554],[80.96479,28.4445],[80.97888,28.4341],[80.9999,28.45391],[81.01786,28.45189],[81.01318,28.43848],[81.03354,28.42775],[81.01763,28.41608],[81.03364,28.3991],[81.03582,28.41372],[81.08137,28.38434],[81.21093,28.36079],[81.23458,28.32488],[81.23268,28.28918],[81.32077,28.19772],[81.32198,28.16961],[81.30117,28.16557],[81.32805,28.14833],[81.31814,28.13366],[81.37045,28.14168],[81.37472,28.17721],[81.44705,28.16095],[81.44996,28.14082],[81.48401,28.11855],[81.47834,28.08265],[81.62479,28.00134],[81.69846,27.9882],[81.80497,27.90339],[81.83397,27.8973],[81.88496,27.85697],[81.92589,27.86007],[81.92536,27.87562],[81.96828,27.92905],[82.07002,27.92371],[82.12109,27.86587],[82.14897,27.85837],[82.1541,27.86665],[82.20914,27.8428],[82.4488,27.67949],[82.54131,27.68569],[82.66437,27.72267],[82.68069,27.714],[82.70845,27.72261],[82.71237,27.66297],[82.73167,27.65385],[82.73502,27.61101],[82.75802,27.5858],[82.73819,27.55183],[82.7497,27.52259],[82.73557,27.50235],[82.92935,27.50124],[82.95414,27.46778],[83.03463,27.44878],[83.1879,27.45438],[83.21847,27.41661],[83.2722,27.38345],[83.27247,27.35267],[83.31719,27.33016],[83.35918,27.34311],[83.4094,27.41248],[83.38404,27.43668],[83.40178,27.45704],[83.38891,27.47976],[83.61453,27.46922],[83.85663,27.35097],[83.86226,27.4246],[83.93234,27.44974],[84.02688,27.43337],[84.05186,27.44343],[84.07029,27.48158],[84.09473,27.48924],[84.0986,27.51733],[84.14555,27.5187],[84.14891,27.48629],[84.20576,27.46957],[84.20781,27.44284],[84.23091,27.45639],[84.25408,27.45283],[84.27761,27.41716],[84.27627,27.3967],[84.29396,27.38492],[84.62213,27.33645],[84.69088,27.21493],[84.67541,27.17136],[84.6865,27.1581],[84.6745,27.09656],[84.6462,27.0758],[84.6433,27.04617],[84.75668,27.00289],[84.77331,27.01773],[84.79324,26.99588],[84.82539,27.02098],[84.85412,27.0084],[84.85548,26.98556],[84.9625,26.96052],[84.9784,26.94011],[84.96916,26.91644],[84.99992,26.91192],[84.99283,26.90305],[85.00415,26.89505],[85.06084,26.88576],[85.02899,26.87558],[85.02409,26.8544],[85.08731,26.85281],[85.0864,26.8671],[85.11086,26.87237],[85.19074,26.8699],[85.19116,26.83139],[85.1765,26.81026],[85.21201,26.75818],[85.33407,26.74191],[85.40756,26.79142],[85.45163,26.78145],[85.47952,26.80247],[85.49538,26.79731],[85.49786,26.81229],[85.56576,26.84111],[85.57537,26.86106],[85.5893,26.84955],[85.62387,26.87388],[85.64223,26.85323],[85.7207,26.82044],[85.73417,26.79602],[85.72315,26.69986],[85.73201,26.65402],[85.80148,26.62433],[85.81732,26.60292],[85.85097,26.60867],[85.85158,26.56802],[85.92787,26.6166],[85.94668,26.61276],[85.95608,26.64897],[86.02688,26.66676],[86.13874,26.62894],[86.1358,26.6064],[86.19251,26.61476],[86.19584,26.59404],[86.21729,26.58857],[86.23419,26.59077],[86.25242,26.61719],[86.33306,26.61912],[86.34409,26.61672],[86.34134,26.60609],[86.39719,26.59309],[86.39489,26.58515],[86.49774,26.54236],[86.54178,26.5387],[86.57008,26.49652],[86.62194,26.4839],[86.63286,26.46472],[86.69388,26.45122],[86.73088,26.42244],[86.76543,26.45936],[86.8334,26.43887],[86.8941,26.46197],[86.8941,26.48796],[86.92922,26.48903],[86.93184,26.51593],[87.01517,26.53198],[87.04462,26.58731],[87.07116,26.58602],[87.0915,26.45041],[87.16166,26.40423],[87.18857,26.4055],[87.18685,26.41426],[87.2188,26.40349],[87.2292,26.41368],[87.26069,26.40942],[87.26584,26.37396],[87.31223,26.3716],[87.34094,26.34776],[87.35822,26.3611],[87.3686,26.40815],[87.46391,26.43986],[87.54751,26.41848],[87.58764,26.39294],[87.58727,26.38175],[87.60579,26.38052],[87.65165,26.39358],[87.65001,26.40601],[87.67794,26.41593],[87.67741,26.43562],[87.73369,26.40762],[87.73908,26.41775],[87.75996,26.40899],[87.7779,26.43391],[87.77246,26.45013],[87.7928,26.469],[87.84865,26.43689],[87.86145,26.44918],[87.85798,26.4641],[87.88812,26.48695],[87.90886,26.46082],[87.89838,26.44894],[87.92556,26.445],[87.91598,26.43164],[87.92692,26.41753],[87.99168,26.39272],[87.99142,26.37037],[88.00721,26.36103],[88.03019,26.36504],[88.03124,26.38861],[88.07055,26.40813],[88.09511,26.4379],[88.09198,26.46304],[88.10728,26.47556],[88.09056,26.50644],[88.11154,26.54529],[88.10565,26.56083],[88.12988,26.57332],[88.12992,26.60129],[88.16093,26.63679],[88.16763,26.69962],[88.18967,26.74955],[88.16741,26.83791],[88.17338,26.86567],[88.13624,26.89888],[88.1459,26.92118],[88.12032,26.95061],[88.1354,26.98505],[88.09212,27.00468],[88.07749,27.03551],[88.03749,27.03679],[88.01612,27.07398],[88.02097,27.08788],[87.98729,27.11951],[88.01922,27.17119],[88.01203,27.21621],[88.03072,27.25021],[88.03158,27.28641],[88.06647,27.3361],[88.04154,27.37221],[88.05041,27.41311],[88.08009,27.43001],[88.04382,27.47868],[88.0436,27.49617],[88.06141,27.5123],[88.05887,27.53529],[88.08183,27.58519],[88.1135,27.61085],[88.11992,27.64576],[88.14448,27.66582],[88.15828,27.74098],[88.17841,27.74722],[88.18113,27.77608],[88.19715,27.79101],[88.17299,27.82066],[88.20112,27.83765],[88.19623,27.85402],[88.139,27.87796],[88.118,27.91807],[88.14246,27.96528],[88.20699,27.94067],[88.20885,27.96237],[88.23764,27.96951],[88.25133,27.94166],[88.3404,27.98581],[88.41359,27.98108],[88.41735,27.99998],[88.46815,28.01689],[88.49491,28.05512],[88.54595,28.034],[88.55445,28.08229],[88.60237,28.08963],[88.63337,28.12264],[88.67061,28.07411],[88.75474,28.0803],[88.80429,28.03],[88.83608,28.0153],[88.84332,27.95451],[88.83408,27.93058],[88.86764,27.91971],[88.88812,27.85641],[88.88043,27.83047],[88.85709,27.81553],[88.8542,27.76459],[88.867,27.74271],[88.83851,27.70541],[88.84823,27.66819],[88.83174,27.64723],[88.81482,27.64691],[88.79181,27.57423],[88.7633,27.56642],[88.77711,27.53256],[88.79357,27.52693],[88.77683,27.46929],[88.80824,27.42315],[88.80675,27.40544],[88.82109,27.40466],[88.8379,27.37961],[88.86114,27.3863],[88.89507,27.33295],[88.92137,27.32729],[88.90449,27.27297],[88.83087,27.26419],[88.80228,27.24837],[88.78908,27.18531],[88.76507,27.17777],[88.74647,27.14185],[88.80318,27.13945],[88.83387,27.11479],[88.87049,27.10915],[88.88059,27.06189],[88.87596,26.95256],[88.92197,26.99318],[88.95203,26.9697],[88.94507,26.93292],[88.97932,26.91855],[89.01621,26.93826],[89.04185,26.9264],[89.04676,26.89836],[89.07016,26.90408],[89.0956,26.89095],[89.1021,26.83576],[89.1311,26.8121],[89.26233,26.81548],[89.31752,26.85153],[89.37089,26.85989],[89.50539,26.80836],[89.55716,26.81351],[89.56927,26.7983],[89.64474,26.77718],[89.64174,26.75329],[89.61794,26.73022],[89.62543,26.72287],[89.65776,26.71859],[89.67055,26.73989],[89.72577,26.72339],[89.75164,26.73492],[89.77085,26.70202],[89.81071,26.71115],[89.86257,26.70253],[89.8606,26.73663],[89.90212,26.72284],[89.96857,26.72199],[90.19064,26.768],[90.18369,26.79929],[90.20042,26.83501],[90.24787,26.85977],[90.30217,26.84989],[90.3439,26.87314],[90.35468,26.90127],[90.41785,26.90464],[90.54656,26.81659],[90.63383,26.79486],[90.64624,26.77818],[90.67869,26.78585],[90.6997,26.76936],[90.99553,26.79069],[91.0556,26.78126],[91.10151,26.82411],[91.14921,26.8125],[91.23951,26.81403],[91.34141,26.78228],[91.38022,26.79436],[91.41436,26.84056],[91.49972,26.79207],[91.63042,26.82258],[91.69533,26.80906],[91.82479,26.8639],[91.85935,26.91339],[91.89378,26.91964],[91.9712,26.88418],[91.98706,26.86082],[92.05652,26.84962],[92.10364,26.86927],[92.12135,26.96067],[92.10339,27.00401],[92.07795,27.01797],[92.0817,27.04058],[92.04471,27.05198],[92.03119,27.08004],[92.02693,27.16857],[92.05692,27.18828],[92.07184,27.23478],[92.03769,27.25848],[92.07406,27.27854],[92.11952,27.27089],[92.12328,27.28661],[92.06491,27.32729],[92.04769,27.36225],[92.05615,27.39993],[92.03713,27.41826],[92.04211,27.43591],[92.02248,27.44657],[92.01758,27.48012],[91.96064,27.46011],[91.92325,27.47408],[91.87224,27.47034],[91.84949,27.48638],[91.82836,27.46818],[91.8063,27.47558],[91.77419,27.46543],[91.71475,27.47464],[91.71705,27.4983],[91.69453,27.50557],[91.65153,27.48407],[91.61247,27.54367],[91.59638,27.54119],[91.58196,27.55702],[91.56597,27.58414],[91.58448,27.60844],[91.56231,27.63221],[91.57285,27.66083],[91.62883,27.69935],[91.64484,27.77022],[91.63433,27.80414],[91.61473,27.82147],[91.57667,27.81137],[91.56585,27.82665],[91.6125,27.83883],[91.66069,27.82893],[91.72195,27.78294],[91.76233,27.78677],[91.79146,27.76909],[91.80123,27.78868],[91.82904,27.78776],[91.87127,27.72363],[91.90211,27.73039],[91.92337,27.71757],[91.96449,27.74081],[91.98815,27.78024],[92.05743,27.78038],[92.10813,27.80277],[92.14235,27.83417],[92.16404,27.82967],[92.17446,27.84741],[92.24107,27.88571],[92.29345,27.87051],[92.29739,27.83347],[92.31908,27.79742],[92.36485,27.8046],[92.42385,27.83488],[92.42681,27.80347],[92.45582,27.79333],[92.50032,27.85121],[92.5803,27.88163],[92.60692,27.91683],[92.64635,27.91261],[92.67677,27.94908],[92.72957,27.97823],[92.72086,27.99941],[92.73152,28.05447],[92.65644,28.07999],[92.67733,28.15096],[92.71579,28.16792],[92.73519,28.15533],[92.76368,28.16302],[92.78439,28.18671],[92.83273,28.17517],[92.88289,28.20156],[92.92161,28.20069],[92.93586,28.21703],[92.93227,28.24876],[92.94687,28.26161],[92.99127,28.27314],[93.00228,28.29447],[93.06023,28.30461],[93.14754,28.36622],[93.17302,28.41737],[93.18506,28.49413],[93.30822,28.59266],[93.44834,28.66902],[93.62296,28.68835],[93.63725,28.65453],[93.68851,28.67833],[93.71224,28.66471],[93.78427,28.7133],[93.78985,28.73702],[93.89659,28.75746],[93.91794,28.74223],[93.91217,28.77317],[93.9749,28.82147],[93.98804,28.79504],[94.01975,28.79349],[94.02333,28.84497],[94.05816,28.85871],[94.05923,28.87497],[94.13587,28.89045],[94.17477,28.91184],[94.16645,28.92384],[94.17864,28.93594],[94.2577,28.93023],[94.27396,28.96787],[94.36638,29.02593],[94.32757,29.04054],[94.31557,29.07586],[94.27686,29.09386],[94.29322,29.15231],[94.37891,29.15413],[94.39052,29.18417],[94.44807,29.18338],[94.45686,29.21313],[94.49198,29.20776],[94.51063,29.2312],[94.54097,29.21974],[94.62647,29.2958],[94.69716,29.31539],[94.71552,29.29152],[94.73493,29.28697],[94.75166,29.22968],[94.8037,29.20841],[94.79739,29.18606],[94.80726,29.16487],[94.84754,29.18258],[94.88419,29.17909],[94.91758,29.15746],[94.96482,29.15884],[95.02182,29.12748],[94.98622,29.17306],[94.99465,29.17358],[95.09721,29.14204],[95.11937,29.11242],[95.10385,29.09607],[95.13015,29.09808],[95.13596,29.08848],[95.21155,29.10756],[95.23039,29.10365],[95.26262,29.06834],[95.27755,29.11609],[95.29935,29.13647],[95.41274,29.12592],[95.41902,29.18066],[95.43394,29.19275],[95.45385,29.1764],[95.45788,29.13682],[95.48051,29.14109],[95.50361,29.12604],[95.51534,29.14322],[95.50207,29.19216],[95.52909,29.18919],[95.56013,29.20661],[95.59568,29.18801],[95.60563,29.236],[95.64805,29.2104],[95.66416,29.22356],[95.69828,29.22474],[95.70883,29.204],[95.74319,29.22569],[95.73028,29.23967],[95.75243,29.27616],[95.73715,29.29796],[95.75741,29.32261],[95.81233,29.34753],[95.83888,29.35309],[95.84108,29.32123],[95.87749,29.31457],[95.96568,29.37578],[95.98095,29.36198],[96.01653,29.36255],[96.05363,29.38238],[96.13632,29.34558],[96.14962,29.29489],[96.16673,29.29427],[96.19586,29.2636],[96.26076,29.24464],[96.25321,29.21381],[96.28404,29.20964],[96.29945,29.19084],[96.2978,29.15903],[96.25983,29.15782],[96.23483,29.12971],[96.18292,29.11096],[96.1977,29.07503],[96.18292,29.04318],[96.19854,29.02335],[96.26932,29.09666],[96.36738,29.10928],[96.35236,29.07467],[96.36589,29.039],[96.43449,29.00632],[96.42879,28.98458],[96.45422,28.93633],[96.47272,28.92785],[96.48182,28.94789],[96.50818,28.9465],[96.52483,28.91629],[96.51573,28.90504],[96.52143,28.86095],[96.58926,28.81779],[96.57092,28.78788],[96.60067,28.77863],[96.62144,28.73525],[96.61014,28.7082],[96.53591,28.68119],[96.53682,28.65441],[96.51231,28.62604],[96.49574,28.62604],[96.49506,28.60947],[96.44807,28.58723],[96.48144,28.55499],[96.40949,28.50756],[96.43377,28.50574],[96.44603,28.48963],[96.47826,28.49031],[96.49597,28.42993],[96.51095,28.45898],[96.51413,28.5298],[96.55248,28.58291],[96.61354,28.61356],[96.65485,28.60901],[96.74541,28.57134],[96.75903,28.55885],[96.74995,28.54319],[96.76675,28.51482],[96.86117,28.48531],[96.8656,28.44826],[96.89288,28.41858],[96.88694,28.39145],[96.92352,28.35304],[97.00246,28.32485],[97.02725,28.32987],[97.07833,28.37137],[97.12577,28.36119],[97.15694,28.33549],[97.17853,28.33397],[97.20848,28.30189],[97.21837,28.30858],[97.23813,28.29414],[97.24589,28.26525],[97.2652,28.26251],[97.28451,28.23362],[97.36022,28.20475],[97.36103,28.16562],[97.3258,28.13966],[97.34436,28.11688],[97.31097,28.08962],[97.30668,28.06986],[97.32314,28.05897],[97.35486,28.06663],[97.39556,28.01227],[97.36315,27.96532],[97.3771,27.94977],[97.36693,27.93654],[97.37914,27.89206],[97.3662,27.87724],[97.31911,27.88858],[97.30318,27.91582],[97.25514,27.89381],[97.17314,27.81536],[97.10371,27.7828],[97.11271,27.76967],[97.1026,27.73911],[97.07446,27.7519],[97.02795,27.73662],[96.99495,27.67116],[96.93761,27.66078],[96.94146,27.63836],[96.89837,27.61091],[96.91493,27.58959],[96.90555,27.57012],[96.9222,27.5583],[96.91525,27.54362],[96.93436,27.50715],[96.91546,27.45491],[96.95548,27.40928],[96.97362,27.40423],[96.97314,27.37499],[97.0126,27.31748],[97.04588,27.29984],[97.09949,27.24047],[97.10954,27.20327],[97.17377,27.14586],[97.17309,27.12585],[97.14844,27.09333],[97.11013,27.10683],[97.07614,27.09571],[97.01056,27.14481],[96.89011,27.17634],[96.85692,27.21208],[96.88884,27.24629],[96.85507,27.26713],[96.82442,27.3182],[96.78156,27.35394],[96.70882,27.37664],[96.68753,27.34237],[96.66377,27.33383],[96.61074,27.36682],[96.58189,27.31404],[96.52631,27.28924],[96.43336,27.30503],[96.40003,27.28921],[96.31415,27.29363],[96.27884,27.26967],[96.23388,27.27365],[96.10173,27.22415],[96.04533,27.19103],[95.9481,27.05305],[95.87674,27.01484],[95.80621,27.01271],[95.7562,26.95559],[95.75747,26.91498],[95.73197,26.88912],[95.71339,26.88315],[95.67599,26.9046],[95.60925,26.81394],[95.54976,26.83026],[95.50369,26.80647],[95.4851,26.74858],[95.43974,26.70235],[95.3588,26.66991],[95.33155,26.67196],[95.30284,26.65086],[95.26065,26.65555],[95.24805,26.68441],[95.23253,26.68016],[95.19932,26.6402],[95.15191,26.61449],[95.15313,26.5826],[95.13802,26.55841],[95.10802,26.54333],[95.11271,26.51726],[95.0632,26.45221],[95.06378,26.44372],[95.08019,26.44841],[95.1041,26.41752],[95.10087,26.39379],[95.13293,26.38307],[95.11623,26.23687],[95.14201,26.21373],[95.12092,26.1856],[95.11741,26.10444],[95.16575,26.09126],[95.1847,26.06922],[95.11536,25.97471],[95.08124,25.94685],[95.02897,25.93505],[95.0177,25.87898],[95.05161,25.79809],[95.04101,25.74258],[94.9977,25.72483],[94.94028,25.67209],[94.91294,25.60685],[94.88091,25.58888],[94.89614,25.56818],[94.84497,25.56037],[94.80786,25.49552],[94.78286,25.48184],[94.75128,25.49391],[94.72392,25.47317],[94.68638,25.46622],[94.66021,25.40527],[94.6356,25.39551],[94.63443,25.35762],[94.5856,25.26777],[94.5774,25.21581],[94.63873,25.16659],[94.73756,25.13495],[94.73721,25.00086],[94.70362,24.98267],[94.69721,24.96099],[94.71372,24.93019],[94.68448,24.88199],[94.66089,24.87132],[94.63317,24.83509],[94.62208,24.78705],[94.62951,24.75405],[94.60952,24.73679],[94.60681,24.71117],[94.58636,24.70477],[94.5807,24.72201],[94.56936,24.70501],[94.54672,24.70697],[94.54103,24.64268],[94.50966,24.59267],[94.45555,24.57074],[94.42394,24.48493],[94.39438,24.48271],[94.4084,24.43977],[94.3961,24.4088],[94.36211,24.3918],[94.3796,24.37726],[94.35089,24.33282],[94.32237,24.32759],[94.32292,24.27591],[94.28766,24.22954],[94.27685,24.17106],[94.26036,24.16413],[94.25538,24.08085],[94.24027,24.05285],[94.22836,24.05549],[94.2382,24.03317],[94.20244,23.98204],[94.18866,23.93035],[94.16908,23.92756],[94.1561,23.84713],[94.14222,23.84675],[94.13997,23.83362],[94.11685,23.83788],[94.09492,23.88543],[94.04639,23.89233],[94.02207,23.92591],[93.97372,23.92337],[93.93208,23.95081],[93.89405,23.95169],[93.81085,23.92534],[93.7566,24.00611],[93.72257,23.99882],[93.62648,24.01168],[93.59474,23.96197],[93.55584,23.97889],[93.52602,23.95185],[93.50278,23.94823],[93.46532,23.97208],[93.46482,23.9971],[93.43148,24.02843],[93.40684,24.08118],[93.34042,24.10483],[93.35455,24.09227],[93.33136,24.08302],[93.33711,24.06104],[93.32466,24.04871],[93.34098,24.0221],[93.33117,24.02145],[93.33153,23.98482],[93.357,23.94034],[93.39172,23.92978],[93.38648,23.84719],[93.40427,23.79957],[93.39346,23.75893],[93.40898,23.70747],[93.43737,23.68217],[93.41617,23.64795],[93.42852,23.58857],[93.40949,23.56381],[93.41832,23.5402],[93.39424,23.50405],[93.38782,23.42179],[93.40137,23.3835],[93.38671,23.37444],[93.38759,23.35964],[93.35537,23.35268],[93.37285,23.32869],[93.36341,23.31339],[93.36911,23.2502],[93.38891,23.21717],[93.37537,23.20477],[93.368,23.14414],[93.3869,23.14302],[93.35521,23.11613],[93.33888,23.07431],[93.35222,23.07118],[93.29259,23.00615],[93.2297,23.01145],[93.20944,23.04874],[93.18404,23.05984],[93.15417,23.0435],[93.13505,23.06013],[93.12608,23.04076],[93.11947,23.00306],[93.14103,22.99072],[93.13755,22.95111],[93.16501,22.90914],[93.13539,22.91182],[93.10465,22.82579],[93.11081,22.81738],[93.09536,22.80692],[93.10797,22.75246],[93.09235,22.70949],[93.09611,22.6719],[93.14128,22.59359],[93.11582,22.56316],[93.10746,22.5264],[93.12929,22.5242],[93.13903,22.45506],[93.16259,22.4518],[93.18607,22.42855],[93.18693,22.33903],[93.19777,22.3273],[93.18988,22.301],[93.2022,22.26214],[93.17985,22.24624],[93.14263,22.2458],[93.16171,22.19565],[93.15389,22.18667],[93.12861,22.18528],[93.07806,22.21167],[93.0475,22.20583],[93.04056,22.15889],[93.05278,22.11889],[93.01611,22.115],[92.98944,22.06083],[93.00611,22.00389],[92.98472,21.99139],[92.95972,22.02472],[92.94306,22.02833],[92.90111,21.95361],[92.86556,22.04889],[92.80194,22.10694],[92.71861,22.15972],[92.6975,22.15222],[92.69944,22.095],[92.67806,22.09972],[92.67972,22.02694],[92.64722,22.02083],[92.60083,21.98194],[92.56222,22.13333],[92.59889,22.13722],[92.60611,22.16278],[92.58917,22.1975],[92.54194,22.52028],[92.52528,22.54722],[92.53306,22.59694],[92.51639,22.71583],[92.47056,22.75639],[92.44972,22.82583],[92.46194,22.84806],[92.44389,22.88944],[92.39722,22.91333],[92.37472,22.94194],[92.38361,23.05278],[92.36111,23.10472],[92.34861,23.22361],[92.38361,23.28472],[92.36889,23.36194],[92.32472,23.43583],[92.30639,23.55889],[92.27833,23.605],[92.27306,23.63972],[92.29,23.68944],[92.27278,23.71639],[92.25222,23.7225],[92.22972,23.66389],[92.21167,23.65222],[92.19444,23.72028],[92.17472,23.73667],[92.15167,23.735],[92.06976,23.6519],[92.03056,23.64528],[91.96639,23.72806],[91.95,23.73222],[91.93667,23.67389],[91.96028,23.58333],[91.96444,23.49667],[91.93306,23.44444],[91.88083,23.43361],[91.845,23.41028],[91.76861,23.27417],[91.81833,23.08722],[91.80611,23.07111],[91.78306,23.06917],[91.78167,23.04083],[91.725,22.99472],[91.64722,22.98639],[91.61361,22.94306],[91.60167,22.97361],[91.57194,22.9775],[91.54944,22.99833],[91.5425,23.0425],[91.5175,23.06028],[91.52639,23.07861],[91.50583,23.11778],[91.49333,23.18667],[91.4725,23.19389],[91.47306,23.2225],[91.45611,23.22111],[91.45417,23.23944],[91.42139,23.26417],[91.39278,23.26333],[91.3775,23.20694],[91.40222,23.06944],[91.37472,23.06694],[91.34837,23.10287],[91.3259,23.16667],[91.32749,23.25297],[91.30611,23.27444],[91.30278,23.31361],[91.28861,23.32833],[91.31472,23.36417],[91.28222,23.37333],[91.24889,23.48139],[91.2075,23.5125],[91.20611,23.5525],[91.15944,23.64056],[91.16222,23.66306],[91.19,23.65444],[91.20028,23.67806],[91.15917,23.70083],[91.15861,23.73667],[91.17333,23.75083],[91.21639,23.75611],[91.25408,23.83741],[91.22905,23.89642],[91.26278,23.93917],[91.27066,23.97074],[91.29833,23.99389],[91.36111,23.99528],[91.37861,24.04444],[91.37333,24.10194],[91.41167,24.11083],[91.47583,24.09111],[91.54639,24.08694],[91.61194,24.10222],[91.63417,24.1175],[91.65722,24.22417],[91.69472,24.15694],[91.73472,24.14833],[91.75778,24.16278],[91.74806,24.22139],[91.75778,24.23917],[91.80417,24.22222],[91.83194,24.22611],[91.83861,24.18806],[91.87556,24.15194],[91.8925,24.14972],[91.93167,24.27],[91.92361,24.335],[91.94833,24.34972],[91.98944,24.31944],[91.99778,24.33222],[91.96944,24.36667],[91.97472,24.37889],[92.08639,24.37472],[92.13528,24.41417],[92.1325,24.51389],[92.19111,24.56528],[92.20194,24.6325],[92.25667,24.77389],[92.26361,24.81833],[92.24583,24.86083],[92.24806,24.89639],[92.29361,24.905],[92.38944,24.85778],[92.47861,24.87167],[92.49694,24.88944],[92.48801,24.94843],[92.44806,24.94194],[92.47126,24.96098],[92.42278,24.96889],[92.40639,25.03056],[92.34222,25.05139],[92.3325,25.07944],[92.24167,25.09306],[92.19306,25.14],[92.14611,25.14222],[92.11528,25.17083],[92.04083,25.18778],[91.97972,25.17389],[91.93306,25.18333],[91.79111,25.16528],[91.7575,25.17389],[91.74694,25.15056],[91.71111,25.15944],[91.69472,25.13417],[91.64889,25.12667],[91.60083,25.14194],[91.59028,25.17278],[91.55361,25.14917],[91.46613,25.13538],[91.46091,25.15193],[91.44023,25.151],[91.41551,25.17267],[91.33682,25.17426],[91.25778,25.20778],[91.23835,25.19813],[91.08196,25.19788],[90.94194,25.15861],[90.88585,25.16771],[90.8625,25.14972],[90.81611,25.15111],[90.77611,25.17611],[90.74111,25.15861],[90.6825,25.15972],[90.65306,25.18111],[90.60444,25.16667],[90.52333,25.17472],[90.43833,25.14722],[90.38333,25.15417],[90.28917,25.19528],[90.11056,25.22472],[90.05084,25.2626],[89.91722,25.31],[89.87711,25.28687],[89.84259,25.293],[89.81444,25.37389],[89.85056,25.50972],[89.86444,25.64056],[89.84139,25.7025],[89.81972,25.72556],[89.82611,25.76417],[89.80722,25.82306],[89.86583,25.93611],[89.82056,25.94694],[89.85583,25.98806],[89.83417,26.0025],[89.81611,25.98972],[89.79306,26.03556],[89.77806,26.04194],[89.78139,26.08389],[89.75583,26.11111],[89.73917,26.15639],[89.72037,26.15636],[89.71536,26.16908],[89.70201,26.15194],[89.68152,26.16383],[89.70124,26.17252],[89.67356,26.2018],[89.69185,26.21306],[89.68,26.21402],[89.6884,26.22201],[89.67927,26.23825],[89.67185,26.22038],[89.63424,26.2296],[89.63207,26.20767],[89.64861,26.19063],[89.63011,26.19607],[89.6277,26.18452],[89.65555,26.18127],[89.64919,26.16451],[89.63673,26.17852],[89.60891,26.1805],[89.61898,26.16783],[89.6103,26.15464],[89.59083,26.1573],[89.60391,26.11754],[89.62577,26.12872],[89.63009,26.11851],[89.61581,26.10669],[89.59916,26.1132],[89.59628,26.09856],[89.60928,26.08886],[89.61403,26.10408],[89.62977,26.10728],[89.65012,26.06283],[89.62062,26.05348],[89.60508,26.06365],[89.61273,26.05286],[89.57853,26.02622],[89.5864,25.98072],[89.57411,25.98067],[89.57705,25.96908],[89.56595,25.98055],[89.55719,25.96556],[89.54023,25.97011],[89.54387,26.00565],[89.46359,25.99817],[89.43009,26.01157],[89.42372,26.04751],[89.3911,26.02291],[89.39326,26.00668],[89.34934,26.00961],[89.32399,26.03811],[89.28106,26.05018],[89.28221,26.06561],[89.25407,26.06409],[89.26749,26.09211],[89.25123,26.0914],[89.22964,26.12394],[89.15533,26.13832],[89.15722,26.16329],[89.13551,26.18007],[89.14926,26.2089],[89.14091,26.23574],[89.10005,26.2795],[89.10468,26.31591],[89.12325,26.28715],[89.13621,26.3202],[89.08359,26.32328],[89.10106,26.33718],[89.09796,26.35926],[89.07948,26.36296],[89.09315,26.39383],[89.03347,26.39554],[89.02152,26.41433],[88.99315,26.42394],[88.99385,26.41142],[88.98077,26.42528],[88.98334,26.44565],[88.95706,26.45898],[88.9651,26.45055],[88.94613,26.44798],[88.94507,26.42492],[88.92608,26.43068],[88.92938,26.40799],[88.90472,26.40867],[88.91818,26.40035],[88.90893,26.38019],[88.92064,26.37858],[88.91095,26.37042],[88.91905,26.35891],[88.94761,26.35574],[88.95261,26.36549],[88.95229,26.33168],[88.96288,26.3357],[88.96111,26.35196],[88.9851,26.34997],[88.98623,26.33181],[89.00088,26.32983],[88.98239,26.30884],[88.99545,26.29197],[89.0069,26.30476],[89.01833,26.29027],[89.02151,26.3093],[89.02006,26.28938],[89.0398,26.27663],[89.04572,26.29559],[89.06087,26.29141],[89.06256,26.2536],[89.05203,26.25602],[89.05071,26.24155],[88.95325,26.24206],[88.92652,26.28254],[88.89834,26.28877],[88.86174,26.27348],[88.86142,26.25204],[88.87782,26.23355],[88.8417,26.23078],[88.81295,26.25593],[88.81912,26.29467],[88.79345,26.31006],[88.7636,26.29947],[88.74908,26.30923],[88.74553,26.28931],[88.72109,26.29302],[88.72138,26.28143],[88.68508,26.27806],[88.68606,26.26322],[88.66649,26.26299],[88.66833,26.29748],[88.68749,26.28177],[88.70979,26.28737],[88.68443,26.29502],[88.67515,26.32017],[88.69569,26.32832],[88.69602,26.31151],[88.71892,26.31164],[88.74753,26.32146],[88.75005,26.33134],[88.73463,26.32797],[88.74605,26.34745],[88.73726,26.35464],[88.70463,26.33261],[88.68095,26.37979],[88.70172,26.38884],[88.66957,26.3972],[88.68669,26.40122],[88.68592,26.41302],[88.66777,26.40724],[88.64444,26.41899],[88.64978,26.4295],[88.62377,26.43506],[88.62289,26.47102],[88.59434,26.47086],[88.59191,26.44953],[88.55989,26.45758],[88.55679,26.48543],[88.52632,26.4807],[88.52137,26.51058],[88.48907,26.51017],[88.48514,26.54113],[88.45872,26.54731],[88.44801,26.53546],[88.43577,26.54527],[88.4085,26.63825],[88.33159,26.48195],[88.35237,26.44777],[88.36028,26.48403],[88.372,26.48803],[88.38836,26.47786],[88.40563,26.48608],[88.41951,26.46585],[88.48629,26.46012],[88.47867,26.45272],[88.49674,26.43664],[88.49582,26.40914],[88.51982,26.39007],[88.51292,26.3768],[88.52455,26.37537],[88.51518,26.36442],[88.52387,26.35976],[88.50393,26.34868],[88.50742,26.36254],[88.48821,26.36036],[88.48234,26.34983],[88.45874,26.36225],[88.45762,26.37656],[88.43521,26.33556],[88.40335,26.32895],[88.41514,26.3153],[88.38453,26.31346],[88.34954,26.28247],[88.34846,26.25061],[88.35995,26.24186],[88.35072,26.22048],[88.2752,26.18791],[88.24191,26.18881],[88.22741,26.16818],[88.17737,26.14789],[88.15869,26.08004],[88.18281,26.07306],[88.1793,26.0463],[88.16953,26.04597],[88.18227,26.02548],[88.13945,26.01301],[88.14352,26.00032],[88.12951,25.99687],[88.11503,25.96246],[88.12157,25.94748],[88.08568,25.91675],[88.1022,25.88946],[88.09388,25.87363],[88.10234,25.86193],[88.11099,25.86727],[88.10102,25.82923],[88.11998,25.81246],[88.11451,25.79835],[88.14419,25.79378],[88.1518,25.77576],[88.18379,25.8019],[88.21018,25.78635],[88.23662,25.81004],[88.26923,25.80839],[88.26647,25.78329],[88.31666,25.75293],[88.32109,25.73753],[88.37423,25.71705],[88.37117,25.69677],[88.4035,25.68607],[88.40346,25.67225],[88.45424,25.66451],[88.44453,25.59714],[88.49953,25.58405],[88.49378,25.55931],[88.52307,25.53554],[88.53273,25.54213],[88.53982,25.50872],[88.55374,25.52116],[88.59546,25.5061],[88.6089,25.5165],[88.62338,25.49723],[88.64861,25.4968],[88.64686,25.47794],[88.69941,25.47131],[88.72254,25.50205],[88.74143,25.50505],[88.74408,25.48811],[88.76551,25.49607],[88.75935,25.52661],[88.78022,25.51536],[88.81039,25.52334],[88.8122,25.49155],[88.82897,25.49034],[88.8396,25.45833],[88.82596,25.44422],[88.83032,25.4177],[88.81383,25.41059],[88.84107,25.39761],[88.84084,25.36397],[88.86431,25.35516],[88.88421,25.32569],[88.88797,25.33701],[88.90612,25.33775],[88.92967,25.30428],[89.00896,25.30318],[89.00822,25.26484],[88.9886,25.27485],[88.95608,25.25514],[88.96089,25.20864],[88.93685,25.21065],[88.94802,25.17669],[88.93357,25.18105],[88.92274,25.16442],[88.91074,25.18001],[88.8749,25.17914],[88.87463,25.19624],[88.86383,25.1898],[88.84355,25.21354],[88.80582,25.17053],[88.76919,25.18994],[88.74911,25.17675],[88.70908,25.20759],[88.68134,25.20961],[88.66927,25.1982],[88.61272,25.20425],[88.56381,25.17527],[88.55816,25.19284],[88.53403,25.18775],[88.53786,25.19779],[88.49876,25.21085],[88.47453,25.21219],[88.46316,25.19531],[88.43879,25.19775],[88.43869,25.20781],[88.46083,25.14722],[88.46,25.06944],[88.41333,24.99722],[88.39611,24.9375],[88.3425,24.87028],[88.26417,24.88556],[88.26345,24.92009],[88.22275,24.96186],[88.13685,24.93753],[88.13528,24.91833],[88.16021,24.89663],[88.15085,24.8848],[88.16226,24.85137],[88.14527,24.85408],[88.13004,24.83677],[88.13212,24.81937],[88.10902,24.81251],[88.10366,24.78109],[88.06765,24.77071],[88.06279,24.72532],[88.00753,24.66886],[88.08222,24.62556],[88.10639,24.57278],[88.11111,24.52389],[88.12556,24.50861],[88.32389,24.43444],[88.49778,24.32083],[88.55472,24.30944],[88.57722,24.31639],[88.65222,24.29417],[88.69111,24.31667],[88.7375,24.25083],[88.74528,24.19278],[88.70833,24.17139],[88.69861,24.09056],[88.72583,24.06028],[88.72245,24.04239],[88.74705,24.03161],[88.72278,24.00222],[88.74028,23.98583],[88.73026,23.96126],[88.73694,23.91917],[88.69972,23.90222],[88.66972,23.86806],[88.62598,23.86709],[88.61926,23.87915],[88.60669,23.86524],[88.58687,23.87297],[88.57458,23.86317],[88.60035,23.81667],[88.58441,23.8148],[88.58994,23.79942],[88.57224,23.78511],[88.55457,23.78526],[88.57869,23.76203],[88.55926,23.71183],[88.57051,23.6694],[88.5558,23.64949],[88.56188,23.63519],[88.59111,23.63839],[88.57768,23.60268],[88.64107,23.60759],[88.65156,23.55585],[88.72972,23.49972],[88.74944,23.46694],[88.78139,23.50361],[88.79333,23.49417],[88.78639,23.45083],[88.74659,23.39642],[88.76317,23.36753],[88.7469,23.3637],[88.71139,23.30861],[88.72472,23.24806],[88.76936,23.24522],[88.77434,23.22454],[88.78981,23.21852],[88.81145,23.22157],[88.81165,23.25661],[88.82904,23.24467],[88.82413,23.23388],[88.83659,23.24382],[88.84448,23.23064],[88.886,23.22612],[88.90674,23.23602],[88.91418,23.21394],[88.94257,23.20629],[88.97043,23.22283],[88.97838,23.21501],[88.97519,23.22425],[88.99589,23.21302],[88.97989,23.21237],[88.97995,23.18257],[88.96208,23.19315],[88.93866,23.17688],[88.93036,23.14319],[88.89971,23.11133],[88.86842,23.1011],[88.8743,23.09005],[88.86091,23.07745],[88.88408,23.04035],[88.87215,23.01693],[88.87997,23.00693],[88.8449,23.00924],[88.86532,23.0009],[88.87113,22.97886],[88.85594,22.96566],[88.85952,22.94269],[88.89397,22.95241],[88.88709,22.93361],[88.90816,22.91968],[88.89539,22.91309],[88.91069,22.87985],[88.94528,22.88081],[88.96852,22.84497],[88.95915,22.79683],[88.93719,22.7915],[88.91174,22.7577],[88.92743,22.71855],[88.96213,22.69416],[88.92685,22.65207],[88.93454,22.619],[88.96001,22.61665],[88.93856,22.59011],[88.94153,22.56028],[88.96144,22.54899],[88.97639,22.4943],[88.9962,22.46941],[88.98983,22.4449],[89.00009,22.42958],[88.97234,22.41128],[88.99207,22.39115],[88.98477,22.32619],[89.02437,22.29582],[88.9988,22.29661],[88.99598,22.28575],[89.0187,22.26994],[89.01512,22.2538],[89.03315,22.25851],[89.06756,22.18569],[89.05509,22.18327],[89.06202,22.194],[89.03122,22.21433],[88.98411,22.20539],[88.95364,22.22529],[88.96016,22.19255],[88.94136,22.192],[88.91944,22.16537],[88.89888,22.17784],[88.88676,22.16987],[88.92322,22.10819],[88.91817,22.09229],[88.89647,22.09074],[88.88821,22.12352],[88.89566,22.09229],[88.88163,22.08538],[88.85394,22.10088],[88.84401,22.12351],[88.80404,22.13027],[88.79472,22.1139],[88.77316,22.11375],[88.76944,22.09191],[88.74282,22.07212],[88.73898,22.01759],[88.7213,22.00529],[88.62554,22.03137],[88.60474,22.02269],[88.60159,22.07382],[88.58582,22.08427],[88.6013,22.07331],[88.59911,22.02545],[88.60979,22.00578],[88.59496,21.98726],[88.55068,22.00172],[88.55385,22.03979],[88.54079,21.98096],[88.5188,21.98927],[88.49279,21.97008],[88.50841,21.93338],[88.47477,21.89533],[88.45594,21.90168],[88.46248,21.92118],[88.45313,21.93723],[88.47005,21.95973],[88.44733,21.96431],[88.44277,21.9906],[88.46301,22.01308],[88.46451,22.04595],[88.46247,22.01411],[88.44193,21.98958],[88.44485,21.96433],[88.46782,21.95692],[88.45139,21.9429],[88.45667,21.91969],[88.41972,21.90675],[88.41402,21.88891],[88.39116,21.87752],[88.39081,21.79927],[88.36364,21.79769],[88.3567,21.82169],[88.37038,21.89649],[88.34768,21.93246],[88.3487,21.95227],[88.36422,21.87311],[88.35223,21.85892],[88.31417,21.85846],[88.30887,21.83701],[88.25436,21.81503],[88.25463,21.78259],[88.27976,21.75743],[88.26698,21.73011],[88.27299,21.75568],[88.21884,21.76452],[88.20076,21.83448],[88.16376,21.88032],[88.17766,21.92642],[88.15477,21.9592],[88.20753,22.02092],[88.22661,22.08453],[88.20678,22.16052],[88.18125,22.19324],[88.04931,22.21976],[88.04505,22.20642],[88.06713,22.18834],[88.1364,22.18347],[88.19468,22.10424],[88.1495,22.06083],[88.05012,22.01559],[87.98009,21.86581],[87.9223,21.80505],[87.89701,21.79512],[87.83766,21.72318],[87.7886,21.69165],[87.68088,21.65417],[87.48647,21.61107],[87.40892,21.55955],[87.37469,21.57211],[87.35906,21.55923],[87.36595,21.55033],[87.20778,21.54666],[87.12703,21.51191],[87.11713,21.52016],[87.0739,21.47049],[87.06098,21.4777],[87.06111,21.45981],[86.97873,21.40986],[86.90564,21.32499],[86.88901,21.32073],[86.83513,21.2097],[86.82621,21.21304],[86.82355,21.14093],[86.77647,21.14242],[86.82699,21.13244],[86.95924,20.86331],[86.9645,20.79448],[86.95766,20.78472],[86.87655,20.79574],[86.83073,20.77404],[86.81638,20.7567],[86.81548,20.72242],[86.75262,20.61314],[86.76666,20.61856],[86.774,20.64517],[86.82034,20.63899],[86.80034,20.67434],[86.82917,20.67203],[86.84429,20.6506],[86.93242,20.71007],[87.01277,20.69857],[87.05443,20.71834],[86.78966,20.53881],[86.77331,20.5048],[86.76019,20.50401],[86.77656,20.52489],[86.76019,20.50658],[86.75606,20.52023],[86.73884,20.52355],[86.75129,20.51069],[86.73945,20.48595],[86.75678,20.50091],[86.74412,20.46857],[86.73804,20.47699],[86.72585,20.39595],[86.74569,20.40424],[86.78141,20.3884],[86.76706,20.37002],[86.78643,20.37637],[86.76754,20.32966],[86.80827,20.37383],[86.80899,20.38952],[86.80197,20.36755],[86.79631,20.42568],[86.81066,20.42262],[86.81002,20.37637],[86.79033,20.34461],[86.70783,20.29649],[86.71808,20.28839],[86.68037,20.26311],[86.67144,20.2821],[86.66716,20.2681],[86.68018,20.25887],[86.58519,20.22104],[86.53266,20.17983],[86.43385,20.05026],[86.45229,20.07659],[86.42029,20.05753],[86.40307,20.00895],[86.38827,19.9968],[86.38252,20.00425],[86.37633,19.98427],[86.35045,19.98314],[86.32764,20.03057],[86.28798,20.06338],[86.2621,20.06212],[86.24383,20.03538],[86.22054,20.03387],[86.25795,20.01768],[86.30398,20.02121],[86.31965,19.98728],[86.30193,19.9903],[86.32144,19.98265],[86.29777,19.98779],[86.2964,20.00035],[86.29679,19.98345],[86.27362,19.98555],[86.32403,19.98317],[86.34125,19.96985],[86.31981,19.95187],[86.30147,19.9715],[86.31274,19.94772],[86.28985,19.95162],[86.28541,19.97015],[86.2828,19.94387],[86.2187,19.90986],[86.23805,19.90544],[85.65711,19.7381],[85.36244,19.59378],[85.17368,19.46826],[85.10106,19.41049],[85.07951,19.37435],[85.07691,19.38758],[85.06793,19.36715],[84.97584,19.31196],[84.87159,19.22456],[84.78381,19.11396],[84.74531,19.11787],[84.72883,19.0945],[84.71836,19.09823],[84.75096,19.0801],[84.75828,19.09975],[84.79118,19.11971],[84.74648,19.05095],[84.73553,19.05983],[84.72458,19.04888],[84.7455,19.0506],[84.68693,18.97248],[84.66377,18.96472],[84.66848,18.95655],[84.68479,18.97065],[84.67683,18.95974],[84.59455,18.87684],[84.57901,18.87638],[84.59097,18.8719],[84.55213,18.79109],[84.43847,18.67606],[84.42463,18.68076],[84.43374,18.67625],[84.42239,18.66812],[84.41226,18.67724],[84.42871,18.661],[84.4503,18.68858],[84.43979,18.66038],[84.36923,18.59558],[84.35751,18.56519],[84.34163,18.56508],[84.33808,18.55049],[84.31727,18.55289],[84.29283,18.5281],[84.35757,18.56401],[84.3534,18.55418],[84.15316,18.37627],[84.12447,18.30945],[83.94357,18.21129],[83.88919,18.19538],[83.69139,18.09634],[83.5693,18.01088],[83.53186,17.95088],[83.45337,17.89526],[83.45939,17.92247],[83.42921,17.93752],[83.45761,17.91966],[83.45726,17.90422],[83.44442,17.90927],[83.45627,17.89059],[83.41268,17.8484],[83.41029,17.81033],[83.3545,17.75721],[83.34304,17.72285],[83.30046,17.69654],[83.30639,17.68819],[83.28356,17.68941],[83.28356,17.71074],[83.27997,17.6952],[83.26404,17.71214],[83.27826,17.69444],[83.26877,17.69496],[83.29814,17.68614],[83.29515,17.6756],[83.22924,17.62363],[83.23679,17.61488],[83.24789,17.6239],[83.21275,17.59049],[83.16218,17.5599],[83.09215,17.53851],[83.1282,17.56902],[83.11691,17.56708],[83.08968,17.53338],[83.01042,17.50099],[82.99132,17.47221],[82.87025,17.41832],[82.86144,17.436],[82.86634,17.42153],[82.83814,17.42126],[82.86947,17.41597],[82.60278,17.28567],[82.57541,17.28254],[82.60144,17.28555],[82.47045,17.19744],[82.36552,17.10262],[82.38063,17.136],[82.37285,17.15228],[82.3801,17.13601],[82.36498,17.10211],[82.35258,17.09112],[82.33606,17.10256],[82.35206,17.09021],[82.30293,17.03835],[82.28071,16.98748],[82.28922,17.02237],[82.27029,16.94234],[82.24511,16.94082],[82.25488,16.93816],[82.24343,16.9061],[82.25572,16.886],[82.3141,16.84816],[82.29786,16.82569],[82.30681,16.71949],[82.27422,16.70798],[82.2313,16.72561],[82.23899,16.71732],[82.11343,16.72937],[82.12995,16.72001],[82.09688,16.72712],[82.0714,16.71903],[82.08102,16.71873],[82.07453,16.70408],[82.0325,16.69334],[82.04915,16.67121],[82.07721,16.66258],[82.11667,16.68904],[82.1439,16.68297],[82.16132,16.66858],[82.15619,16.61657],[82.18829,16.60068],[82.22674,16.64064],[82.26121,16.64017],[82.25401,16.60081],[82.23877,16.59935],[82.20342,16.56427],[82.20697,16.55549],[82.19254,16.55351],[82.19963,16.53364],[82.27856,16.59808],[82.29376,16.59361],[82.29462,16.60262],[82.29823,16.58276],[82.25639,16.55623],[82.30962,16.56852],[82.31484,16.58974],[82.31525,16.57119],[82.03543,16.44113],[82.08218,16.47091],[82.04268,16.44896],[82.04613,16.46173],[82.02943,16.46718],[82.04016,16.45232],[82.03222,16.43935],[81.95648,16.39978],[81.85442,16.37394],[81.71728,16.30721],[81.72066,16.31969],[81.68482,16.33089],[81.54799,16.34688],[81.56441,16.3498],[81.56192,16.36732],[81.58203,16.3549],[81.56513,16.37041],[81.55671,16.36322],[81.5465,16.38772],[81.56148,16.3985],[81.56695,16.38569],[81.56069,16.40133],[81.54822,16.38153],[81.5222,16.38327],[81.51043,16.37171],[81.49095,16.37278],[81.4806,16.39651],[81.48423,16.35296],[81.40416,16.3436],[81.43568,16.36015],[81.40417,16.34682],[81.39865,16.38856],[81.39541,16.37195],[81.31185,16.34981],[81.3305,16.33445],[81.35132,16.33944],[81.33822,16.32632],[81.3137,16.34401],[81.26325,16.32669],[81.27925,16.31803],[81.34009,16.32439],[81.39402,16.34349],[81.26665,16.27799],[81.28281,16.29523],[81.26748,16.29757],[81.26384,16.27232],[81.23513,16.23757],[81.22046,16.23759],[81.22687,16.24944],[81.21072,16.23709],[81.23352,16.23449],[81.20183,16.14511],[81.20895,16.20024],[81.18624,16.15337],[81.16198,16.14489],[81.18196,16.13586],[81.17849,16.12311],[81.15743,16.12454],[81.15806,16.08409],[81.13287,16.07097],[81.1278,16.05474],[81.13261,16.07586],[81.11688,16.0702],[81.08955,16.02384],[81.10486,16.00966],[81.10725,15.98312],[81.10244,15.96509],[81.08819,15.96226],[81.09431,15.95195],[81.07766,15.94371],[81.0963,15.93778],[81.06673,15.90803],[81.05209,15.91409],[81.03638,15.8949],[81.02467,15.90224],[81.03199,15.89632],[81.02094,15.88344],[80.97009,15.8435],[80.94893,15.84427],[80.9473,15.83353],[80.95519,15.84015],[80.96664,15.8252],[80.95,15.81515],[80.96212,15.80382],[80.89983,15.83613],[80.89648,15.86821],[80.88397,15.87078],[80.82827,15.74519],[80.81511,15.74309],[80.80412,15.7818],[80.81227,15.83176],[80.77503,15.86513],[80.77307,15.88898],[80.77018,15.86283],[80.69083,15.88051],[80.73568,15.88173],[80.6799,15.88732],[80.69532,15.90409],[80.65113,15.89758],[80.63864,15.88236],[80.68577,15.88024],[80.63919,15.87644],[80.64848,15.89371],[80.63914,15.90607],[80.63584,15.88803],[80.60989,15.88373],[80.63197,15.89059],[80.62318,15.89818],[80.53142,15.85678],[80.50727,15.93543],[80.49634,15.94082],[80.50683,15.93535],[80.52556,15.85664],[80.49999,15.86379],[80.5285,15.85175],[80.49709,15.85193],[80.53929,15.84971],[80.43361,15.80635],[80.33934,15.74471],[80.3473,15.75156],[80.33668,15.74534],[80.31907,15.7592],[80.33722,15.74226],[80.27705,15.67959],[80.26691,15.68948],[80.27558,15.68126],[80.25985,15.65558],[80.24017,15.65718],[80.26437,15.65572],[80.23798,15.60178],[80.22032,15.59734],[80.2335,15.59224],[80.2397,15.60359],[80.21508,15.50638],[80.21329,15.52234],[80.19086,15.50646],[80.2001,15.49859],[80.1847,15.4957],[80.21339,15.49735],[80.20102,15.46536],[80.12807,15.37646],[80.10518,15.32767],[80.08416,15.33738],[80.09886,15.31476],[80.04944,15.32525],[80.03036,15.31731],[80.04865,15.32435],[80.09862,15.31025],[80.10676,15.32974],[80.08471,15.27245],[80.08465,15.19465],[80.0,15.22045],[80.04811,15.20789],[80.0745,15.18082],[80.0844,15.1913],[80.03972,15.06847],[80.04925,15.07135],[80.08822,14.82159],[80.07828,14.8231],[80.08324,14.81075],[80.06174,14.8211],[80.04933,14.8119],[80.06075,14.80525],[80.0541,14.81179],[80.06705,14.81867],[80.08722,14.80844],[80.08233,14.79563],[80.09141,14.81877],[80.11518,14.73847],[80.10863,14.68898],[80.13315,14.67825],[80.11537,14.65886],[80.13412,14.66769],[80.14047,14.70353],[80.12433,14.73464],[80.14257,14.7074],[80.16218,14.63249],[80.18425,14.60242],[80.17382,14.59801],[80.15899,14.62544],[80.16875,14.60778],[80.14873,14.58452],[80.15426,14.5666],[80.19702,14.5834],[80.18437,14.53569],[80.16981,14.53667],[80.17065,14.52559],[80.18358,14.5326],[80.16944,14.35624],[80.13216,14.22585],[80.13339,14.10698],[80.14678,14.04237],[80.25253,13.78677],[80.23364,13.68372],[80.23859,13.63035],[80.30116,13.47409],[80.32388,13.45512],[80.34489,13.3181],[80.3567,13.31238],[80.34713,13.31416],[80.35298,13.25464],[80.34484,13.27873],[80.29863,13.13888],[80.30479,13.11086],[80.29353,13.08636],[80.31012,13.10725],[80.28879,13.06767],[80.26125,12.94584],[80.24766,12.82981],[80.2549,12.78089],[80.15536,12.4651],[80.03046,12.29667],[79.85882,12.00876],[79.76097,11.62374],[79.76594,11.52659],[79.83882,11.35016],[79.85549,11.18052],[79.85327,10.66927],[79.88343,10.30482],[79.84005,10.27554],[79.74392,10.27427],[79.75637,10.27574],[79.74799,10.28083],[79.75596,10.28949],[79.78627,10.28179],[79.75875,10.31134],[79.77873,10.30227],[79.69616,10.32509],[79.64027,10.31904],[79.62965,10.36316],[79.61107,10.34117],[79.62267,10.33251],[79.60073,10.30956],[79.55225,10.31272],[79.66528,10.28866],[79.6746,10.30084],[79.73428,10.27631],[79.52703,10.30672],[79.56008,10.33191],[79.58933,10.33233],[79.5879,10.34324],[79.53933,10.3476],[79.54105,10.32297],[79.50814,10.32431],[79.5301,10.32804],[79.50829,10.33839],[79.50178,10.32086],[79.47267,10.33739],[79.48604,10.32579],[79.45642,10.32178],[79.5176,10.31561],[79.51135,10.30866],[79.38373,10.31569],[79.37031,10.29455],[79.32994,10.28398],[79.27386,10.2408],[79.26763,10.22823],[79.28149,10.21524],[79.24213,10.18173],[79.22675,10.10034],[79.2674,10.03772],[79.15502,9.93141],[79.12552,9.89033],[79.12137,9.85467],[78.98079,9.68895],[78.95581,9.62503],[78.93483,9.60845],[78.92176,9.53208],[78.91073,9.5353],[78.92216,9.52842],[78.91347,9.49251],[78.89835,9.4899],[78.93124,9.41662],[79.03406,9.31862],[79.10249,9.28958],[79.19065,9.28223],[79.09381,9.26001],[78.97212,9.27327],[78.92627,9.26619],[78.90691,9.24985],[78.86048,9.25344],[78.72751,9.20917],[78.7185,9.1904],[78.65921,9.19253],[78.64266,9.17429],[78.6575,9.15768],[78.57906,9.13113],[78.45617,9.12553],[78.37763,9.08742],[78.22185,8.97168],[78.18671,8.92385],[78.16799,8.87508],[78.15779,8.77088],[78.17958,8.76649],[78.18408,8.78976],[78.19687,8.78858],[78.19822,8.76505],[78.22906,8.74846],[78.19877,8.76445],[78.19898,8.75269],[78.22585,8.74819],[78.17305,8.74595],[78.13731,8.69138],[78.12743,8.64603],[78.13865,8.58868],[78.12326,8.52248],[78.13011,8.49608],[78.06657,8.41972],[78.05615,8.38501],[78.06761,8.37315],[77.97362,8.3337],[77.87643,8.26683],[77.80105,8.23854],[77.77955,8.19944],[77.74528,8.177],[77.57865,8.13726],[77.55904,8.11957],[77.5655,8.0923],[77.55125,8.07724],[77.31549,8.1218],[77.29651,8.14857],[77.23851,8.17537],[76.98656,8.37573],[76.78576,8.63145],[76.79718,8.63674],[76.78264,8.64139],[76.77704,8.66049],[76.78602,8.63351],[76.6995,8.73832],[76.67452,8.7811],[76.67558,8.81151],[76.67566,8.77767],[76.61416,8.85548],[76.54668,8.90245],[76.53563,8.9337],[76.56089,8.931],[76.57229,8.89533],[76.57664,8.90399],[76.58792,8.89192],[76.58468,8.90417],[76.60588,8.91325],[76.61638,8.90787],[76.61987,8.93265],[76.57952,8.90399],[76.58847,8.92345],[76.5737,8.9061],[76.56642,8.92247],[76.60184,8.93661],[76.5899,8.94542],[76.57073,8.92982],[76.5947,8.94934],[76.59821,8.97395],[76.60754,8.95272],[76.60845,8.97109],[76.62319,8.96838],[76.62704,8.94971],[76.64325,8.95394],[76.62863,8.95761],[76.63023,8.97264],[76.6483,8.95934],[76.65743,8.96865],[76.65646,8.95588],[76.66787,8.96311],[76.65944,8.97019],[76.66706,8.97866],[76.65096,8.97049],[76.62846,8.98296],[76.65904,8.98243],[76.66431,8.99955],[76.64509,8.99203],[76.64282,9.0048],[76.609,8.97763],[76.58709,9.00107],[76.56361,8.95154],[76.54719,8.96088],[76.57175,8.97701],[76.56791,8.9876],[76.53384,8.96094],[76.55361,8.9472],[76.53551,8.93579],[76.51788,9.01827],[76.37646,9.31936],[76.32461,9.45959],[76.28361,9.7505],[76.23792,9.96577],[76.25193,9.96908],[76.26519,9.93475],[76.29524,9.91739],[76.29669,9.89335],[76.28802,9.90963],[76.27256,9.90018],[76.2636,9.92197],[76.26974,9.90049],[76.25612,9.90898],[76.26938,9.86551],[76.28701,9.8992],[76.29681,9.85432],[76.28267,9.85132],[76.28812,9.82997],[76.28836,9.8468],[76.30212,9.85225],[76.29664,9.89009],[76.319,9.87601],[76.32373,9.79325],[76.34029,9.76274],[76.34533,9.71252],[76.37234,9.68474],[76.40567,9.67221],[76.41371,9.69676],[76.38355,9.70236],[76.39068,9.74302],[76.36836,9.78829],[76.38995,9.81673],[76.38001,9.8414],[76.39546,9.83009],[76.39022,9.8505],[76.38537,9.86054],[76.38849,9.84477],[76.37539,9.84926],[76.36431,9.89264],[76.33883,9.92216],[76.32364,9.91527],[76.33548,9.88463],[76.31866,9.88887],[76.30559,9.93658],[76.29752,9.94275],[76.30393,9.92583],[76.27276,9.98421],[76.22409,9.97579],[76.16343,10.17623],[76.17703,10.18403],[76.16267,10.18772],[76.16193,10.17735],[76.07611,10.43384],[75.9082,10.78631],[75.8315,11.11086],[75.8135,11.14942],[75.79607,11.15581],[75.80384,11.16074],[75.71521,11.39285],[75.68112,11.45017],[75.61727,11.47659],[75.55876,11.64661],[75.5071,11.73258],[75.45409,11.77063],[75.38433,11.85653],[75.35507,11.85984],[75.24512,12.01134],[75.22861,12.02151],[75.20043,12.00715],[75.06355,12.34059],[74.98052,12.48519],[74.824,12.84422],[74.80625,12.92094],[74.81524,12.91651],[74.82036,12.93075],[74.80438,12.93222],[74.71604,13.31385],[74.69051,13.34875],[74.69705,13.4068],[74.66743,13.6291],[74.67822,13.60423],[74.68405,13.63668],[74.70651,13.63406],[74.70122,13.61526],[74.72258,13.62123],[74.7062,13.62479],[74.70871,13.6377],[74.74991,13.63971],[74.70448,13.64881],[74.7064,13.66098],[74.68355,13.671],[74.69576,13.68455],[74.6813,13.67465],[74.70407,13.69254],[74.73744,13.691],[74.68408,13.68873],[74.66837,13.63479],[74.65125,13.66302],[74.60886,13.86653],[74.58548,13.92224],[74.56878,13.9461],[74.54132,13.95636],[74.54461,13.97776],[74.53207,13.96278],[74.5007,14.02407],[74.46867,14.18965],[74.44151,14.22386],[74.39287,14.4176],[74.38108,14.42374],[74.35413,14.50272],[74.35978,14.51831],[74.30992,14.52137],[74.31106,14.55065],[74.26924,14.62564],[74.28365,14.63058],[74.28086,14.6754],[74.25548,14.70624],[74.29143,14.71975],[74.26975,14.7135],[74.26361,14.72843],[74.26369,14.71228],[74.2336,14.74808],[74.22784,14.7363],[74.20486,14.73649],[74.20497,14.71864],[74.17697,14.74996],[74.15407,14.74625],[74.15628,14.76247],[74.13839,14.78024],[74.11155,14.76119],[74.12283,14.7533],[74.11011,14.75405],[74.12112,14.78031],[74.09254,14.8028],[74.12187,14.80312],[74.12376,14.84086],[74.11144,14.84688],[74.09599,14.8982],[74.04304,14.91751],[74.04317,14.94868],[74.05518,14.95751],[74.0345,14.98311],[74.05218,14.98519],[73.98871,15.02089],[73.96677,15.06612],[73.91211,15.08477],[73.94973,15.14266],[73.88516,15.35135],[73.87065,15.37077],[73.84259,15.3602],[73.80836,15.3771],[73.78349,15.40881],[73.79178,15.41882],[73.80852,15.40029],[73.84033,15.41036],[73.87279,15.39602],[73.90694,15.40963],[73.94861,15.40121],[73.95807,15.38103],[73.95082,15.40387],[73.89489,15.41561],[73.88327,15.43247],[73.862,15.42887],[73.84858,15.45258],[73.80287,15.45036],[73.78739,15.46352],[73.8028,15.46336],[73.81904,15.50059],[73.88928,15.49996],[73.92753,15.52281],[73.93961,15.51582],[73.92897,15.53443],[73.94849,15.54901],[74.00151,15.4989],[73.99908,15.51035],[73.95585,15.54902],[73.9267,15.53775],[73.91072,15.54993],[73.8704,15.51279],[73.84691,15.5102],[73.86554,15.52526],[73.85495,15.52505],[73.8417,15.50617],[73.81463,15.5102],[73.80919,15.49571],[73.77771,15.50057],[73.78505,15.52163],[73.79704,15.51034],[73.78492,15.52207],[73.77585,15.50189],[73.78794,15.4946],[73.7683,15.49106],[73.73199,15.59051],[73.73197,15.60764],[73.7557,15.61691],[73.74821,15.62824],[73.73457,15.61492],[73.72314,15.63009],[73.68862,15.71994],[73.74016,15.72306],[73.70862,15.73555],[73.67953,15.72047],[73.65359,15.74246],[73.66209,15.76544],[73.62586,15.85151],[73.61347,15.85375],[73.58701,15.90922],[73.5341,15.93746],[73.55719,15.94663],[73.5312,15.93267],[73.51014,15.93678],[73.48264,16.03549],[73.45547,16.05384],[73.46215,16.0699],[73.48011,16.07025],[73.45685,16.08141],[73.47467,16.09654],[73.46506,16.10707],[73.47076,16.1563],[73.45855,16.13706],[73.4615,16.08873],[73.43444,16.20062],[73.44533,16.19312],[73.44842,16.22592],[73.46323,16.23026],[73.42902,16.19943],[73.38764,16.35392],[73.36822,16.36278],[73.35611,16.44291],[73.31106,16.54107],[73.33363,16.55905],[73.31748,16.60164],[73.33145,16.60781],[73.35213,16.59381],[73.34082,16.60492],[73.35133,16.62496],[73.33081,16.61978],[73.34017,16.63376],[73.32263,16.63826],[73.33254,16.65121],[73.32781,16.68775],[73.3399,16.68076],[73.34276,16.68967],[73.31893,16.69592],[73.30581,16.72877],[73.31769,16.806],[73.29596,16.81471],[73.28795,16.84323],[73.28587,16.88004],[73.31645,16.88622],[73.30485,16.89694],[73.27761,16.89156],[73.28216,16.95083],[73.29459,16.98265],[73.30639,16.98193],[73.27127,16.98679],[73.28346,17.01107],[73.27517,17.02365],[73.25771,17.01913],[73.25586,17.04615],[73.28905,17.02366],[73.28758,17.0034],[73.29673,17.02073],[73.28023,17.03179],[73.28427,17.04105],[73.32169,17.03496],[73.29038,17.04762],[73.2785,17.0372],[73.2877,17.07681],[73.29341,17.06759],[73.30644,17.07774],[73.28339,17.07935],[73.25226,17.18801],[73.23062,17.19944],[73.24524,17.19621],[73.24172,17.22552],[73.18956,17.29845],[73.22178,17.30263],[73.22753,17.28115],[73.242,17.31777],[73.21893,17.32847],[73.20655,17.3841],[73.17756,17.38705],[73.16815,17.40306],[73.19719,17.4368],[73.18614,17.44134],[73.19274,17.46695],[73.1769,17.51483],[73.18328,17.50897],[73.1375,17.55548],[73.16926,17.58301],[73.14451,17.60134],[73.12767,17.63682],[73.13493,17.6453],[73.11386,17.68894],[73.13472,17.70841],[73.1285,17.73728],[73.08924,17.81236],[73.09214,17.8422],[73.07052,17.89131],[73.04942,17.90635],[73.05212,17.92956],[73.09016,17.94033],[73.10492,17.93009],[73.08937,17.94144],[73.0416,17.93241],[73.02964,17.944],[73.04021,17.97848],[73.0182,17.99113],[73.00231,18.02109],[73.02418,18.02385],[73.04157,18.04656],[73.0257,18.04799],[73.0177,18.02959],[73.00614,18.05126],[72.99386,18.05039],[73.00036,18.07218],[72.96968,18.13199],[72.98858,18.15821],[72.97821,18.19477],[72.99491,18.1731],[72.99227,18.18833],[73.00245,18.18836],[72.95532,18.21978],[72.9316,18.21992],[72.94294,18.24642],[72.93575,18.28123],[72.96467,18.28054],[72.9723,18.24439],[72.99929,18.2479],[73.06614,18.22436],[73.06948,18.20653],[73.05401,18.2005],[73.05527,18.1871],[73.07659,18.16458],[73.07155,18.15622],[73.09398,18.15412],[73.07813,18.18472],[73.07999,18.23267],[73.06159,18.25088],[73.07072,18.26705],[73.05173,18.28178],[73.05086,18.29876],[73.08153,18.29199],[73.0951,18.2721],[73.08812,18.32344],[73.11874,18.33135],[73.09561,18.33604],[73.06469,18.3038],[73.0441,18.31337],[73.03685,18.29291],[73.05415,18.26996],[73.02795,18.26351],[73.00774,18.28702],[72.99254,18.27241],[72.98119,18.29967],[72.9553,18.31593],[72.97569,18.31642],[72.97831,18.32855],[72.96516,18.31755],[72.93448,18.35032],[72.91753,18.34782],[72.91401,18.37121],[72.93591,18.37606],[72.92423,18.37364],[72.92484,18.38986],[72.90638,18.4032],[72.89466,18.46351],[72.90488,18.50217],[72.91958,18.5043],[72.90874,18.50406],[72.90449,18.53899],[72.91576,18.52877],[72.92928,18.54167],[72.91057,18.5768],[72.91869,18.56435],[72.92192,18.58462],[72.90957,18.60415],[72.90931,18.57868],[72.88346,18.63802],[72.92727,18.60419],[72.89901,18.6359],[72.86998,18.63949],[72.85565,18.69442],[72.86476,18.79699],[72.88389,18.80809],[72.91651,18.78727],[72.94037,18.82994],[72.96243,18.79508],[72.99548,18.77932],[72.95196,18.71712],[72.97872,18.71613],[72.98592,18.70127],[72.97485,18.7009],[72.98925,18.69384],[72.96634,18.7232],[72.96999,18.74754],[72.98323,18.75286],[72.97912,18.7393],[73.02197,18.71179],[73.02566,18.68321],[73.03689,18.67753],[73.02807,18.68911],[73.03987,18.70073],[72.98775,18.74895],[73.00492,18.78592],[72.99425,18.79688],[73.04242,18.79211],[73.07209,18.80928],[73.05628,18.80912],[73.05502,18.8243],[73.04544,18.8112],[73.01343,18.82025],[72.99487,18.81285],[72.98839,18.84573],[72.99961,18.84585],[72.98843,18.86556],[72.94331,18.8455],[72.92563,18.85214],[72.90604,18.88457],[72.91802,18.90994],[72.94128,18.89829],[72.95882,18.91131],[72.94143,18.9438],[72.95543,18.97335],[72.97773,18.96346],[73.01753,18.97722],[73.02253,18.98963],[73.04189,18.97735],[73.03019,19.00371],[73.00253,19.00208],[72.99803,19.04819],[72.97798,19.06398],[72.98995,19.08393],[72.97854,19.10563],[72.98431,19.19272],[73.00987,19.22362],[72.99184,19.27879],[73.01641,19.27546],[73.00259,19.28664],[73.00813,19.31038],[73.04186,19.30174],[73.00192,19.30774],[73.00909,19.27589],[72.96202,19.31116],[72.93735,19.28951],[72.90561,19.29108],[72.87814,19.32925],[72.88341,19.35145],[72.89159,19.34794],[72.87429,19.34337],[72.88384,19.33884],[72.8772,19.32873],[72.85561,19.34083],[72.86703,19.3522],[72.84814,19.35233],[72.84502,19.3631],[72.8615,19.36819],[72.85079,19.3781],[72.84179,19.36126],[72.85479,19.34159],[72.82584,19.35721],[72.84339,19.34274],[72.81703,19.32621],[72.79801,19.32933],[72.77698,19.36048],[72.77468,19.34964],[72.7573,19.38083],[72.77893,19.41636],[72.76796,19.42472],[72.77232,19.40393],[72.76213,19.39531],[72.74718,19.46811],[72.77926,19.49259],[72.82157,19.4911],[72.84297,19.52135],[72.88279,19.52505],[72.85099,19.54082],[72.82664,19.51118],[72.78006,19.50533],[72.78431,19.53906],[72.77244,19.52643],[72.76382,19.54353],[72.78455,19.52433],[72.76796,19.50203],[72.71889,19.5384],[72.71569,19.5919],[72.7654,19.59149],[72.76441,19.60396],[72.78829,19.59563],[72.76899,19.60698],[72.77259,19.62195],[72.7676,19.60928],[72.73078,19.60071],[72.72447,19.62418],[72.74071,19.62876],[72.72043,19.64099],[72.7231,19.62545],[72.71403,19.64207],[72.70961,19.70482],[72.69334,19.7306],[72.72979,19.70945],[72.71116,19.73361],[72.71793,19.75386],[72.73347,19.74733],[72.7359,19.75843],[72.72409,19.75674],[72.73596,19.77285],[72.70875,19.73621],[72.69408,19.73602],[72.68652,19.7892],[72.69337,19.80447],[72.69293,19.77834],[72.69478,19.80038],[72.71406,19.80281],[72.7225,19.82132],[72.6882,19.80467],[72.687,19.79307],[72.68084,19.82439],[72.66121,19.82511],[72.6574,19.81476],[72.65056,19.84088],[72.67912,19.84933],[72.67661,19.86294],[72.68749,19.86574],[72.67874,19.86691],[72.68332,19.90653],[72.66467,19.9346],[72.70652,19.96744],[72.75361,19.93909],[72.74667,19.91995],[72.75804,19.91469],[72.75756,19.88122],[72.76961,19.9048],[72.77041,19.91562],[72.75989,19.9088],[72.75779,19.94172],[72.76405,19.92262],[72.7696,19.95345],[72.73893,19.94383],[72.71635,19.97302],[72.72171,20.03752],[72.71379,20.02944],[72.7076,20.07131],[72.72901,20.07905],[72.73732,20.12652],[72.74527,20.12328],[72.74385,20.13664],[72.73724,20.13167],[72.74683,20.20092],[72.76954,20.20003],[72.75522,20.20405],[72.76495,20.21474],[72.80676,20.1921],[72.78694,20.20864],[72.80735,20.20154],[72.77158,20.21194],[72.77859,20.22593],[72.74729,20.20467],[72.74079,20.2447],[72.75939,20.29796],[72.78255,20.30006],[72.77375,20.30217],[72.77592,20.33421],[72.82211,20.36835],[72.83247,20.44689],[72.85842,20.466],[72.88669,20.51551],[72.88721,20.49801],[72.90909,20.49622],[72.88792,20.50548],[72.88729,20.53186],[72.91991,20.52402],[72.89215,20.53617],[72.90667,20.54303],[72.89449,20.54469],[72.8968,20.55604],[72.89079,20.53589],[72.88563,20.54355],[72.89823,20.57336],[72.88633,20.63107],[72.89422,20.60996],[72.89468,20.6304],[72.92331,20.63555],[72.9008,20.65261],[72.91179,20.65893],[72.89886,20.66443],[72.9081,20.69878],[72.88868,20.68902],[72.89474,20.67596],[72.88656,20.66402],[72.881,20.6709],[72.88679,20.64781],[72.87801,20.6495],[72.85281,20.73267],[72.87023,20.71749],[72.88451,20.73272],[72.89303,20.71018],[72.90838,20.73493],[72.88985,20.73836],[72.90892,20.73512],[72.92064,20.75195],[72.94766,20.7573],[72.91554,20.76489],[72.8935,20.75574],[72.90147,20.7929],[72.8873,20.78784],[72.87603,20.8016],[72.88915,20.81257],[72.87258,20.82292],[72.88635,20.85629],[72.84962,20.83936],[72.85046,20.8193],[72.83666,20.8271],[72.84665,20.80458],[72.82881,20.81104],[72.7908,20.90193],[72.75375,20.94417],[72.72413,21.03643],[72.72622,21.05241],[72.73434,21.04132],[72.75615,21.04946],[72.75509,21.02834],[72.78436,21.05138],[72.81635,21.03201],[72.83543,21.04512],[72.84276,21.0308],[72.86929,21.05542],[72.88289,21.05392],[72.86874,21.05593],[72.84303,21.03193],[72.83557,21.04618],[72.82417,21.0334],[72.7984,21.04602],[72.79992,21.08446],[72.821,21.09113],[72.81851,21.10741],[72.81105,21.10092],[72.82044,21.09144],[72.80812,21.09638],[72.7904,21.06568],[72.76374,21.07247],[72.75238,21.06267],[72.70541,21.07709],[72.70963,21.13287],[72.8155,21.19268],[72.80629,21.22017],[72.80816,21.19123],[72.73608,21.14396],[72.6658,21.15441],[72.65732,21.07179],[72.62786,21.07622],[72.61688,21.08491],[72.62155,21.09765],[72.61364,21.09086],[72.62036,21.14077],[72.63183,21.12665],[72.64634,21.14551],[72.63203,21.13103],[72.61837,21.15361],[72.63164,21.19034],[72.62208,21.18738],[72.62211,21.21131],[72.62959,21.19803],[72.64858,21.21207],[72.65212,21.19668],[72.66428,21.22631],[72.67505,21.20433],[72.6712,21.22203],[72.6838,21.20548],[72.69627,21.20771],[72.66774,21.23176],[72.63099,21.23099],[72.63477,21.25934],[72.60744,21.24482],[72.60897,21.2348],[72.59801,21.25086],[72.59917,21.26348],[72.61789,21.26066],[72.6156,21.28302],[72.6303,21.29146],[72.59883,21.29307],[72.60158,21.31833],[72.62687,21.31689],[72.62056,21.34151],[72.64234,21.34516],[72.63809,21.35346],[72.65947,21.33909],[72.67967,21.34722],[72.64812,21.34472],[72.64887,21.3751],[72.62655,21.37067],[72.62857,21.38151],[72.64587,21.39976],[72.65828,21.39659],[72.66796,21.42735],[72.68928,21.43485],[72.70252,21.46682],[72.73095,21.46],[72.73956,21.47183],[72.75098,21.4447],[72.76294,21.4531],[72.7847,21.44129],[72.78624,21.42111],[72.81863,21.42449],[72.78596,21.42201],[72.7851,21.44207],[72.76483,21.45531],[72.75288,21.44627],[72.73673,21.47706],[72.64411,21.4404],[72.69139,21.51878],[72.738,21.53756],[72.74672,21.5692],[72.74256,21.5806],[72.7455,21.5679],[72.72312,21.53903],[72.69788,21.53457],[72.69603,21.54766],[72.68562,21.54495],[72.69311,21.55818],[72.65956,21.54021],[72.64429,21.549],[72.64282,21.53766],[72.61829,21.54915],[72.61403,21.56581],[72.62666,21.56754],[72.61594,21.56687],[72.61029,21.58403],[72.63642,21.59315],[72.64377,21.57727],[72.62344,21.59631],[72.62998,21.61673],[72.67471,21.62509],[72.70161,21.64669],[72.7202,21.63755],[72.81354,21.65438],[72.75095,21.67838],[72.76714,21.7172],[72.75199,21.68212],[72.73699,21.69041],[72.71211,21.67926],[72.60413,21.6825],[72.55498,21.65849],[72.52772,21.67494],[72.52535,21.7009],[72.53772,21.73428],[72.55856,21.7315],[72.54598,21.73491],[72.55786,21.78964],[72.56972,21.79676],[72.56427,21.80955],[72.58975,21.81816],[72.57206,21.81352],[72.61091,21.84917],[72.62567,21.90024],[72.64087,21.91076],[72.63003,21.94673],[72.67113,21.95421],[72.70422,21.93263],[72.72529,21.95355],[72.70873,21.95143],[72.69739,21.96609],[72.63461,21.95884],[72.57695,21.91674],[72.58346,21.89732],[72.54531,21.87874],[72.52019,21.88866],[72.53056,21.89525],[72.52183,21.88997],[72.50843,21.91524],[72.50629,21.94274],[72.5175,21.94883],[72.50922,21.96492],[72.54544,22.14368],[72.58643,22.20294],[72.64939,22.21526],[72.70169,22.18373],[72.75899,22.17143],[72.81194,22.24511],[72.88416,22.22782],[72.83997,22.26804],[72.82238,22.26712],[72.84016,22.27971],[72.7573,22.23165],[72.70176,22.27155],[72.58111,22.29715],[72.58964,22.32932],[72.57573,22.34992],[72.55952,22.34274],[72.54598,22.35838],[72.53332,22.35459],[72.53991,22.32172],[72.49093,22.32782],[72.4929,22.37223],[72.48946,22.33256],[72.46618,22.33554],[72.48623,22.32788],[72.48197,22.31855],[72.34129,22.24649],[72.3285,22.22536],[72.30266,22.23105],[72.29311,22.18867],[72.28651,22.20168],[72.26577,22.20287],[72.29726,22.18153],[72.28283,22.16303],[72.29418,22.14752],[72.27171,22.15281],[72.2723,22.13609],[72.26825,22.1458],[72.2361,22.13754],[72.26077,22.11866],[72.25078,22.12133],[72.24689,22.10814],[72.26365,22.09093],[72.25184,22.09485],[72.25015,22.08221],[72.24367,22.08905],[72.23734,22.07376],[72.22071,22.0727],[72.21479,22.01229],[72.19077,22.03846],[72.19745,22.08136],[72.18693,22.09858],[72.17771,22.09663],[72.19452,22.08192],[72.17673,22.05599],[72.14514,22.08337],[72.1411,22.12535],[72.1305,22.10564],[72.1006,22.10317],[72.167,22.05401],[72.13272,22.04317],[72.16445,21.99981],[72.20162,21.98665],[72.19812,21.95909],[72.18997,21.9463],[72.16789,21.96493],[72.17217,21.98456],[72.14681,21.98567],[72.12026,22.02528],[72.10065,22.01356],[72.06913,22.05609],[72.05065,22.04951],[72.06993,22.03288],[72.0307,22.03105],[72.03128,22.0221],[72.05652,22.02781],[72.10043,22.01313],[72.09657,21.98818],[72.12634,21.98026],[72.12441,21.99067],[72.1369,21.99195],[72.12543,21.97612],[72.15642,21.96769],[72.06499,21.98638],[72.07553,21.97024],[72.1042,21.96774],[72.08699,21.96259],[72.10854,21.94677],[72.06068,21.94103],[72.08888,21.93742],[72.08511,21.9196],[72.10218,21.92068],[72.10323,21.90989],[72.11623,21.92118],[72.10815,21.91152],[72.12613,21.90875],[72.11215,21.9049],[72.12935,21.90063],[72.15484,21.94258],[72.2197,21.94468],[72.2561,21.88321],[72.26071,21.74823],[72.24807,21.7941],[72.21485,21.80522],[72.20145,21.82557],[72.18569,21.82791],[72.15362,21.80517],[72.12638,21.82043],[72.15201,21.80397],[72.19479,21.82643],[72.24242,21.78909],[72.25498,21.73362],[72.30644,21.62802],[72.27184,21.57809],[72.25132,21.4941],[72.21241,21.4227],[72.11245,21.30807],[72.11501,21.33127],[72.09971,21.32766],[72.10659,21.3126],[72.08005,21.33606],[72.09856,21.31606],[72.07026,21.33126],[72.11199,21.29648],[72.08452,21.24842],[72.07371,21.26109],[72.11101,21.19871],[72.01836,21.15452],[72.00971,21.13469],[71.9969,21.14589],[72.01164,21.17511],[71.98528,21.15433],[72.00355,21.14075],[71.97803,21.13465],[71.9756,21.1226],[71.89611,21.1097],[71.79489,21.04824],[71.79672,21.05824],[71.7798,21.06238],[71.77927,21.04849],[71.80621,21.03853],[71.77715,21.03798],[71.75771,21.05347],[71.78196,21.03121],[71.65143,20.99534],[71.62824,20.96984],[71.6036,20.98695],[71.59952,20.9726],[71.61148,20.96727],[71.5333,20.9449],[71.59881,20.99513],[71.61007,20.98616],[71.64876,21.00709],[71.57194,21.01007],[71.5648,20.99281],[71.55574,21.00826],[71.53087,20.99551],[71.50633,21.00308],[71.51869,20.98822],[71.51226,20.9806],[71.55243,20.96662],[71.5189,20.95207],[71.50884,20.97267],[71.51166,20.96105],[71.49544,20.94971],[71.51902,20.95091],[71.50532,20.93413],[71.51555,20.92368],[71.47269,20.92354],[71.48245,20.91748],[71.47518,20.90896],[71.48704,20.91355],[71.47706,20.89002],[71.43757,20.86897],[71.37294,20.86846],[71.35855,20.88475],[71.38451,20.89906],[71.37971,20.91585],[71.38932,20.91726],[71.37221,20.92378],[71.37691,20.89479],[71.36488,20.89573],[71.36722,20.90547],[71.35277,20.89203],[71.33586,20.89638],[71.35561,20.88067],[71.31381,20.88742],[71.3027,20.87676],[71.33785,20.88349],[71.33072,20.86518],[71.35041,20.88087],[71.38732,20.86041],[71.32031,20.84667],[71.20457,20.79518],[71.2289,20.81211],[71.22387,20.8235],[71.2116,20.80795],[71.17292,20.80253],[71.17139,20.79084],[71.19758,20.80402],[71.20728,20.79385],[71.15533,20.77778],[71.14876,20.75856],[71.091,20.75734],[71.07814,20.73742],[71.00998,20.73838],[70.98703,20.72146],[71.00251,20.74926],[70.89847,20.74542],[70.91405,20.74358],[70.87256,20.73052],[70.86469,20.75802],[70.84567,20.76904],[70.82454,20.74198],[70.8504,20.75277],[70.86948,20.72425],[70.8532,20.7131],[70.8739,20.70541],[70.8328,20.69699],[70.85193,20.72135],[70.82801,20.71131],[70.8386,20.69056],[70.82803,20.69032],[70.70467,20.73836],[70.6745,20.76558],[70.66583,20.75278],[70.61467,20.77033],[70.44761,20.84829],[70.37521,20.89832],[70.38133,20.90831],[70.37382,20.89588],[70.34551,20.91606],[70.35187,20.92271],[70.32068,20.92771],[70.1586,21.05467],[70.05067,21.15296],[69.61359,21.62706],[69.59051,21.63925],[69.59092,21.61729],[69.58968,21.63496],[69.21879,21.95612],[68.95759,22.2382],[68.96021,22.25829],[68.93639,22.31158],[68.98439,22.41355],[69.06795,22.48013],[69.08356,22.47399],[69.07388,22.45403],[69.04286,22.43741],[69.05376,22.40968],[69.04587,22.4008],[69.06386,22.38908],[69.09902,22.39537],[69.109,22.40978],[69.1292,22.38968],[69.17659,22.42375],[69.19514,22.4209],[69.1998,22.39128],[69.17556,22.37638],[69.18275,22.37199],[69.15777,22.31435],[69.19019,22.24389],[69.19602,22.25817],[69.23666,22.24937],[69.27238,22.26926],[69.26489,22.25705],[69.28811,22.24825],[69.28206,22.26835],[69.29537,22.27991],[69.29756,22.26858],[69.30891,22.27422],[69.30064,22.28672],[69.33106,22.28113],[69.3383,22.30029],[69.42457,22.28194],[69.44954,22.30633],[69.44699,22.28754],[69.46303,22.28493],[69.45673,22.30451],[69.46112,22.29188],[69.46171,22.30501],[69.47468,22.2921],[69.47968,22.29955],[69.4601,22.32021],[69.49295,22.3353],[69.4915,22.35487],[69.51453,22.37089],[69.56005,22.36649],[69.54017,22.34416],[69.58006,22.35201],[69.56561,22.33815],[69.56825,22.30802],[69.58401,22.30526],[69.58158,22.31827],[69.58816,22.30512],[69.59376,22.319],[69.58844,22.30537],[69.60123,22.31923],[69.60949,22.31045],[69.62139,22.37219],[69.6583,22.3342],[69.65392,22.34426],[69.6683,22.34188],[69.65839,22.35222],[69.6616,22.38671],[69.68017,22.39294],[69.7017,22.37856],[69.71836,22.44285],[69.67624,22.43891],[69.67187,22.45077],[69.67432,22.44175],[69.70286,22.44395],[69.7282,22.47074],[69.7154,22.46037],[69.74169,22.4291],[69.73762,22.41779],[69.75715,22.42053],[69.75903,22.43442],[69.771,22.42124],[69.78131,22.35863],[69.77934,22.37794],[69.78247,22.36712],[69.79733,22.37683],[69.79648,22.39665],[69.81171,22.39735],[69.83352,22.45091],[69.86958,22.44288],[69.87415,22.42148],[69.87623,22.44361],[69.89544,22.45934],[69.91472,22.44211],[69.92128,22.45006],[69.90744,22.43057],[69.92327,22.4364],[69.93418,22.4541],[69.92075,22.45341],[69.91833,22.48586],[69.93406,22.4765],[69.94627,22.48055],[69.9394,22.48754],[69.96182,22.48548],[69.96729,22.47476],[69.97757,22.47907],[69.96504,22.48996],[69.98585,22.51494],[70.00244,22.51007],[70.01645,22.53135],[70.03129,22.51375],[70.03058,22.54954],[70.04309,22.55384],[70.04447,22.57133],[70.04254,22.55538],[70.05972,22.53609],[70.07845,22.5397],[70.06875,22.52059],[70.09301,22.53999],[70.11849,22.5384],[70.10911,22.54374],[70.12072,22.53941],[70.10338,22.52022],[70.11621,22.53069],[70.11806,22.51961],[70.13582,22.52322],[70.12615,22.54324],[70.14016,22.54507],[70.13313,22.53237],[70.14261,22.539],[70.14718,22.52198],[70.14599,22.54618],[70.17534,22.54263],[70.19993,22.61401],[70.22139,22.62723],[70.23176,22.65521],[70.23882,22.63817],[70.25728,22.65501],[70.25518,22.68335],[70.27165,22.6791],[70.2704,22.6943],[70.28365,22.68698],[70.26491,22.70078],[70.29046,22.70366],[70.27846,22.72615],[70.31623,22.75789],[70.32757,22.75381],[70.32191,22.74227],[70.27929,22.72589],[70.28308,22.71582],[70.2962,22.72356],[70.30552,22.71203],[70.29766,22.73166],[70.31827,22.73973],[70.32826,22.7103],[70.37964,22.7154],[70.38055,22.7652],[70.40271,22.7735],[70.38088,22.78399],[70.39737,22.79453],[70.41366,22.78576],[70.40125,22.79436],[70.41062,22.81436],[70.42797,22.80031],[70.43402,22.82187],[70.46639,22.82338],[70.47434,22.87839],[70.49021,22.8821],[70.48343,22.90945],[70.50034,22.90646],[70.4859,22.91998],[70.51042,22.90096],[70.49771,22.91961],[70.52135,22.90909],[70.52987,22.92548],[70.51769,22.94233],[70.53259,22.94528],[70.46813,22.94666],[70.44359,22.96088],[70.55575,22.95329],[70.51611,22.96294],[70.53235,22.97308],[70.52134,22.98271],[70.53687,22.97972],[70.54148,22.99409],[70.51839,22.99252],[70.51354,23.0062],[70.5329,23.02223],[70.55051,23.00507],[70.54843,23.01796],[70.57287,23.03973],[70.59179,23.02483],[70.59996,23.04911],[70.58088,23.05831],[70.61155,23.06521],[70.59328,23.07208],[70.61435,23.08976],[70.62116,23.07733],[70.6431,23.0977],[70.65679,23.09125],[70.64575,23.10938],[70.70311,23.13451],[70.69114,23.14545],[70.71244,23.14663],[70.72507,23.16541],[70.70561,23.15623],[70.69614,23.17782],[70.71436,23.18766],[70.72219,23.1796],[70.72222,23.19311],[70.73552,23.17765],[70.72838,23.19549],[70.74874,23.15588],[70.74161,23.17449],[70.75241,23.18094],[70.76627,23.15504],[70.79627,23.17143],[70.79575,23.1533],[70.81545,23.15976],[70.80894,23.14105],[70.83533,23.12762],[70.81356,23.11166],[70.82898,23.11071],[70.8317,23.09523],[70.86445,23.13011],[70.8815,23.12553],[70.88099,23.1393],[70.90509,23.13142],[70.88955,23.14448],[70.89579,23.16229],[70.93919,23.16125],[70.94958,23.14864],[70.9333,23.1388],[70.9675,23.13683],[70.95411,23.14421],[70.95407,23.17033],[70.96963,23.16795],[70.96443,23.15527],[70.985,23.17251],[71.04765,23.17403],[71.10853,23.22263],[71.16381,23.19717],[71.16661,23.18105],[71.18291,23.19099],[71.23548,23.17186],[71.22516,23.15373],[71.31673,23.18689],[71.37302,23.1755],[71.5187,23.18289],[71.71565,23.13807],[71.62089,23.17131],[71.62631,23.16428],[71.49123,23.1868],[71.51458,23.20032],[71.50581,23.23776],[71.52059,23.23907],[71.49003,23.24213],[71.46371,23.27985],[71.48495,23.24607],[71.47353,23.23853],[71.4804,23.23328],[71.45945,23.24506],[71.44534,23.23434],[71.41983,23.2404],[71.41413,23.23303],[71.42836,23.22689],[71.41422,23.22248],[71.39555,23.23691],[71.40343,23.22624],[71.38624,23.21467],[71.39572,23.1996],[71.39624,23.21362],[71.40074,23.20056],[71.41139,23.20425],[71.41308,23.19008],[71.31597,23.20749],[71.21239,23.20615],[71.22372,23.21783],[71.21781,23.23927],[71.23748,23.25816],[71.28844,23.27453],[71.39424,23.35065],[71.34276,23.35491],[71.33781,23.34237],[71.32438,23.35544],[71.29292,23.34085],[71.27546,23.34664],[71.24261,23.32382],[71.25325,23.34348],[71.24271,23.34621],[71.26419,23.36365],[71.25936,23.38328],[71.27457,23.40055],[71.36238,23.42952],[71.30822,23.42013],[71.29249,23.42937],[71.27618,23.42112],[71.2766,23.4296],[71.26247,23.41823],[71.27166,23.43405],[71.24744,23.42012],[71.23495,23.43998],[71.25129,23.46625],[71.27277,23.47468],[71.27203,23.51252],[71.30952,23.52637],[71.29047,23.53823],[71.30332,23.53907],[71.29692,23.55615],[71.31342,23.57417],[71.29057,23.56049],[71.21738,23.55679],[71.20484,23.57446],[71.18937,23.56722],[71.17529,23.6109],[71.16755,23.59866],[71.16362,23.61415],[71.1188,23.62301],[71.14765,23.62827],[71.09607,23.61637],[71.11109,23.63006],[71.09461,23.62951],[71.09354,23.60611],[71.08128,23.59881],[71.04746,23.63271],[71.05106,23.66638],[71.08098,23.6863],[71.06979,23.68517],[71.06037,23.70794],[71.05534,23.73502],[71.07015,23.73482],[71.04986,23.75105],[71.05363,23.78599],[71.03945,23.80033],[71.06897,23.81898],[71.05548,23.84129],[71.06489,23.87024],[71.09291,23.90782],[71.16344,23.94145],[71.15448,23.94106],[71.20689,23.96103],[71.24467,23.96035],[71.24435,23.97399],[71.27123,23.99804],[71.2589,24.00542],[71.27084,24.03175],[71.25754,24.03992],[71.27021,24.05928],[71.2339,24.05004],[71.24579,24.08898],[71.21567,24.08144],[71.20525,24.09497],[71.22646,24.12219],[71.11713,24.12195],[71.13407,24.13766],[71.12218,24.13937],[71.12432,24.15002],[71.14537,24.14265],[71.13596,24.15024],[71.14863,24.16164],[71.13104,24.16626],[71.13564,24.19013],[71.14395,24.18384],[71.14229,24.2101],[71.15274,24.20635],[71.15688,24.2189],[71.13404,24.22862],[71.10687,24.21446],[71.08394,24.25337],[71.0735,24.24991],[71.08821,24.263],[71.04192,24.25805],[71.04229,24.2698],[71.03468,24.2615],[71.03032,24.26966],[71.02145,24.25936],[71.01601,24.26998],[71.01959,24.23031],[70.98963,24.21629],[70.94362,24.25368],[70.93066,24.25024],[70.93635,24.27385],[70.95102,24.27829],[70.92887,24.28063],[70.95174,24.28883],[70.93968,24.2895],[70.89547,24.28079],[70.91592,24.25944],[70.83484,24.24217],[70.83608,24.23083],[70.80705,24.2214],[70.73516,24.21709],[70.73611,24.22557],[70.71436,24.21501],[70.67219,24.22989],[70.66868,24.21938],[70.67054,24.23222],[70.66646,24.22094],[70.65653,24.23443],[70.64489,24.22375],[70.57086,24.2513],[70.58529,24.27777],[70.65056,24.24139],[70.79083,24.23944],[70.88583,24.27444],[70.86556,24.295],[70.86444,24.31694],[70.94167,24.36917],[70.96944,24.37444],[71.01778,24.36167],[71.027,24.34686],[71.05861,24.36068],[71.085,24.39323],[71.12108,24.40147],[71.12736,24.4209],[71.09278,24.44333],[71.00611,24.45806],[70.99583,24.48083],[71.00556,24.54083],[70.98056,24.55528],[70.97694,24.59639],[71.00875,24.63791],[71.05754,24.65071],[71.09926,24.68759],[71.06675,24.718],[71.01255,24.83692],[70.9389,24.93941],[70.88987,25.1484],[70.75286,25.27857],[70.7382,25.33298],[70.66638,25.39717],[70.67971,25.52286],[70.66863,25.53099],[70.67538,25.67595],[70.66114,25.70287],[70.60812,25.71587],[70.52979,25.68461],[70.38743,25.67499],[70.26993,25.7144],[70.24872,25.76186],[70.17553,25.82909],[70.10139,25.93851],[70.08542,26.08192],[70.14241,26.15562],[70.17688,26.25086],[70.165,26.2943],[70.18692,26.37469],[70.17525,26.55243],[70.11828,26.58801],[70.05602,26.60187],[69.88689,26.56735],[69.7929,26.59941],[69.7312,26.65077],[69.51144,26.74431],[69.48589,26.80504],[69.51516,27.00978],[69.58722,27.18051],[69.86397,27.40137],[69.93478,27.49689],[70.02741,27.56201],[70.1335,27.80481],[70.22849,27.90093],[70.29745,27.9352],[70.37303,28.01062],[70.50588,28.03556],[70.5887,28.00909],[70.67586,27.9213],[70.68288,27.82763],[70.73843,27.74142],[70.75863,27.71968],[70.87182,27.70317],[70.96319,27.72792],[71.20305,27.83369],[71.38314,27.87115],[71.66563,27.87588],[71.89896,27.96008],[71.92903,28.12161],[72.00572,28.21819],[72.13198,28.31121],[72.20766,28.3938],[72.30073,28.66921],[72.38875,28.76678],[72.73356,28.94688],[72.94653,29.02671],[73.00555,29.15226],[73.06447,29.20335],[73.28354,29.57151],[73.39859,29.94504],[73.59911,30.01808],[73.80729,30.06688],[73.97431,30.1978],[73.96125,30.27051],[73.93246,30.32079],[73.88254,30.35985],[73.96517,30.42371],[73.97447,30.44518],[73.9277,30.43909],[73.93985,30.44496],[73.93343,30.46278],[73.96444,30.45503],[73.96888,30.48366],[73.98867,30.50773],[74.02045,30.51356],[74.01262,30.52414],[74.074,30.52321],[74.09196,30.54939],[74.07675,30.55644],[74.10279,30.57787],[74.09931,30.61245],[74.11704,30.6068],[74.1946,30.66386],[74.23342,30.72164],[74.28206,30.72999],[74.26155,30.77199],[74.30264,30.77838],[74.30877,30.79011],[74.29815,30.79988],[74.32398,30.84684],[74.36408,30.846],[74.38341,30.85944],[74.36259,30.87415],[74.36788,30.88491],[74.39768,30.90813],[74.42419,30.90725],[74.42747,30.94007],[74.45583,30.95516],[74.49893,30.95335],[74.52704,30.98366],[74.55141,30.98689],[74.54047,31.00855],[74.56326,31.04842],[74.58418,31.05147],[74.5966,31.03624],[74.65948,31.04868],[74.70016,31.07683],[74.68953,31.12932],[74.6699,31.12535],[74.65961,31.13593],[74.63692,31.11948],[74.63122,31.13437],[74.60301,31.13532],[74.59533,31.12583],[74.60821,31.09867],[74.5704,31.08283],[74.55261,31.08756],[74.55007,31.123],[74.51273,31.13252],[74.51283,31.18054],[74.52733,31.20589],[74.51926,31.22811],[74.53438,31.24965],[74.52227,31.26902],[74.54325,31.30291],[74.53547,31.31165],[74.55443,31.36477],[74.58681,31.38052],[74.59681,31.41408],[74.62358,31.42875],[74.63932,31.41533],[74.65574,31.42545],[74.64107,31.44125],[74.65453,31.45436],[74.63794,31.48512],[74.58574,31.49875],[74.58654,31.51934],[74.61456,31.5261],[74.61759,31.56938],[74.58593,31.58081],[74.57316,31.60541],[74.54459,31.60996],[74.54989,31.64479],[74.53475,31.681],[74.47278,31.72057],[74.49508,31.74064],[74.55172,31.75313],[74.54414,31.77632],[74.55574,31.82761],[74.58027,31.84367],[74.599,31.88515],[74.62665,31.88292],[74.65966,31.91815],[74.70917,31.91949],[74.70738,31.93554],[74.73949,31.93867],[74.74574,31.9516],[74.80907,31.95517],[74.81844,31.99754],[74.84565,32.00914],[74.84029,32.02029],[74.86527,32.02385],[74.86215,32.04526],[74.87954,32.05195],[74.93351,32.06417],[74.99907,32.03411],[75.05795,32.06221],[75.09229,32.05954],[75.11637,32.08273],[75.14447,32.08273],[75.16454,32.06801],[75.18506,32.08362],[75.19332,32.11525],[75.21212,32.11909],[75.2332,32.0843],[75.27198,32.11269],[75.28542,32.14364],[75.31005,32.15522],[75.31689,32.19252],[75.33361,32.20456],[75.31765,32.21805],[75.37984,32.23231],[75.38407,32.27168],[75.32138,32.29715],[75.33765,32.3218],[75.32206,32.34393],[75.28994,32.35643],[75.29048,32.37052],[75.19755,32.4043],[75.18817,32.42487],[75.13957,32.41456],[75.08248,32.48012],[75.03654,32.49217],[74.97945,32.44757],[74.93351,32.46764],[74.89961,32.4663],[74.8771,32.49384],[74.86778,32.48529],[74.81968,32.49809],[74.81241,32.48036],[74.72689,32.47607],[74.71164,32.47832],[74.70886,32.49354],[74.68121,32.49272],[74.69017,32.53418],[74.66202,32.54569],[74.67478,32.56548],[74.65238,32.56549],[74.65978,32.59709],[74.64216,32.60033],[74.63891,32.61425],[74.65506,32.61485],[74.65543,32.63664],[74.69535,32.66037],[74.65703,32.70409],[74.66403,32.725],[74.65497,32.72907],[74.70536,32.81722],[74.70525,32.84197],[74.63738,32.81437],[74.65799,32.78684],[74.63261,32.77667],[74.63724,32.75177],[74.61753,32.7615],[74.57947,32.74977],[74.56559,32.76007],[74.54508,32.74668],[74.45972,32.78099],[74.40861,32.77167],[74.38804,32.80345],[74.34663,32.77609],[74.32754,32.78296],[74.31469,32.82042],[74.18349,32.8657],[74.13494,32.89973],[74.06336,32.91301],[74.06039,32.93431],[74.02782,32.93055],[74.00646,32.94828],[73.96382,32.94337],[73.926,33.00151],[73.89191,32.99554],[73.83875,33.01274],[73.79903,33.00061],[73.78064,32.97692],[73.76135,32.99175],[73.74944,33.05285],[73.66719,33.07508],[73.63567,33.09969],[73.63037,33.13836],[73.66084,33.16709],[73.66774,33.20558],[73.63661,33.2101],[73.63885,33.2268],[73.62391,33.23454],[73.56587,33.36998],[73.60147,33.41914],[73.58654,33.42471],[73.59477,33.43865],[73.6307,33.44902],[73.60243,33.49734],[73.61824,33.49778],[73.61033,33.51177],[73.63976,33.52519],[73.62298,33.54115],[73.62918,33.56951],[73.60603,33.58747],[73.60942,33.6041],[73.5983,33.59952],[73.5677,33.61929],[73.57915,33.63863],[73.56702,33.66688],[73.60101,33.70145],[73.60675,33.72595],[73.59894,33.75033],[73.55961,33.78134],[73.59385,33.88827],[73.54617,33.94077],[73.51369,34.00131],[73.49008,34.12647],[73.49629,34.20758],[73.47187,34.25834],[73.48169,34.28592],[73.4537,34.27718],[73.45938,34.28991],[73.42261,34.33682],[73.4295,34.34353],[73.40631,34.34711],[73.39044,34.3751],[73.43082,34.47416],[73.44832,34.56305],[73.58167,34.58777],[73.62498,34.56388],[73.6411,34.56694],[73.67442,34.64583],[73.6636,34.69444],[73.7036,34.72471],[73.72638,34.77527],[73.83388,34.82694],[73.90776,34.82666],[73.98305,34.86749],[74.05165,34.95555],[74.05582,34.9961],[74.08527,35.01833],[74.06026,35.07471],[74.12649,35.12463],[74.08028,35.1511],[74.03166,35.14332],[74.00833,35.16944],[73.95526,35.18333],[73.91554,35.20943],[73.84972,35.20777],[73.79999,35.23777],[73.72665,35.22137],[73.69887,35.30193],[73.70194,35.39471],[73.715,35.42055],[73.76082,35.4461],[73.80678,35.50411],[73.78027,35.52249],[73.41443,35.57332],[73.2811,35.61389],[73.13611,35.70889],[73.11165,35.76],[73.12414,35.8386],[73.09248,35.86028],[73.0636,35.86277],[72.97638,35.83388],[72.8111,35.85722],[72.67693,35.8175],[72.57027,35.8486],[72.54915,35.8811],[72.51277,35.90027],[72.56694,36.00751],[72.51859,36.09055],[72.54385,36.14471],[72.53941,36.1972],[72.55276,36.23136],[72.59637,36.2644],[72.66331,36.2594],[72.70701,36.27311],[72.73509,36.29906],[72.75745,36.29734],[72.823,36.35915],[72.85464,36.36432],[72.87462,36.38712],[72.86713,36.41134],[72.88271,36.42599],[72.87855,36.43853],[72.89841,36.45565],[72.98061,36.45795],[72.9799,36.51237],[73.04889,36.52967],[73.0565,36.56551],[73.07649,36.57134],[73.07815,36.59187],[73.09695,36.60677],[73.0728,36.62529],[73.06899,36.67921],[73.1086,36.68561],[73.17391,36.72652],[73.23779,36.70707],[73.30821,36.70306],[73.34485,36.71765],[73.34318,36.73691],[73.44358,36.72118],[73.46535,36.73681],[73.50008,36.71346],[73.51781,36.72614],[73.52494,36.71355],[73.57954,36.72433],[73.59489,36.69486],[73.67483,36.69009],[73.71456,36.7146],[73.79901,36.69972],[73.82411,36.71155],[73.88252,36.70335],[73.88181,36.76922],[73.84826,36.7918],[73.8002,36.79494],[73.79556,36.81961],[73.76416,36.81466],[73.70504,36.83513],[73.65786,36.91074],[73.69158,36.9158],[73.73487,36.90302],[73.75286,36.91216],[73.81506,36.89082],[73.84362,36.92598],[73.89062,36.91297],[73.90761,36.89885],[73.89267,36.87816],[73.93223,36.87474],[73.95643,36.85937],[73.95743,36.84252],[74.04712,36.82625],[74.0653,36.84109],[74.12079,36.83822],[74.17593,36.91652],[74.23972,36.89478],[74.30929,36.91891],[74.31591,36.9383],[74.34711,36.96109],[74.41558,36.97502],[74.42656,37.01115],[74.49148,36.988],[74.50627,36.96602],[74.53405,36.95722],[74.54393,36.97276],[74.51893,37.01737],[74.61515,37.04175],[74.62241,37.05982],[74.66795,37.08242],[74.70197,37.08236],[74.72148,37.05708],[74.71748,37.03737],[74.73921,37.02166],[74.77412,37.02202],[74.79442,37.0311],[74.79899,37.0508],[74.83907,37.05857],[74.8399,37.01754],[74.88018,36.96053],[74.88373,36.93639],[74.90828,36.92945],[74.92045,36.93375],[74.91619,36.94604],[74.93243,36.94635],[74.91697,36.97851],[74.97365,36.99691],[74.9923,36.99098],[75.02925,37.01624],[75.06045,37.00208],[75.11457,37.00678],[75.1436,37.02689],[75.16814,37.00968],[75.15941,36.99014],[75.23342,36.95905],[75.28996,36.97448],[75.3753,36.94684],[75.40173,36.95372],[75.40775,36.93962],[75.38702,36.92755],[75.38561,36.90341],[75.42259,36.88636],[75.43021,36.83138],[75.42086,36.77338],[75.45462,36.72244],[75.46986,36.7172],[75.49926,36.73915],[75.53245,36.72138],[75.53391,36.77144],[75.64032,36.77032],[75.69811,36.74689],[75.7241,36.75118],[75.86485,36.66974],[75.88817,36.63905],[75.9451,36.60292],[75.92597,36.56466],[75.99805,36.4845],[76.07729,36.47427],[76.17313,36.3903],[76.19864,36.38745],[76.25476,36.34779],[76.35241,36.35987],[76.432,36.30816],[76.45004,36.26941],[76.43325,36.25116],[76.48171,36.21141],[76.54486,36.19276],[76.56297,36.17307],[76.60116,36.16555],[76.64445,36.18403],[76.70374,36.12886],[76.71963,36.08321],[76.80185,36.04786],[76.80776,36.01866],[76.7697,36.00944],[76.72277,35.95343],[76.77903,35.89868],[76.81179,35.8448],[76.85789,35.83116],[76.93522,35.78406],[77.02066,35.77464],[77.08014,35.79757],[77.11567,35.79778],[77.14354,35.76968],[77.16423,35.76674],[77.16728,35.73458],[77.22102,35.72824],[77.22819,35.71249],[77.26784,35.70909],[77.27755,35.7204],[77.3152,35.69913],[77.3276,35.71909],[77.35844,35.71772],[77.40161,35.66253],[77.43104,35.65458],[77.4368,35.62222],[77.42714,35.61054],[77.45685,35.59361],[77.46061,35.54771],[77.4866,35.53201],[77.43529,35.51739],[77.37839,35.55035],[77.3227,35.5368],[77.33829,35.52441],[77.33993,35.50374],[77.3716,35.49823],[77.38135,35.47349],[77.44231,35.46183],[77.50097,35.48937],[77.53459,35.48871],[77.62953,35.4623],[77.65212,35.48678],[77.69059,35.45179],[77.69949,35.46397],[77.73488,35.46948],[77.72828,35.47634],[77.74261,35.49702],[77.77991,35.49823],[77.81264,35.52215],[77.91099,35.4621],[77.9241,35.49721]],[[88.91836,26.3256],[88.93051,26.3049],[88.92372,26.29571],[88.95069,26.27633],[88.98093,26.28365],[88.98293,26.30119],[88.96033,26.29527],[88.95182,26.31675],[88.93695,26.313],[88.93815,26.33475],[88.91836,26.3256]]],[[[93.67384,7.00461],[93.66385,7.00934],[93.67544,7.02462],[93.6573,7.0934],[93.67498,7.1141],[93.65649,7.11799],[93.678,7.1442],[93.6723,7.1738],[93.69117,7.19057],[93.73351,7.18656],[93.75757,7.21198],[93.80171,7.20221],[93.8043,7.2255],[93.81955,7.23548],[93.8427,7.2369],[93.851,7.2133],[93.8686,7.2158],[93.8923,7.1475],[93.88621,7.10644],[93.91684,7.04838],[93.91525,7.02536],[93.928,7.02617],[93.94678,6.99982],[93.92701,7.01179],[93.91336,7.00009],[93.9445,6.95523],[93.92062,6.95098],[93.9078,6.92821],[93.91518,6.91321],[93.89635,6.9032],[93.89402,6.84905],[93.91173,6.8354],[93.89515,6.80431],[93.88118,6.79625],[93.87287,6.8154],[93.85209,6.81506],[93.83537,6.7563],[93.80797,6.7632],[93.81628,6.8118],[93.78497,6.8347],[93.79277,6.8518],[93.77267,6.87489],[93.78737,6.88319],[93.76534,6.91551],[93.7504,6.90827],[93.74311,6.92094],[93.74461,6.95264],[93.72744,6.99094],[93.70871,6.98868],[93.6883,7.0176],[93.67384,7.00461]]],[[[93.71212,7.20754],[93.70869,7.23051],[93.72099,7.21252],[93.71212,7.20754]]],[[[93.6344,7.34439],[93.63362,7.37224],[93.6649,7.37944],[93.66937,7.36247],[93.68226,7.38507],[93.70532,7.39232],[93.71187,7.44439],[93.72153,7.40061],[93.75414,7.37647],[93.75571,7.35943],[93.72272,7.30782],[93.6782,7.28429],[93.64784,7.24395],[93.62959,7.26378],[93.63487,7.28782],[93.6224,7.3095],[93.63736,7.32056],[93.6344,7.34439]]],[[[93.54868,7.51472],[93.548,7.51299],[93.54647,7.51184],[93.54591,7.51195],[93.54569,7.51121],[93.54476,7.51099],[93.54394,7.51158],[93.54323,7.51114],[93.54259,7.51165],[93.54289,7.5128],[93.54207,7.51384],[93.54158,7.5135],[93.54095,7.5138],[93.54114,7.51546],[93.54214,7.51587],[93.54199,7.51654],[93.54255,7.51676],[93.54248,7.5185],[93.54088,7.51961],[93.54102,7.5219],[93.54177,7.52279],[93.54136,7.52372],[93.54259,7.52475],[93.54356,7.5252],[93.54431,7.5246],[93.54535,7.52338],[93.54685,7.52168],[93.54834,7.51968],[93.54938,7.51935],[93.55032,7.5185],[93.55039,7.51765],[93.54994,7.51724],[93.54968,7.51583],[93.54868,7.51472]]],[[[93.46866,7.88242],[93.45505,7.87454],[93.44238,7.89914],[93.41274,7.90933],[93.38005,7.883],[93.3507,7.89386],[93.34537,7.93021],[93.32222,7.92788],[93.3114,7.95817],[93.33048,8.00636],[93.38002,8.02453],[93.39699,8.01931],[93.40543,7.98318],[93.39498,7.97115],[93.43351,7.96476],[93.46289,7.93484],[93.46866,7.88242]]],[[[93.57745,7.93353],[93.50783,7.98555],[93.50699,7.99685],[93.5226,7.99175],[93.53237,8.00585],[93.53124,8.02518],[93.54642,8.00168],[93.54506,8.02769],[93.5626,8.02475],[93.58218,7.99209],[93.57745,7.93353]]],[[[88.28354,21.76905],[88.26383,21.7927],[88.2864,21.78697],[88.28354,21.76905]]],[[[88.94975,21.79678],[88.97685,21.80374],[88.97204,21.84311],[88.98852,21.83402],[88.98285,21.8251],[88.99727,21.81474],[88.97273,21.77489],[88.94303,21.78446],[88.94975,21.79678]]],[[[88.31164,21.85333],[88.35246,21.85442],[88.35687,21.79569],[88.29554,21.7806],[88.26368,21.79398],[88.3084,21.83083],[88.31164,21.85333]]],[[[88.45939,21.80111],[88.45051,21.8147],[88.48899,21.83438],[88.49659,21.80841],[88.45939,21.80111]]],[[[88.73712,21.7968],[88.75119,21.81353],[88.74639,21.77193],[88.72888,21.78038],[88.73712,21.7968]]],[[[88.8838,21.82949],[88.88843,21.84941],[88.93873,21.85005],[88.92345,21.8244],[88.88706,21.81228],[88.8838,21.82949]]],[[[88.72348,21.79697],[88.70622,21.82803],[88.76802,21.85289],[88.76424,21.82883],[88.7766,21.82278],[88.76355,21.78692],[88.7548,21.78436],[88.74364,21.82166],[88.73609,21.79775],[88.72348,21.79697]]],[[[88.79215,21.79697],[88.78827,21.82405],[88.76664,21.82803],[88.77042,21.84556],[88.82243,21.85018],[88.82106,21.82517],[88.79215,21.79697]]],[[[88.59365,21.84914],[88.61776,21.82877],[88.60704,21.8166],[88.61388,21.79864],[88.58809,21.79888],[88.57677,21.81583],[88.59365,21.84914]]],[[[88.69712,21.84206],[88.73145,21.8642],[88.75154,21.85194],[88.71429,21.8266],[88.70261,21.82501],[88.69712,21.84206]]],[[[88.77762,21.86647],[88.79016,21.87826],[88.79136,21.86392],[88.8008,21.87762],[88.80148,21.86774],[88.82981,21.86201],[88.82174,21.83954],[88.82346,21.85102],[88.80063,21.85579],[88.78071,21.84305],[88.77127,21.84958],[88.77762,21.86647]]],[[[68.402,23.43669],[68.40178,23.45458],[68.4189,23.46366],[68.40248,23.45459],[68.402,23.43669]]],[[[68.50873,23.32006],[68.50817,23.32019],[68.50761,23.3207],[68.50566,23.32198],[68.50231,23.32326],[68.50189,23.32364],[68.50132,23.32519],[68.5013,23.33059],[68.50043,23.33908],[68.50085,23.34037],[68.50168,23.34076],[68.50474,23.3436],[68.50585,23.34438],[68.50669,23.3449],[68.5078,23.34529],[68.50808,23.34374],[68.5078,23.34374],[68.50781,23.34323],[68.50753,23.34323],[68.50725,23.34194],[68.50642,23.34193],[68.50642,23.34116],[68.5081,23.34065],[68.50823,23.3404],[68.50824,23.33988],[68.50768,23.33936],[68.50727,23.33705],[68.51034,23.33654],[68.5102,23.33551],[68.50937,23.33448],[68.50937,23.33422],[68.50965,23.33396],[68.5098,23.33242],[68.51036,23.33204],[68.51259,23.33204],[68.51287,23.33179],[68.51398,23.33166],[68.51412,23.33115],[68.5144,23.33089],[68.51455,23.3296],[68.51176,23.32934],[68.51135,23.32779],[68.51052,23.3265],[68.5101,23.3256],[68.50927,23.32547],[68.50899,23.32418],[68.51011,23.32405],[68.51066,23.32457],[68.51178,23.3247],[68.5115,23.32432],[68.5108,23.32393],[68.51053,23.3229],[68.50997,23.32212],[68.50886,23.32109],[68.50859,23.32057],[68.50873,23.32006]]],[[[68.58642,23.34577],[68.57576,23.36608],[68.59003,23.35041],[68.58915,23.3656],[68.60988,23.33141],[68.58642,23.34577]]],[[[68.42503,23.40138],[68.42922,23.40114],[68.42922,23.40088],[68.42977,23.40088],[68.43062,23.39986],[68.42838,23.40011],[68.42811,23.39882],[68.4189,23.40123],[68.41526,23.40276],[68.41135,23.40403],[68.41037,23.40467],[68.40953,23.40647],[68.40896,23.40853],[68.40895,23.41059],[68.40936,23.41188],[68.40992,23.41227],[68.41131,23.41253],[68.41243,23.41215],[68.41272,23.41086],[68.41383,23.41048],[68.41411,23.41022],[68.41467,23.4101],[68.41468,23.40958],[68.41607,23.40984],[68.41607,23.40933],[68.41775,23.40882],[68.41817,23.40805],[68.41901,23.40728],[68.41971,23.40522],[68.42027,23.40484],[68.42139,23.40471],[68.42139,23.4042],[68.42195,23.4042],[68.42252,23.4024],[68.42363,23.40202],[68.42419,23.40151],[68.42503,23.40138]]],[[[68.2342,23.58242],[68.23324,23.58253],[68.23115,23.58289],[68.22565,23.58344],[68.22393,23.58338],[68.22067,23.58406],[68.21866,23.58469],[68.21684,23.58537],[68.2147,23.58586],[68.21336,23.58652],[68.21316,23.58673],[68.21323,23.58849],[68.21389,23.59059],[68.21467,23.5917],[68.21577,23.59176],[68.2168,23.59143],[68.21775,23.59017],[68.21857,23.58881],[68.21953,23.58812],[68.22256,23.58729],[68.22628,23.58677],[68.22991,23.58629],[68.23188,23.58618],[68.23402,23.5864],[68.23567,23.58672],[68.2366,23.58642],[68.23834,23.58556],[68.23852,23.58509],[68.23812,23.58458],[68.23655,23.58383],[68.23359,23.58361],[68.23429,23.58317],[68.23471,23.58271],[68.2342,23.58242]]],[[[68.44351,23.57375],[68.43568,23.61665],[68.46383,23.62288],[68.46206,23.57788],[68.44351,23.57375]]],[[[68.22526,23.69925],[68.2056,23.7137],[68.21621,23.71684],[68.22526,23.69925]]],[[[68.5034,23.73879],[68.49235,23.73515],[68.47225,23.75346],[68.45375,23.81265],[68.49077,23.82976],[68.51874,23.81696],[68.52254,23.80235],[68.51116,23.78848],[68.52079,23.76473],[68.5034,23.73879]]],[[[68.59205,23.79284],[68.57449,23.79132],[68.59587,23.81592],[68.59313,23.8329],[68.6258,23.83011],[68.59205,23.79284]]],[[[68.58162,23.71749],[68.58019,23.72855],[68.59193,23.73013],[68.58162,23.71749]]],[[[68.46624,23.7201],[68.45165,23.74034],[68.43614,23.74089],[68.45436,23.7734],[68.44972,23.80978],[68.47099,23.75205],[68.48619,23.74809],[68.48717,23.72914],[68.46624,23.7201]]],[[[68.74623,23.97],[68.74747,23.98119],[68.76012,23.95753],[68.77215,23.96656],[68.77441,23.95421],[68.7537,23.94568],[68.77918,23.95061],[68.75177,23.93087],[68.72964,23.93457],[68.74672,23.93769],[68.7069,23.95975],[68.73857,23.95183],[68.74623,23.97]]],[[[68.77148,24.32859],[68.81917,24.33528],[68.83092,24.32052],[68.80664,24.31901],[68.81168,24.32699],[68.79426,24.33096],[68.78416,24.32052],[68.80243,24.31771],[68.78165,24.31176],[68.77148,24.32859]]],[[[68.60585,23.20303],[68.58416,23.22194],[68.58787,23.23752],[68.59789,23.24051],[68.59629,23.2163],[68.63858,23.1832],[68.60585,23.20303]]],[[[68.55479,23.25689],[68.53979,23.28643],[68.54346,23.27022],[68.58504,23.25283],[68.55479,23.25689]]],[[[68.55459,23.2934],[68.55865,23.31377],[68.56459,23.28624],[68.55459,23.2934]]],[[[68.64212,23.26662],[68.64156,23.26662],[68.64142,23.26713],[68.64044,23.26803],[68.63849,23.26905],[68.63695,23.27098],[68.63639,23.27175],[68.63583,23.27304],[68.63498,23.27741],[68.63414,23.27921],[68.63329,23.28256],[68.63301,23.28307],[68.63217,23.2859],[68.63161,23.28642],[68.62993,23.28924],[68.62937,23.28976],[68.62937,23.29233],[68.62964,23.2931],[68.62978,23.29516],[68.63033,23.29555],[68.63173,23.29581],[68.63702,23.2957],[68.63716,23.29518],[68.638,23.29441],[68.63814,23.2939],[68.63954,23.29364],[68.63996,23.29261],[68.64024,23.28978],[68.63927,23.28914],[68.63648,23.28926],[68.63606,23.29029],[68.63508,23.29119],[68.63453,23.29131],[68.63438,23.29183],[68.63397,23.29208],[68.63397,23.29183],[68.63369,23.29183],[68.63383,23.29054],[68.63439,23.28977],[68.63524,23.28591],[68.6358,23.2854],[68.63664,23.2836],[68.63664,23.28231],[68.63776,23.28051],[68.6379,23.27896],[68.63846,23.27922],[68.63833,23.27536],[68.63889,23.27408],[68.6396,23.2697],[68.64016,23.2697],[68.64016,23.27022],[68.64043,23.27022],[68.64141,23.26867],[68.64212,23.26662]]],[[[88.13304,21.90226],[88.11749,21.91572],[88.13195,21.92645],[88.14255,21.91469],[88.13304,21.90226]]],[[[88.1673,21.92122],[88.16654,21.92038],[88.16556,21.92141],[88.16517,21.92211],[88.16418,21.92434],[88.16345,21.92607],[88.16269,21.92842],[88.16228,21.93063],[88.16197,21.93263],[88.16186,21.9334],[88.16165,21.93489],[88.16165,21.93726],[88.16171,21.93739],[88.162,21.93741],[88.16292,21.93706],[88.16384,21.93664],[88.16464,21.93618],[88.16559,21.93578],[88.16649,21.93536],[88.16752,21.93487],[88.1682,21.93409],[88.169,21.93376],[88.16944,21.93331],[88.17078,21.93268],[88.17108,21.93187],[88.17127,21.93063],[88.17091,21.92841],[88.17063,21.92764],[88.17015,21.92641],[88.16949,21.92485],[88.16841,21.92281],[88.1673,21.92122]]],[[[88.72223,21.9303],[88.73768,21.91708],[88.77115,21.92456],[88.75854,21.909],[88.76823,21.87869],[88.72326,21.90466],[88.72223,21.9303]]],[[[88.45915,21.8239],[88.44747,21.82787],[88.44729,21.80985],[88.46048,21.79197],[88.42264,21.81251],[88.40154,21.79712],[88.39292,21.83143],[88.41856,21.90097],[88.45197,21.9048],[88.48263,21.88187],[88.48982,21.84345],[88.46597,21.84341],[88.45915,21.8239]]],[[[88.62059,21.79697],[88.61217,21.8165],[88.62184,21.82957],[88.59456,21.85519],[88.62033,21.89774],[88.63324,21.86911],[88.65355,21.86646],[88.64217,21.78832],[88.62059,21.79697]]],[[[88.54472,21.9042],[88.57082,21.9007],[88.57631,21.8878],[88.55588,21.8271],[88.55245,21.87665],[88.55279,21.8169],[88.53065,21.84765],[88.55039,21.87904],[88.54472,21.9042]]],[[[88.96972,21.89076],[89.02929,21.86495],[89.0286,21.85077],[89.01538,21.84997],[88.98792,21.86989],[89.0298,21.84328],[89.01882,21.81651],[88.99856,21.81476],[88.9747,21.84663],[88.96474,21.82767],[88.95341,21.83197],[88.98054,21.86877],[88.96972,21.89076]]],[[[88.71755,21.9053],[88.74827,21.8959],[88.78003,21.85847],[88.75205,21.85257],[88.73059,21.87312],[88.72871,21.8599],[88.69798,21.84891],[88.71755,21.9053]]],[[[88.89066,21.91393],[88.91418,21.88876],[88.93461,21.89673],[88.93598,21.88127],[88.94903,21.88462],[88.95709,21.86901],[88.94765,21.84113],[88.92482,21.85292],[88.89461,21.89529],[88.87075,21.89816],[88.89066,21.91393]]],[[[88.82028,21.92762],[88.85066,21.91074],[88.88671,21.9144],[88.87006,21.89688],[88.91435,21.87825],[88.91469,21.84559],[88.88586,21.84877],[88.89169,21.83587],[88.88242,21.83029],[88.87899,21.85324],[88.85736,21.85913],[88.86697,21.87395],[88.86732,21.86455],[88.85547,21.86837],[88.85702,21.88781],[88.82028,21.92762]]],[[[88.89221,21.91504],[88.91813,21.92571],[88.97031,21.89911],[88.97752,21.86757],[88.95641,21.85228],[88.95091,21.88542],[88.93718,21.88239],[88.93426,21.89784],[88.91401,21.88988],[88.89221,21.91504]]],[[[88.81547,21.89975],[88.83951,21.88828],[88.83092,21.86487],[88.80071,21.87028],[88.81547,21.89975]]],[[[88.54604,21.94359],[88.5495,21.9191],[88.57057,21.90345],[88.54009,21.90348],[88.54731,21.88179],[88.52755,21.85276],[88.49609,21.87686],[88.5255,21.93219],[88.49637,21.96927],[88.51823,21.98761],[88.54189,21.98018],[88.55512,22.00412],[88.57959,21.99552],[88.57561,21.95952],[88.54331,21.97141],[88.54604,21.94359]]],[[[88.634,21.87076],[88.62343,21.90158],[88.63622,21.92027],[88.66718,21.91279],[88.65209,21.87347],[88.634,21.87076]]],[[[88.77253,21.92393],[88.80051,21.91819],[88.78677,21.9045],[88.80102,21.9166],[88.81424,21.90099],[88.79038,21.86452],[88.79295,21.87742],[88.77768,21.86898],[88.75914,21.90768],[88.77253,21.92393]]],[[[88.59365,21.94799],[88.61122,21.92313],[88.57878,21.88968],[88.58101,21.92488],[88.57191,21.90688],[88.552,21.91978],[88.54273,21.9658],[88.55543,21.97312],[88.59365,21.94799]]],[[[88.72527,21.97188],[88.74947,21.97856],[88.75102,21.95468],[88.77591,21.94131],[88.78672,21.95245],[88.80475,21.93271],[88.79067,21.92029],[88.7663,21.93032],[88.73454,21.92443],[88.72527,21.97188]]],[[[72.27895,22.09183],[72.27408,22.1158],[72.2817,22.10692],[72.27952,22.11975],[72.2922,22.12125],[72.29483,22.10637],[72.27895,22.09183]]],[[[69.44986,22.31921],[69.43568,22.29736],[69.42019,22.29766],[69.42023,22.31323],[69.44986,22.31921]]],[[[69.44354,22.34296],[69.41899,22.34945],[69.42854,22.36289],[69.41505,22.36964],[69.41765,22.3893],[69.46522,22.35717],[69.44354,22.34296]]],[[[69.31874,22.37605],[69.31242,22.39429],[69.33074,22.40484],[69.35332,22.39856],[69.33566,22.39288],[69.33304,22.37297],[69.31874,22.37605]]],[[[88.84979,22.10297],[88.86747,22.08388],[88.84155,22.08977],[88.84464,22.10011],[88.84052,22.08929],[88.86815,22.08245],[88.83811,22.07243],[88.81734,22.10631],[88.82507,22.11156],[88.81614,22.10567],[88.82541,22.08722],[88.81374,22.0815],[88.79846,22.11044],[88.80773,22.12555],[88.83177,22.12448],[88.84979,22.10297]]],[[[88.91881,22.16016],[88.93838,22.1263],[88.90954,22.13377],[88.89495,22.17081],[88.91881,22.16016]]],[[[89.01965,22.20604],[89.02497,22.21431],[89.05226,22.20334],[89.0684,22.1477],[89.09432,22.15708],[89.09243,22.14754],[89.06256,22.12846],[89.05055,22.15502],[89.05055,22.14579],[89.02377,22.16567],[89.01965,22.20604]]],[[[88.04839,21.91558],[88.07817,22.00273],[88.14475,22.02496],[88.07568,21.92592],[88.04839,21.91558]]],[[[88.5938,21.98655],[88.60581,21.99769],[88.5986,21.96665],[88.61268,21.93226],[88.57732,21.95949],[88.57698,21.97891],[88.5938,21.98655]]],[[[88.96881,21.92075],[88.97825,21.95849],[88.96366,21.96311],[88.97053,21.97138],[88.95937,21.98141],[88.98649,21.98444],[88.99336,21.96963],[89.01207,21.98109],[88.99147,21.94734],[89.02099,21.92091],[89.01447,21.90244],[88.96881,21.92075]]],[[[88.75018,21.98257],[88.7737,21.98941],[88.78194,21.97318],[88.807,21.96904],[88.83962,21.97779],[88.83979,21.94245],[88.86914,21.92239],[88.81232,21.93958],[88.81181,21.95407],[88.80992,21.93927],[88.79035,21.94181],[88.78709,21.95503],[88.7749,21.94356],[88.75224,21.9563],[88.75018,21.98257]]],[[[89.00589,21.98603],[89.04331,22.01325],[89.06872,22.01118],[89.07301,21.96884],[89.06992,21.98476],[89.04949,21.98364],[89.07043,21.98253],[89.06254,21.93397],[89.04383,21.93269],[89.04228,21.94766],[89.04898,21.92967],[89.03044,21.92648],[89.00142,21.94687],[89.01842,21.97505],[89.00589,21.98603]]],[[[88.94594,22.00213],[88.97186,21.98764],[88.95744,21.97905],[88.97701,21.95883],[88.97426,21.93861],[88.9631,21.93511],[88.95761,21.94816],[88.96619,21.92269],[88.931,21.94434],[88.92654,21.96249],[88.94542,21.98207],[88.94594,22.00213]]],[[[88.65007,21.97295],[88.66844,21.95177],[88.68783,21.95209],[88.6771,21.94354],[88.63295,21.95268],[88.63479,21.9958],[88.64663,22.00494],[88.66432,21.98297],[88.68938,21.98839],[88.69281,21.95655],[88.66998,21.95145],[88.66672,21.9669],[88.65007,21.97295]]],[[[88.64641,22.0073],[88.65752,22.02041],[88.71547,22.00093],[88.69345,21.97014],[88.68989,21.98982],[88.66363,21.98409],[88.64641,22.0073]]],[[[88.9799,22.03833],[88.98522,22.05503],[89.00874,22.05058],[89.01561,22.06251],[89.01629,22.05074],[89.04135,22.04819],[89.04788,22.03498],[89.02007,22.03912],[89.04462,22.0363],[89.06831,22.01239],[89.04307,22.0143],[89.02282,22.00061],[89.01767,22.02209],[89.02007,22.00172],[89.03105,21.99934],[88.9926,21.97339],[88.97578,21.99154],[89.00239,22.01],[88.9902,22.01939],[89.0005,22.00729],[88.97509,21.99281],[88.96857,22.01493],[88.9799,22.03833]]],[[[88.93767,22.05838],[88.96119,22.03737],[88.95072,22.02242],[88.97458,22.00602],[88.97166,21.98947],[88.93922,22.01446],[88.93767,22.05838]]],[[[88.87,21.93067],[88.84219,21.94293],[88.84048,21.98878],[88.81799,21.97111],[88.78692,21.97238],[88.81816,22.00151],[88.78675,21.98432],[88.75567,21.98719],[88.76288,22.00644],[88.7761,22.0074],[88.76237,22.0144],[88.80202,22.0292],[88.81455,22.01918],[88.86571,22.02443],[88.86725,22.00644],[88.85078,22.00724],[88.88717,22.01074],[88.88459,21.98989],[88.88803,22.01122],[88.9021,22.0109],[88.90554,21.97397],[88.88528,21.96856],[88.90725,21.97127],[88.90605,21.93974],[88.89506,21.94468],[88.90742,21.92876],[88.88631,21.92063],[88.87,21.93067]]],[[[88.75876,22.0066],[88.76014,22.00294],[88.75997,21.99976],[88.75945,21.99674],[88.75808,21.99403],[88.75636,21.99212],[88.7543,21.98989],[88.75241,21.98766],[88.74915,21.98575],[88.74555,21.98337],[88.74366,21.98273],[88.74263,21.98639],[88.74229,21.98846],[88.74383,21.99037],[88.74949,21.99562],[88.75276,21.99833],[88.7555,22.00231],[88.75876,22.0066]]],[[[88.88819,22.05748],[88.90399,22.04794],[88.90175,22.01834],[88.87618,22.01468],[88.85232,22.04093],[88.88854,22.04459],[88.88819,22.05748]]],[[[88.76233,22.02133],[88.75272,22.053],[88.77315,22.05125],[88.79117,22.03072],[88.76233,22.02133]]],[[[88.95947,22.05949],[88.9775,22.03785],[88.96119,22.01382],[88.95158,22.02305],[88.96153,22.03881],[88.93819,22.05965],[88.95947,22.05949]]],[[[88.83217,22.04959],[88.83234,22.02683],[88.7805,22.03734],[88.78839,22.05977],[88.8059,22.06407],[88.83217,22.04959]]],[[[88.87027,22.08061],[88.86976,22.06279],[88.89122,22.04863],[88.85431,22.0445],[88.86049,22.0254],[88.83594,22.02508],[88.84161,22.05404],[88.81981,22.06311],[88.87027,22.08061]]],[[[88.90416,22.08643],[88.89128,22.06003],[88.87103,22.06353],[88.87034,22.08659],[88.90416,22.08643]]],[[[88.80007,22.1067],[88.8035,22.08475],[88.8277,22.08618],[88.83577,22.06518],[88.78633,22.06104],[88.78238,22.04672],[88.74891,22.05675],[88.77929,22.10272],[88.80007,22.1067]]],[[[88.99582,22.12437],[89.00492,22.10926],[88.98982,22.08508],[89.02672,22.07761],[89.02844,22.05836],[89.0178,22.05199],[89.01454,22.06472],[89.00715,22.05247],[89.0008,22.06472],[88.97832,22.03958],[88.96304,22.0609],[88.99582,22.12437]]],[[[88.92585,22.17542],[88.9618,22.18881],[88.9848,22.14843],[88.9812,22.13253],[88.97004,22.15622],[88.9539,22.15813],[88.98617,22.13571],[88.98314,22.1206],[88.96769,22.12934],[88.98365,22.11885],[88.96992,22.08242],[88.95224,22.10263],[88.9694,22.11455],[88.95138,22.10374],[88.96567,22.07719],[88.92412,22.06463],[88.93511,21.99031],[88.91777,21.98076],[88.90164,22.06479],[88.93065,22.09612],[88.9243,22.123],[88.94043,22.12745],[88.93648,22.15607],[88.92275,22.15258],[88.92585,22.17542]]],[[[89.01331,22.17267],[89.02138,22.1493],[89.00953,22.15248],[89.05005,22.13165],[89.03545,22.11002],[89.01983,22.11161],[89.03099,22.121],[89.00885,22.14326],[89.02927,22.12195],[89.01486,22.11288],[89.03563,22.10859],[89.03854,22.05292],[89.02859,22.05292],[89.02893,22.07805],[88.99031,22.08648],[89.00593,22.11861],[88.97331,22.19365],[89.01434,22.19445],[89.01331,22.17267]]],[[[69.60929,22.45057],[69.63021,22.45891],[69.65635,22.42546],[69.63518,22.40681],[69.60845,22.41824],[69.58858,22.43747],[69.60929,22.45057]]],[[[69.08547,22.42125],[69.09325,22.46167],[69.14756,22.47399],[69.14393,22.4476],[69.1409,22.46382],[69.11597,22.46719],[69.10875,22.43746],[69.08547,22.42125]]],[[[69.35197,22.50519],[69.31579,22.52336],[69.35188,22.52465],[69.35197,22.50519]]],[[[69.2929,22.45846],[69.30166,22.47378],[69.32755,22.46223],[69.31993,22.45133],[69.2929,22.45846]]],[[[69.94388,22.52367],[69.91308,22.51215],[69.86301,22.52632],[69.89578,22.52369],[69.91802,22.54916],[69.94388,22.52367]]],[[[69.95708,22.59523],[69.94879,22.60808],[69.96354,22.60026],[69.95708,22.59523]]],[[[69.94384,22.53694],[69.93792,22.54631],[69.95252,22.55077],[69.95427,22.53847],[69.94384,22.53694]]],[[[69.96738,22.54607],[69.95741,22.55099],[69.9589,22.57351],[70.00684,22.60112],[70.03372,22.59242],[70.03693,22.57513],[70.02271,22.56379],[69.96738,22.54607]]],[[[70.26695,22.71106],[70.26288,22.72164],[70.27813,22.72075],[70.26695,22.71106]]],[[[71.49284,23.20322],[71.48609,23.21004],[71.49979,23.21342],[71.49284,23.20322]]],[[[71.48095,23.20317],[71.47646,23.18575],[71.44449,23.18779],[71.44397,23.20542],[71.45762,23.19067],[71.45516,23.22326],[71.48095,23.20317]]],[[[71.43863,23.18698],[71.43557,23.18703],[71.43224,23.18759],[71.43169,23.18786],[71.43141,23.18786],[71.43085,23.18761],[71.42973,23.1875],[71.42974,23.18802],[71.42919,23.18803],[71.42947,23.18854],[71.42864,23.18842],[71.42835,23.18817],[71.4278,23.18818],[71.42752,23.18844],[71.4214,23.1884],[71.42141,23.18892],[71.42057,23.18893],[71.42057,23.18842],[71.41945,23.18818],[71.41919,23.18921],[71.41779,23.1891],[71.41725,23.18962],[71.41628,23.19003],[71.41631,23.19183],[71.4159,23.19235],[71.41646,23.19234],[71.4162,23.19311],[71.41704,23.19336],[71.41705,23.19387],[71.41733,23.194],[71.419,23.19397],[71.41983,23.19422],[71.4204,23.19472],[71.42124,23.19484],[71.42137,23.19458],[71.42121,23.19355],[71.42177,23.19367],[71.42196,23.19389],[71.4218,23.19509],[71.42152,23.19509],[71.42153,23.19535],[71.42209,23.1956],[71.42221,23.19482],[71.42276,23.1943],[71.42289,23.19378],[71.42215,23.19371],[71.42204,23.19328],[71.42399,23.19338],[71.42732,23.19281],[71.42787,23.19229],[71.43093,23.19224],[71.43205,23.19261],[71.43204,23.19184],[71.43317,23.19272],[71.43429,23.19296],[71.43456,23.1927],[71.43567,23.19281],[71.43558,23.19298],[71.43512,23.19308],[71.43513,23.19334],[71.43568,23.19333],[71.43577,23.19316],[71.43623,23.19293],[71.44013,23.19287],[71.44123,23.19208],[71.44177,23.19156],[71.44233,23.19142],[71.44245,23.19065],[71.44273,23.19039],[71.44272,23.19013],[71.44243,23.18962],[71.44227,23.18834],[71.44171,23.18822],[71.44003,23.18721],[71.43919,23.18723],[71.43863,23.18698]]],[[[71.41518,23.20322],[71.41664,23.21755],[71.4416,23.21253],[71.43352,23.19684],[71.41518,23.20322]]],[[[71.26517,23.51107],[71.25916,23.51888],[71.27289,23.52228],[71.26517,23.51107]]],[[[71.07996,23.39079],[71.18389,23.38744],[71.13764,23.37148],[71.06235,23.3788],[71.07996,23.39079]]],[[[71.02736,23.70593],[71.01783,23.71313],[71.02404,23.72591],[71.02736,23.70593]]],[[[70.40541,24.39213],[70.43445,24.40999],[70.49224,24.41631],[70.5111,24.40734],[70.42692,24.37905],[70.41202,24.37842],[70.40541,24.39213]]],[[[70.51578,24.42124],[70.56139,24.43639],[70.58147,24.43035],[70.54195,24.40741],[70.52481,24.4072],[70.51578,24.42124]]],[[[70.29633,24.35739],[70.31934,24.36784],[70.33043,24.35758],[70.29633,24.35739]]],[[[70.32809,24.3694],[70.40427,24.37566],[70.3899,24.35919],[70.361,24.36241],[70.33834,24.35042],[70.32809,24.3694]]],[[[70.99852,23.79392],[70.99853,23.79444],[70.99797,23.79457],[70.99714,23.7951],[70.99604,23.79614],[70.99493,23.79654],[70.99479,23.79706],[70.99425,23.79784],[70.9937,23.79836],[70.99288,23.79991],[70.9929,23.80094],[70.99366,23.80479],[70.99477,23.80478],[70.99535,23.80606],[70.99592,23.80644],[70.99732,23.8068],[70.99804,23.80782],[70.99818,23.80834],[70.99987,23.80896],[71.00016,23.80921],[71.00267,23.80879],[71.00293,23.8075],[71.00237,23.80751],[71.00235,23.80622],[71.00207,23.80623],[71.0022,23.80571],[71.00247,23.80545],[71.00274,23.80467],[71.00302,23.80441],[71.00301,23.8039],[71.00356,23.80338],[71.00437,23.80157],[71.00492,23.80079],[71.00505,23.80001],[71.00561,23.80001],[71.00601,23.79897],[71.00542,23.79666],[71.00442,23.79552],[71.00273,23.79477],[71.00217,23.7949],[71.00217,23.79439],[70.99852,23.79392]]],[[[70.99225,23.80417],[70.98451,23.81057],[70.99529,23.82021],[70.99225,23.80417]]],[[[70.91882,24.26558],[70.91249,24.27389],[70.93529,24.27798],[70.91882,24.26558]]],[[[68.90635,23.99588],[68.8545,23.9785],[68.79202,23.9819],[68.74828,23.99947],[68.81694,23.99082],[68.84971,24.00321],[68.85784,23.99524],[68.93937,24.00404],[68.9279,23.97611],[68.90635,23.99588]]],[[[70.21978,24.33251],[70.2198,24.33252],[70.22226,24.33326],[70.22864,24.33354],[70.23476,24.33354],[70.24226,24.33187],[70.24892,24.33131],[70.25448,24.33215],[70.25496,24.33231],[70.25479,24.33197],[70.25451,24.33149],[70.25439,24.33119],[70.25402,24.33075],[70.25341,24.33041],[70.25302,24.33025],[70.25247,24.32987],[70.25213,24.32977],[70.25151,24.32971],[70.25115,24.32941],[70.25076,24.32921],[70.25047,24.32891],[70.25011,24.32867],[70.24985,24.3284],[70.2494,24.32806],[70.24896,24.32773],[70.24848,24.32711],[70.24718,24.32656],[70.24584,24.32663],[70.24513,24.32644],[70.24433,24.32646],[70.24393,24.32648],[70.24318,24.32658],[70.2423,24.32652],[70.24156,24.32649],[70.24085,24.32672],[70.24006,24.32701],[70.23937,24.32738],[70.23857,24.32751],[70.23788,24.32762],[70.23571,24.32612],[70.23362,24.32557],[70.23194,24.32558],[70.2316,24.32564],[70.22864,24.32644],[70.22805,24.3266],[70.22687,24.32684],[70.22606,24.32702],[70.22483,24.32737],[70.22409,24.32732],[70.22395,24.32784],[70.22326,24.32861],[70.22186,24.32888],[70.22146,24.33094],[70.2209,24.33146],[70.22076,24.33198],[70.2202,24.33211],[70.21978,24.33251]]],[[[70.57593,24.34428],[70.57926,24.31773],[70.56273,24.35535],[70.57593,24.34428]]],[[[69.64667,22.7622],[69.66681,22.75169],[69.63324,22.76208],[69.64667,22.7622]]],[[[70.37512,22.84569],[70.36877,22.82245],[70.34329,22.82833],[70.35326,22.8684],[70.38322,22.90495],[70.35417,22.86196],[70.37177,22.87236],[70.38169,22.86404],[70.37512,22.84569]]],[[[70.19103,23.07357],[70.20826,23.08682],[70.21081,23.07625],[70.19103,23.07357]]],[[[70.85877,23.12168],[70.82752,23.15628],[70.87767,23.14076],[70.85877,23.12168]]],[[[70.22464,22.98838],[70.22858,22.9659],[70.19154,23.00717],[70.18359,22.99386],[70.19626,22.99455],[70.22501,22.9603],[70.19174,22.96416],[70.19027,22.95503],[70.14505,22.96579],[70.1487,22.98207],[70.13223,22.98774],[70.17813,23.06208],[70.21755,23.04853],[70.22464,22.98838]]],[[[70.3124,23.06378],[70.30039,23.03977],[70.33522,23.03307],[70.3177,23.00989],[70.34033,22.98725],[70.30727,22.95391],[70.28248,22.95318],[70.25099,22.99467],[70.27185,23.04611],[70.28681,23.06259],[70.3124,23.06378]]],[[[71.27552,23.16987],[71.27441,23.16988],[71.27427,23.17001],[71.27416,23.1713],[71.27499,23.17129],[71.27514,23.1718],[71.275,23.17206],[71.27528,23.17219],[71.27612,23.17217],[71.27639,23.17204],[71.27641,23.17281],[71.27307,23.17273],[71.27278,23.17248],[71.27195,23.17249],[71.27167,23.17224],[71.27111,23.17225],[71.27084,23.17251],[71.27028,23.17252],[71.27014,23.17265],[71.27002,23.17342],[71.27113,23.17341],[71.27086,23.17392],[71.27142,23.17392],[71.27156,23.17443],[71.27185,23.17468],[71.27199,23.17519],[71.27283,23.17531],[71.27311,23.17556],[71.27423,23.17568],[71.27396,23.17645],[71.27453,23.17683],[71.27509,23.17695],[71.27483,23.1785],[71.27567,23.17836],[71.27594,23.1781],[71.27649,23.17796],[71.2765,23.17847],[71.27818,23.17858],[71.27874,23.17908],[71.27902,23.17908],[71.27929,23.17882],[71.27985,23.17868],[71.27984,23.17817],[71.28401,23.17811],[71.2843,23.17888],[71.28458,23.17874],[71.28542,23.17886],[71.28571,23.17988],[71.28683,23.18013],[71.28684,23.18064],[71.28712,23.18064],[71.2878,23.17985],[71.28793,23.17934],[71.28905,23.17958],[71.28904,23.17906],[71.28848,23.17907],[71.28857,23.17864],[71.29097,23.17826],[71.29068,23.1775],[71.29012,23.17738],[71.28984,23.17712],[71.289,23.17701],[71.28885,23.17649],[71.28857,23.17624],[71.28842,23.17573],[71.28787,23.17561],[71.28758,23.17535],[71.28563,23.17512],[71.28507,23.17488],[71.28451,23.17488],[71.28395,23.17438],[71.28339,23.17426],[71.28337,23.17297],[71.28281,23.17311],[71.28141,23.17236],[71.28001,23.17212],[71.27916,23.1711],[71.2786,23.17085],[71.27804,23.17086],[71.27664,23.17011],[71.27608,23.17012],[71.27552,23.16987]]],[[[70.83446,23.29787],[70.8339,23.29788],[70.83294,23.29879],[70.83295,23.2993],[70.83381,23.30109],[70.8344,23.3034],[70.83526,23.30519],[70.83541,23.30648],[70.83598,23.30686],[70.83653,23.30698],[70.83782,23.30928],[70.83856,23.3121],[70.8394,23.31248],[70.83996,23.31299],[70.84136,23.31374],[70.84192,23.31387],[70.84207,23.31438],[70.84292,23.31514],[70.84377,23.31642],[70.84449,23.31795],[70.84645,23.31909],[70.84701,23.31921],[70.8473,23.31998],[70.84813,23.31971],[70.84941,23.32098],[70.84984,23.32201],[70.85068,23.32264],[70.85124,23.32276],[70.85251,23.32404],[70.8528,23.32455],[70.85393,23.32556],[70.8545,23.32633],[70.85506,23.32709],[70.85664,23.33042],[70.85998,23.32999],[70.86026,23.32973],[70.86081,23.3296],[70.86081,23.32934],[70.86053,23.32934],[70.86052,23.32883],[70.8608,23.32883],[70.86065,23.32831],[70.86009,23.32781],[70.85994,23.32729],[70.85939,23.32756],[70.85938,23.32704],[70.85883,23.32705],[70.85853,23.32551],[70.85769,23.32539],[70.85726,23.32501],[70.85712,23.3245],[70.856,23.32412],[70.85471,23.32195],[70.85497,23.32015],[70.85481,23.31912],[70.85592,23.31859],[70.85593,23.31911],[70.85649,23.3191],[70.85661,23.31781],[70.85688,23.31755],[70.85688,23.31729],[70.85631,23.31653],[70.85546,23.31577],[70.85518,23.31525],[70.85222,23.31259],[70.85151,23.31221],[70.85109,23.31157],[70.85053,23.31171],[70.85038,23.31068],[70.8501,23.31042],[70.84995,23.30991],[70.84939,23.30992],[70.84925,23.30941],[70.84896,23.30915],[70.84839,23.30787],[70.8474,23.30698],[70.84572,23.30636],[70.84556,23.30482],[70.84485,23.30418],[70.84373,23.30342],[70.84261,23.30266],[70.83952,23.30141],[70.83854,23.30078],[70.83768,23.29925],[70.83726,23.29887],[70.83446,23.29787]]],[[[71.09317,23.27288],[71.09289,23.27302],[71.09233,23.27302],[71.09192,23.27342],[71.0918,23.27445],[71.09375,23.27468],[71.09423,23.27879],[71.09467,23.27981],[71.09719,23.28068],[71.0983,23.28066],[71.10107,23.2796],[71.10525,23.27954],[71.10777,23.28028],[71.10972,23.28051],[71.11252,23.28137],[71.11281,23.28214],[71.11337,23.28252],[71.11422,23.28302],[71.11533,23.28288],[71.11558,23.28133],[71.1153,23.28134],[71.1153,23.28108],[71.11474,23.28096],[71.1139,23.28045],[71.11277,23.2797],[71.11164,23.27868],[71.10885,23.27821],[71.10801,23.2777],[71.10493,23.27672],[71.1045,23.27634],[71.10435,23.27582],[71.10323,23.27545],[71.10044,23.27472],[71.10016,23.27446],[71.0996,23.27434],[71.09959,23.27383],[71.09735,23.27347],[71.09679,23.27309],[71.0968,23.27361],[71.09624,23.27349],[71.09568,23.27298],[71.09456,23.27299],[71.09401,23.27326],[71.09318,23.27391],[71.09317,23.27288]]],[[[71.19966,23.27902],[71.19033,23.28751],[71.20685,23.28419],[71.19966,23.27902]]],[[[71.14951,23.27791],[71.1388,23.28719],[71.15603,23.28516],[71.14951,23.27791]]],[[[71.01573,23.2961],[71.02976,23.27951],[71.05571,23.28264],[71.01599,23.27171],[71.01573,23.2961]]],[[[71.10556,23.28147],[71.10055,23.28192],[71.10041,23.28205],[71.10043,23.28308],[71.10029,23.28321],[71.09918,23.28335],[71.09919,23.28413],[71.09864,23.28413],[71.09878,23.28439],[71.09866,23.28542],[71.09782,23.28543],[71.09853,23.28619],[71.09855,23.28748],[71.09911,23.28799],[71.09969,23.28901],[71.09984,23.28978],[71.1004,23.28977],[71.10069,23.2908],[71.10237,23.29142],[71.10294,23.29192],[71.10349,23.29192],[71.10378,23.29217],[71.10462,23.29242],[71.10573,23.29227],[71.10599,23.29124],[71.10571,23.29124],[71.1057,23.29073],[71.10681,23.29046],[71.10653,23.28995],[71.10791,23.28967],[71.10832,23.28915],[71.10859,23.28837],[71.10969,23.28733],[71.10981,23.2863],[71.11037,23.28655],[71.10991,23.28398],[71.10935,23.28348],[71.1092,23.28296],[71.10837,23.28297],[71.10864,23.28246],[71.1064,23.28184],[71.10557,23.28198],[71.10556,23.28147]]],[[[70.80145,23.16378],[70.79361,23.1806],[70.80814,23.18532],[70.81515,23.16774],[70.80145,23.16378]]],[[[68.87971,24.26748],[68.92014,24.30932],[68.90056,24.31806],[68.92694,24.32556],[68.98806,24.25694],[69.08028,24.29722],[69.18944,24.25806],[69.31083,24.29667],[69.49611,24.27944],[69.59445,24.29864],[69.73449,24.17288],[70.02778,24.17278],[70.06389,24.20019],[70.1211,24.30916],[70.19057,24.31555],[70.21353,24.32958],[70.22402,24.27859],[70.21035,24.2608],[70.10973,24.21799],[70.07243,24.14874],[70.08674,24.12737],[70.11172,24.11924],[70.09689,23.97489],[70.1202,23.92182],[70.17275,23.91899],[70.17388,23.93546],[70.19325,23.94007],[70.28038,23.91672],[70.34528,23.94256],[70.33365,23.9281],[70.34971,23.93197],[70.35909,23.91966],[70.49335,23.92722],[70.5306,23.91113],[70.57417,23.94823],[70.62608,23.95644],[70.65357,23.93839],[70.7143,23.93644],[70.72782,23.92136],[70.79599,23.91144],[70.80897,23.89881],[70.84022,23.91131],[70.91741,23.8688],[70.92497,23.83166],[70.8902,23.80635],[70.89314,23.7968],[70.86284,23.79047],[70.86236,23.77658],[70.85603,23.78348],[70.834,23.76804],[70.82352,23.77808],[70.82809,23.75512],[70.84769,23.76698],[70.84153,23.74698],[70.86478,23.76948],[70.85854,23.74395],[70.88483,23.74414],[70.89455,23.75908],[70.90492,23.75162],[70.89596,23.74118],[70.91393,23.74636],[70.94316,23.71949],[70.97008,23.72494],[70.97239,23.69262],[70.99362,23.67394],[71.01071,23.67694],[71.01758,23.63336],[71.04324,23.61643],[71.06388,23.56688],[71.08371,23.55825],[71.08882,23.58134],[71.14457,23.5416],[71.14347,23.5254],[71.12333,23.52285],[71.0837,23.55787],[71.07135,23.55366],[71.077,23.50443],[71.10763,23.48292],[71.09649,23.46686],[71.13264,23.49429],[71.14078,23.4889],[71.13171,23.47127],[71.15405,23.48988],[71.15285,23.47613],[71.11829,23.43427],[71.06953,23.43699],[71.06847,23.42298],[71.0637,23.43899],[71.03681,23.44951],[71.02083,23.44419],[71.03633,23.43601],[70.99583,23.4319],[70.9916,23.41034],[70.97578,23.41543],[70.99653,23.40461],[70.94725,23.40909],[70.9573,23.40099],[70.94757,23.39326],[70.99059,23.37998],[70.89043,23.37428],[70.87101,23.34132],[70.82557,23.34056],[70.80944,23.3127],[70.82289,23.27677],[70.79752,23.26497],[70.81114,23.23187],[70.77934,23.21731],[70.78994,23.1984],[70.80458,23.19952],[70.79183,23.19323],[70.77543,23.19522],[70.76336,23.22006],[70.79808,23.23408],[70.78517,23.25816],[70.75464,23.24487],[70.76821,23.23931],[70.73491,23.20532],[70.69961,23.19927],[70.66491,23.21856],[70.66557,23.20466],[70.64973,23.2074],[70.65816,23.2019],[70.64867,23.18862],[70.61372,23.17624],[70.5012,23.17195],[70.48913,23.18815],[70.47776,23.16715],[70.47744,23.18839],[70.44686,23.19266],[70.43945,23.17677],[70.43529,23.20448],[70.41338,23.18602],[70.41977,23.21119],[70.409,23.19378],[70.39856,23.20751],[70.39862,23.18641],[70.38936,23.20579],[70.37537,23.2],[70.37331,23.21649],[70.36928,23.20275],[70.33235,23.21427],[70.34547,23.18945],[70.32957,23.18662],[70.3201,23.21386],[70.31877,23.19212],[70.30891,23.2088],[70.31087,23.18124],[70.2664,23.15986],[70.26401,23.1721],[70.2558,23.15827],[70.24219,23.16147],[70.25852,23.15052],[70.24874,23.13181],[70.23626,23.12213],[70.22394,23.14436],[70.21918,23.11042],[70.19722,23.0972],[70.20202,23.0897],[70.12491,22.99326],[70.05513,22.94917],[70.0846,22.94987],[70.07758,22.94168],[70.09153,22.94751],[70.0946,22.93217],[70.11972,22.92839],[70.08798,22.92076],[70.08864,22.93401],[70.08241,22.91912],[70.03318,22.9143],[70.03032,22.903],[69.93275,22.89794],[69.89448,22.86726],[69.90308,22.86541],[69.88843,22.87721],[69.85699,22.86901],[69.86603,22.8494],[69.85588,22.86876],[69.80075,22.84897],[69.7606,22.82175],[69.75047,22.79055],[69.71599,22.75348],[69.69209,22.77332],[69.71459,22.74693],[69.68299,22.77354],[69.71609,22.73439],[69.66296,22.73555],[69.67234,22.78437],[69.65525,22.75773],[69.6297,22.79962],[69.64019,22.76635],[69.61711,22.76574],[69.62736,22.77509],[69.6142,22.76427],[69.60689,22.77666],[69.61413,22.75502],[69.57313,22.76811],[69.56663,22.74414],[69.54977,22.75266],[69.55987,22.77458],[69.55123,22.77912],[69.45319,22.8003],[69.45916,22.78815],[69.4847,22.78614],[69.47911,22.77766],[69.49731,22.78121],[69.44802,22.77711],[69.39814,22.81019],[69.35202,22.81875],[69.36007,22.83745],[69.34834,22.81937],[69.31201,22.83212],[69.26659,22.82425],[69.19656,22.83786],[68.75837,23.08135],[68.629,23.17416],[68.75293,23.08842],[68.74315,23.10591],[68.75093,23.11262],[68.73127,23.13576],[68.7162,23.1504],[68.68279,23.15394],[68.6384,23.19813],[68.65316,23.19816],[68.62889,23.21355],[68.63881,23.22319],[68.61492,23.22897],[68.61773,23.21996],[68.60318,23.24258],[68.6319,23.23416],[68.65527,23.24438],[68.67787,23.22885],[68.66377,23.28838],[68.69664,23.30869],[68.72509,23.29549],[68.739,23.30954],[68.72426,23.29652],[68.69886,23.30999],[68.70956,23.31495],[68.67574,23.30505],[68.68516,23.32952],[68.6674,23.333],[68.65898,23.31891],[68.66201,23.33514],[68.65261,23.30268],[68.63375,23.3186],[68.62261,23.36491],[68.61538,23.35794],[68.58944,23.39074],[68.60088,23.3601],[68.56635,23.40201],[68.57302,23.38149],[68.56344,23.38175],[68.55657,23.39434],[68.56642,23.40956],[68.54045,23.41875],[68.54711,23.42701],[68.53045,23.44524],[68.53837,23.45505],[68.5289,23.44884],[68.51429,23.47685],[68.51321,23.46681],[68.50048,23.47578],[68.50196,23.49123],[68.5187,23.49231],[68.49832,23.49431],[68.48471,23.54884],[68.49672,23.54759],[68.49259,23.6037],[68.51069,23.621],[68.50923,23.63567],[68.52072,23.62773],[68.5095,23.64056],[68.52432,23.63585],[68.52078,23.64987],[68.55217,23.66412],[68.52866,23.67383],[68.53609,23.66716],[68.52147,23.65322],[68.52498,23.68989],[68.54133,23.68372],[68.55869,23.72038],[68.57321,23.7239],[68.572,23.70948],[68.58642,23.7036],[68.5953,23.72422],[68.62493,23.72712],[68.61459,23.72581],[68.61427,23.73817],[68.62852,23.74554],[68.64029,23.73426],[68.63476,23.76242],[68.65467,23.79747],[68.67395,23.80704],[68.65998,23.79748],[68.67592,23.79983],[68.68464,23.78312],[68.68653,23.81067],[68.68515,23.80178],[68.71505,23.81935],[68.72402,23.81254],[68.71811,23.82514],[68.7388,23.83419],[68.75141,23.82533],[68.84039,23.82854],[68.88742,23.80953],[68.89749,23.8197],[68.94283,23.79051],[68.96997,23.78884],[68.99249,23.75847],[69.01388,23.75448],[68.9957,23.78267],[69.01417,23.77044],[69.00955,23.78936],[69.02746,23.80841],[69.00759,23.82514],[69.00988,23.87861],[69.01984,23.89317],[69.09849,23.90091],[69.12182,23.96608],[69.12112,24.02364],[69.14083,24.02107],[69.19472,24.11078],[69.23821,24.11162],[69.21878,24.12737],[69.11953,24.11487],[69.08601,24.12656],[69.07368,24.14356],[68.99934,24.17266],[68.99499,24.19145],[69.01169,24.20278],[69.00074,24.21925],[68.98194,24.21488],[68.97464,24.23186],[68.9606,24.22324],[68.94628,24.23443],[68.94937,24.24808],[68.93308,24.24241],[68.96873,24.26507],[68.91764,24.25141],[68.92633,24.26943],[68.89208,24.25629],[68.87971,24.26748]]],[[[93.5896,8.09122],[93.60076,8.04986],[93.5925,8.03806],[93.57388,8.06361],[93.5751,8.07277],[93.58959,8.06254],[93.5697,8.09511],[93.57885,8.10899],[93.56272,8.12031],[93.57971,8.1229],[93.5896,8.09122]]],[[[93.25032,8.22706],[93.22492,8.23756],[93.2242,8.25866],[93.23612,8.26365],[93.25032,8.22706]]],[[[93.20488,8.21256],[93.19957,8.19522],[93.1642,8.20055],[93.10255,8.24211],[93.08423,8.28337],[93.10224,8.34583],[93.12653,8.3553],[93.14214,8.34746],[93.12961,8.27095],[93.20488,8.21256]]],[[[73.03229,8.26673],[73.01821,8.2776],[73.05565,8.28255],[73.07848,8.32505],[73.06604,8.28579],[73.03229,8.26673]]],[[[93.62427,8.42442],[93.61954,8.47963],[93.63385,8.48867],[93.61094,8.54322],[93.61297,8.5757],[93.62178,8.53164],[93.63568,8.5228],[93.64181,8.46747],[93.62648,8.467],[93.62427,8.42442]]],[[[92.85811,8.82081],[92.85741,8.82051],[92.85654,8.82042],[92.8553,8.82043],[92.8541,8.82057],[92.85324,8.82171],[92.85268,8.82356],[92.85322,8.82494],[92.85333,8.82647],[92.85324,8.82821],[92.85341,8.8291],[92.85366,8.83104],[92.85494,8.83358],[92.85536,8.83437],[92.85626,8.83522],[92.85746,8.83606],[92.85854,8.83712],[92.85859,8.83724],[92.85933,8.83751],[92.86021,8.83683],[92.86036,8.83644],[92.86077,8.83596],[92.86131,8.83564],[92.86157,8.83554],[92.86211,8.83518],[92.86236,8.8341],[92.86234,8.83355],[92.86246,8.83271],[92.86201,8.83219],[92.86313,8.83154],[92.86341,8.83016],[92.86318,8.82874],[92.86274,8.82775],[92.86317,8.82729],[92.86322,8.82653],[92.86253,8.82545],[92.8624,8.82467],[92.86199,8.82372],[92.86115,8.82336],[92.86027,8.82328],[92.85986,8.82259],[92.85909,8.82162],[92.859,8.8215],[92.85811,8.82081]]],[[[78.57152,9.10206],[78.57078,9.10339],[78.57087,9.1042],[78.57214,9.1048],[78.57452,9.10696],[78.57639,9.10902],[78.5773,9.11107],[78.57834,9.11196],[78.57869,9.11248],[78.57876,9.11344],[78.57888,9.11356],[78.57924,9.11358],[78.58004,9.11285],[78.58182,9.11187],[78.58467,9.11149],[78.58557,9.1106],[78.58669,9.10971],[78.58761,9.10937],[78.58805,9.10899],[78.58653,9.10751],[78.58567,9.10789],[78.58476,9.10791],[78.58372,9.10754],[78.58304,9.10669],[78.58286,9.10565],[78.58233,9.10499],[78.58168,9.10479],[78.5808,9.10445],[78.58026,9.10338],[78.57958,9.10279],[78.57796,9.10231],[78.57669,9.1019],[78.57558,9.10231],[78.5742,9.10226],[78.57244,9.10204],[78.57152,9.10206]]],[[[93.05864,8.441],[93.03738,8.44676],[93.04408,8.47153],[93.05864,8.441]]],[[[93.48056,8.08637],[93.49132,8.089],[93.46867,8.10165],[93.45509,8.17532],[93.49402,8.19926],[93.49373,8.22114],[93.5388,8.22807],[93.54404,8.19615],[93.51311,8.17502],[93.49717,8.14343],[93.5465,8.08707],[93.54962,8.03624],[93.52902,8.051],[93.52639,8.03372],[93.50374,8.02403],[93.51111,8.01583],[93.50099,8.00001],[93.4862,8.01518],[93.48551,8.04422],[93.50868,8.03746],[93.51054,8.06741],[93.51772,8.04496],[93.53665,8.06476],[93.52515,8.07511],[93.53788,8.07932],[93.51574,8.08374],[93.48973,8.0496],[93.48056,8.08637]]],[[[79.06056,9.20145],[79.06076,9.20194],[79.06117,9.20239],[79.06161,9.20272],[79.06285,9.20367],[79.06335,9.20433],[79.06396,9.20512],[79.06428,9.20582],[79.06477,9.20626],[79.06526,9.20659],[79.06563,9.20661],[79.06623,9.2067],[79.06659,9.20703],[79.06717,9.20754],[79.06789,9.20762],[79.0684,9.20773],[79.06893,9.20809],[79.06956,9.20815],[79.06966,9.20802],[79.06981,9.2076],[79.06942,9.20712],[79.06891,9.20667],[79.06873,9.20625],[79.06898,9.20539],[79.0696,9.20437],[79.07022,9.20385],[79.07095,9.20309],[79.07188,9.20253],[79.07343,9.20149],[79.07387,9.20115],[79.0747,9.20061],[79.07549,9.20005],[79.07604,9.19966],[79.07723,9.19953],[79.07857,9.19962],[79.07981,9.19978],[79.08054,9.19996],[79.08147,9.19999],[79.08207,9.19976],[79.0822,9.19963],[79.08244,9.19923],[79.08221,9.19912],[79.08222,9.19884],[79.0827,9.19818],[79.0834,9.19753],[79.08389,9.19734],[79.08453,9.19722],[79.08531,9.19687],[79.08572,9.19634],[79.086,9.19616],[79.08675,9.19555],[79.08663,9.19527],[79.08639,9.19501],[79.08606,9.19477],[79.08563,9.19439],[79.0857,9.19409],[79.08579,9.19389],[79.08588,9.19307],[79.08638,9.19275],[79.08663,9.19283],[79.08714,9.19298],[79.08757,9.1932],[79.0875,9.19354],[79.08702,9.19402],[79.08678,9.19429],[79.08725,9.19418],[79.08786,9.19397],[79.08825,9.19389],[79.08849,9.19402],[79.08855,9.19464],[79.08874,9.19527],[79.08871,9.19584],[79.08856,9.19623],[79.08869,9.19633],[79.08884,9.19657],[79.0888,9.19722],[79.08869,9.19761],[79.08903,9.19801],[79.08936,9.1983],[79.08948,9.1986],[79.08978,9.19881],[79.0899,9.19906],[79.08967,9.19932],[79.08973,9.19953],[79.09029,9.19964],[79.0905,9.19952],[79.09077,9.19936],[79.09113,9.19933],[79.09125,9.19906],[79.09119,9.19866],[79.09095,9.19801],[79.091,9.19746],[79.09087,9.19685],[79.0905,9.1961],[79.09033,9.19581],[79.09001,9.19531],[79.08978,9.19496],[79.0896,9.19465],[79.08926,9.1942],[79.08856,9.19373],[79.08825,9.19324],[79.088,9.19286],[79.08736,9.1927],[79.08669,9.19248],[79.08596,9.19235],[79.08526,9.19242],[79.08475,9.19273],[79.08376,9.19337],[79.08311,9.19386],[79.08228,9.19439],[79.08069,9.19563],[79.07981,9.19604],[79.07912,9.19626],[79.07835,9.19655],[79.07743,9.19709],[79.07661,9.19753],[79.07608,9.19768],[79.07521,9.1981],[79.07423,9.19846],[79.07315,9.19872],[79.0715,9.19919],[79.07004,9.19951],[79.06901,9.19978],[79.06795,9.20015],[79.06615,9.20049],[79.06517,9.20026],[79.06417,9.19971],[79.06341,9.19898],[79.06266,9.19854],[79.06221,9.19808],[79.06134,9.19749],[79.0605,9.19702],[79.0597,9.1967],[79.05896,9.19672],[79.0586,9.19693],[79.05883,9.19741],[79.05913,9.19818],[79.05928,9.19871],[79.05965,9.19919],[79.05969,9.199],[79.05959,9.19859],[79.05989,9.19821],[79.05974,9.19794],[79.05921,9.19775],[79.05933,9.1976],[79.05969,9.19732],[79.05987,9.19723],[79.06008,9.19754],[79.06008,9.19781],[79.06037,9.19822],[79.0605,9.19787],[79.06067,9.19787],[79.06118,9.19825],[79.06105,9.19865],[79.0608,9.19918],[79.06113,9.19977],[79.0613,9.20038],[79.0615,9.20062],[79.06199,9.20069],[79.06335,9.2007],[79.06359,9.20108],[79.06407,9.20123],[79.06403,9.20135],[79.06347,9.20144],[79.06303,9.20117],[79.06242,9.20115],[79.06194,9.20098],[79.06161,9.20084],[79.06135,9.20096],[79.06104,9.20098],[79.06048,9.20043],[79.06019,9.19967],[79.06015,9.19912],[79.06002,9.19893],[79.05994,9.19933],[79.05999,9.19996],[79.06011,9.20054],[79.06056,9.20145]]],[[[76.32949,9.91267],[76.3298,9.91253],[76.33012,9.91265],[76.33038,9.91281],[76.33076,9.913],[76.33121,9.91321],[76.33127,9.91338],[76.33205,9.91394],[76.33229,9.91346],[76.33239,9.91318],[76.33266,9.91303],[76.33328,9.91176],[76.33366,9.91042],[76.33399,9.90993],[76.33448,9.90926],[76.33451,9.90799],[76.33452,9.9075],[76.33458,9.90712],[76.33476,9.9069],[76.33461,9.90671],[76.3347,9.90633],[76.33484,9.9056],[76.33515,9.90429],[76.33518,9.90414],[76.33557,9.90366],[76.33598,9.90329],[76.33866,9.90334],[76.34002,9.90339],[76.34102,9.90349],[76.34158,9.90095],[76.34194,9.90093],[76.34221,9.9004],[76.34237,9.8987],[76.34079,9.89825],[76.34082,9.89693],[76.34073,9.89573],[76.3404,9.89526],[76.34016,9.89479],[76.34008,9.89423],[76.34039,9.89307],[76.34006,9.89305],[76.33997,9.89282],[76.33997,9.8926],[76.34014,9.89228],[76.3401,9.89163],[76.34016,9.89104],[76.34012,9.89037],[76.34038,9.88958],[76.3407,9.88925],[76.34108,9.88935],[76.34176,9.88928],[76.34207,9.8891],[76.34246,9.88855],[76.34265,9.88788],[76.34307,9.88671],[76.34324,9.88592],[76.34288,9.88489],[76.34152,9.88482],[76.34067,9.88446],[76.33981,9.88421],[76.33888,9.88518],[76.33792,9.88624],[76.33755,9.88647],[76.33711,9.88695],[76.3371,9.88714],[76.33679,9.88808],[76.33673,9.88846],[76.33631,9.88839],[76.33535,9.88886],[76.33477,9.88942],[76.33483,9.88986],[76.3351,9.89025],[76.33533,9.89042],[76.33548,9.89026],[76.33558,9.89021],[76.33592,9.8903],[76.33648,9.89104],[76.33638,9.89289],[76.33628,9.89386],[76.33641,9.895],[76.33648,9.89558],[76.33614,9.89626],[76.3355,9.89678],[76.33523,9.89725],[76.33486,9.89826],[76.33417,9.89832],[76.3341,9.89787],[76.33276,9.89749],[76.33078,9.89947],[76.32889,9.90351],[76.32664,9.90994],[76.32551,9.91195],[76.32542,9.9128],[76.32482,9.91371],[76.32494,9.91432],[76.32541,9.91458],[76.32591,9.91471],[76.32632,9.91477],[76.32699,9.9148],[76.32719,9.91451],[76.32728,9.91446],[76.32739,9.91447],[76.32753,9.91471],[76.32773,9.91437],[76.32789,9.91411],[76.32796,9.9139],[76.32789,9.91361],[76.32798,9.91328],[76.32833,9.9134],[76.32849,9.91311],[76.32857,9.91291],[76.3288,9.91282],[76.32921,9.91288],[76.32949,9.91267]]],[[[76.31521,9.89706],[76.31692,9.88663],[76.30684,9.92115],[76.31521,9.89706]]],[[[76.27799,9.93184],[76.25894,9.9708],[76.27592,9.96319],[76.2924,9.93093],[76.27799,9.93184]]],[[[76.36641,9.81072],[76.36343,9.70286],[76.34849,9.7145],[76.3209,9.87152],[76.33621,9.86611],[76.34335,9.83461],[76.36641,9.81072]]],[[[76.35224,9.83578],[76.34961,9.8743],[76.37206,9.83151],[76.35224,9.83578]]],[[[73.65039,10.10681],[73.64039,10.06031],[73.63462,10.07485],[73.65039,10.10681]]],[[[72.63603,10.5686],[72.64579,10.57667],[72.64853,10.56262],[72.61601,10.54103],[72.63603,10.5686]]],[[[72.17097,10.81638],[72.17087,10.81642],[72.17071,10.81663],[72.17071,10.81695],[72.17082,10.81722],[72.17093,10.81765],[72.171,10.81787],[72.17116,10.81808],[72.17133,10.81867],[72.17151,10.81912],[72.17221,10.82008],[72.17294,10.82097],[72.17378,10.82213],[72.17469,10.82358],[72.1758,10.8255],[72.17693,10.82734],[72.17791,10.82884],[72.1785,10.82982],[72.17921,10.83089],[72.18031,10.8329],[72.18132,10.83474],[72.1819,10.83565],[72.18246,10.83681],[72.18249,10.83704],[72.18258,10.83714],[72.18279,10.83764],[72.18303,10.8382],[72.1831,10.83846],[72.18326,10.8389],[72.18346,10.83914],[72.18562,10.84304],[72.18674,10.84517],[72.18785,10.84711],[72.1884,10.84841],[72.18881,10.84954],[72.18899,10.84993],[72.18924,10.85078],[72.18954,10.85231],[72.18966,10.85283],[72.18965,10.85296],[72.1901,10.85508],[72.19014,10.8553],[72.19049,10.85719],[72.19058,10.85758],[72.19098,10.85904],[72.191,10.85943],[72.1911,10.85983],[72.19116,10.86066],[72.19119,10.86106],[72.19131,10.86149],[72.19136,10.86195],[72.19144,10.86228],[72.19166,10.86268],[72.19183,10.86307],[72.192,10.86349],[72.1921,10.8639],[72.19224,10.8643],[72.19241,10.86469],[72.19254,10.86494],[72.19254,10.86508],[72.19266,10.8655],[72.1928,10.86589],[72.19288,10.86635],[72.19293,10.86651],[72.19294,10.86682],[72.19299,10.86707],[72.19303,10.86724],[72.19321,10.86744],[72.19325,10.86766],[72.19339,10.8678],[72.19346,10.86809],[72.19363,10.86829],[72.19385,10.86868],[72.19449,10.87023],[72.19482,10.87092],[72.19539,10.87173],[72.19587,10.87234],[72.19623,10.87276],[72.1986,10.87553],[72.19919,10.87606],[72.20043,10.87731],[72.20122,10.87802],[72.20164,10.8784],[72.20192,10.87857],[72.20219,10.87831],[72.20261,10.87809],[72.20296,10.87793],[72.20441,10.87768],[72.20502,10.87764],[72.20576,10.87769],[72.20613,10.87766],[72.20642,10.87751],[72.20661,10.87721],[72.20674,10.87682],[72.20679,10.87651],[72.20674,10.8762],[72.20637,10.87524],[72.20593,10.87434],[72.20544,10.87342],[72.20513,10.87287],[72.20471,10.87197],[72.20448,10.87146],[72.20412,10.87068],[72.20325,10.86891],[72.20229,10.86754],[72.2015,10.866],[72.20081,10.86485],[72.20024,10.86389],[72.19946,10.86249],[72.19854,10.86103],[72.1977,10.85979],[72.1971,10.85893],[72.19629,10.8578],[72.1951,10.85593],[72.19369,10.85393],[72.19274,10.85237],[72.19168,10.8508],[72.19082,10.84947],[72.18996,10.84823],[72.18981,10.84793],[72.18965,10.84774],[72.1896,10.84753],[72.18963,10.8473],[72.18932,10.84679],[72.18846,10.84548],[72.18798,10.84465],[72.1877,10.84405],[72.18749,10.84352],[72.18657,10.84215],[72.18545,10.83989],[72.18448,10.8383],[72.1844,10.83815],[72.18423,10.83783],[72.18319,10.83574],[72.18285,10.83518],[72.1825,10.83443],[72.18229,10.8339],[72.18201,10.83301],[72.1813,10.83123],[72.18078,10.82992],[72.18047,10.82941],[72.18026,10.82909],[72.17944,10.82788],[72.17817,10.82615],[72.17712,10.82447],[72.17669,10.82382],[72.1765,10.82351],[72.17616,10.82321],[72.17597,10.82293],[72.1754,10.82217],[72.17504,10.82173],[72.17469,10.82131],[72.17362,10.81996],[72.17277,10.81854],[72.17178,10.81722],[72.17123,10.81667],[72.17109,10.81652],[72.17097,10.81638]]],[[[92.61675,10.92795],[92.61574,10.92789],[92.61498,10.92787],[92.61469,10.92779],[92.61438,10.9278],[92.61348,10.92802],[92.61284,10.92827],[92.61201,10.92869],[92.61122,10.92933],[92.60978,10.93035],[92.60889,10.93112],[92.60837,10.93174],[92.60778,10.93263],[92.60731,10.93328],[92.60683,10.93409],[92.60649,10.93469],[92.60609,10.93531],[92.60587,10.93605],[92.60582,10.93654],[92.60588,10.93717],[92.60601,10.93752],[92.60654,10.93773],[92.60716,10.93794],[92.60769,10.9381],[92.60821,10.93814],[92.60888,10.93821],[92.60926,10.93831],[92.60991,10.93816],[92.61051,10.93792],[92.61097,10.93757],[92.61145,10.93709],[92.61175,10.93661],[92.61189,10.93642],[92.61229,10.93623],[92.61279,10.9361],[92.61404,10.93564],[92.61462,10.93547],[92.61514,10.93548],[92.6156,10.93567],[92.61587,10.93593],[92.61623,10.93601],[92.61647,10.93584],[92.61687,10.93547],[92.61752,10.93434],[92.61786,10.93385],[92.61859,10.93278],[92.61916,10.93195],[92.61947,10.93121],[92.61985,10.93057],[92.62032,10.93017],[92.62032,10.92971],[92.6196,10.92934],[92.61894,10.929],[92.61856,10.92857],[92.61759,10.92804],[92.61675,10.92795]]],[[[92.22363,10.97386],[92.21495,10.97859],[92.22874,10.98227],[92.22363,10.97386]]],[[[92.6642,10.98259],[92.66335,10.98231],[92.66278,10.98222],[92.66221,10.98219],[92.66165,10.98219],[92.66115,10.98222],[92.66066,10.98241],[92.66031,10.98274],[92.65997,10.98326],[92.65967,10.98396],[92.6594,10.98455],[92.65911,10.98511],[92.65895,10.98577],[92.65887,10.98685],[92.65886,10.98786],[92.65896,10.98844],[92.65922,10.98926],[92.65968,10.99016],[92.66033,10.99128],[92.66091,10.99188],[92.66163,10.99238],[92.66215,10.99256],[92.66281,10.99269],[92.66344,10.99266],[92.66411,10.99268],[92.66603,10.99252],[92.6667,10.9923],[92.66738,10.99197],[92.66797,10.99148],[92.66854,10.99083],[92.66906,10.99006],[92.6695,10.98918],[92.66969,10.98837],[92.66968,10.98747],[92.66946,10.98662],[92.66902,10.98574],[92.66868,10.98526],[92.66731,10.98451],[92.66644,10.98405],[92.66577,10.98361],[92.66499,10.98306],[92.6642,10.98259]]],[[[92.3921,10.56039],[92.41936,10.61492],[92.40196,10.65675],[92.38091,10.66721],[92.37321,10.78241],[92.38393,10.79434],[92.38931,10.78311],[92.41,10.78714],[92.42421,10.82454],[92.45697,10.84049],[92.45373,10.86597],[92.48002,10.87197],[92.49721,10.89576],[92.52039,10.89739],[92.55834,10.86257],[92.56423,10.80432],[92.58764,10.78585],[92.58276,10.7432],[92.59663,10.67881],[92.57891,10.67509],[92.58267,10.65746],[92.55434,10.63973],[92.5398,10.61218],[92.54531,10.59206],[92.56843,10.57722],[92.53106,10.5184],[92.50526,10.51111],[92.43389,10.54758],[92.3848,10.53077],[92.3921,10.56039]]],[[[73.685,10.80748],[73.6606,10.81649],[73.70274,10.81634],[73.685,10.80748]]],[[[78.89856,9.17913],[78.89849,9.17931],[78.89848,9.17946],[78.89855,9.17954],[78.89874,9.17961],[78.899,9.17966],[78.89965,9.18006],[78.9003,9.18052],[78.90144,9.18164],[78.90194,9.18207],[78.90262,9.18243],[78.90349,9.18268],[78.9043,9.183],[78.90498,9.18318],[78.90533,9.18344],[78.90575,9.18366],[78.9059,9.18385],[78.90607,9.18401],[78.90618,9.18401],[78.90625,9.18396],[78.90625,9.18388],[78.90617,9.18385],[78.90609,9.18387],[78.90588,9.18358],[78.90589,9.18348],[78.90598,9.18321],[78.90618,9.18291],[78.90674,9.18236],[78.90707,9.18209],[78.90764,9.18174],[78.90818,9.18152],[78.9087,9.18139],[78.90934,9.18135],[78.90951,9.18139],[78.90999,9.18168],[78.91033,9.18174],[78.91119,9.18181],[78.91274,9.18205],[78.91309,9.18241],[78.91331,9.18284],[78.91363,9.18331],[78.91419,9.18356],[78.9149,9.18361],[78.91616,9.18339],[78.91838,9.18355],[78.91954,9.18386],[78.9204,9.18417],[78.92326,9.18432],[78.92438,9.18405],[78.92554,9.18396],[78.92642,9.18434],[78.92717,9.1846],[78.92875,9.18454],[78.92955,9.1844],[78.93084,9.18375],[78.93222,9.18351],[78.93369,9.18351],[78.93636,9.18385],[78.93711,9.18422],[78.93947,9.18564],[78.94029,9.18565],[78.94153,9.18541],[78.94199,9.18507],[78.94199,9.18473],[78.93967,9.18376],[78.93918,9.18343],[78.93854,9.18274],[78.9381,9.18241],[78.93763,9.18242],[78.93695,9.18271],[78.93619,9.18328],[78.93537,9.18322],[78.93418,9.18291],[78.93278,9.18204],[78.93142,9.18157],[78.93054,9.18139],[78.92967,9.18146],[78.92618,9.18221],[78.92428,9.18225],[78.9217,9.18236],[78.91857,9.18222],[78.91706,9.18206],[78.91507,9.18134],[78.91338,9.18089],[78.91145,9.18074],[78.91079,9.18061],[78.91029,9.18039],[78.90998,9.18036],[78.90946,9.18035],[78.90894,9.18037],[78.90856,9.18044],[78.90762,9.18053],[78.90725,9.18052],[78.90677,9.18046],[78.90623,9.18036],[78.90581,9.18025],[78.9042,9.17956],[78.90285,9.17878],[78.90264,9.17861],[78.90259,9.17853],[78.90212,9.17825],[78.90167,9.1781],[78.90091,9.17781],[78.90079,9.17782],[78.89952,9.17851],[78.89871,9.17901],[78.89856,9.17913]]],[[[92.77271,9.12561],[92.73149,9.12327],[92.71838,9.15893],[92.72132,9.21345],[92.76738,9.21555],[92.77567,9.25632],[92.81721,9.2156],[92.83139,9.16256],[92.82881,9.13908],[92.81002,9.12421],[92.77271,9.12561]]],[[[79.21018,9.28316],[79.26823,9.29406],[79.29179,9.3203],[79.32214,9.32413],[79.33489,9.31213],[79.31498,9.283],[79.32171,9.26731],[79.44594,9.15212],[79.2917,9.24939],[79.25188,9.2591],[79.21728,9.25204],[79.21018,9.28316]]],[[[72.71967,11.12862],[72.73311,11.13451],[72.71931,11.11255],[72.71967,11.12862]]],[[[72.78278,11.2501],[72.78996,11.25907],[72.76285,11.18049],[72.78278,11.2501]]],[[[92.6908,11.2501],[92.69288,11.28022],[92.70608,11.28926],[92.70598,11.26407],[92.6908,11.2501]]],[[[92.71203,11.30319],[92.69787,11.30982],[92.71251,11.31018],[92.72254,11.33317],[92.71203,11.30319]]],[[[92.67921,12.5241],[92.67234,12.54222],[92.68453,12.53933],[92.67921,12.5241]]],[[[92.88032,12.38362],[92.86332,12.37956],[92.84336,12.40146],[92.89009,12.40713],[92.88379,12.37449],[92.88032,12.38362]]],[[[92.93,12.36142],[92.91823,12.36887],[92.92664,12.40348],[92.93696,12.42062],[92.94887,12.4144],[92.95561,12.43514],[92.95977,12.42005],[92.93,12.36142]]],[[[92.7163,12.72085],[92.70478,12.72749],[92.70866,12.77325],[92.69295,12.79736],[92.70862,12.83016],[92.72554,12.74812],[92.71879,12.75475],[92.7163,12.72085]]],[[[92.72493,12.7619],[92.72459,12.76186],[92.72423,12.76205],[92.72394,12.76226],[92.72331,12.76292],[92.72254,12.76385],[92.72164,12.76512],[92.7202,12.76767],[92.71975,12.76838],[92.7192,12.76899],[92.71896,12.76951],[92.71868,12.77026],[92.71832,12.77095],[92.71798,12.77138],[92.71772,12.77194],[92.71765,12.7726],[92.718,12.77313],[92.71854,12.77376],[92.71871,12.7743],[92.71872,12.7751],[92.71885,12.7758],[92.71912,12.77624],[92.71945,12.77654],[92.71982,12.77694],[92.71992,12.77775],[92.71937,12.77833],[92.71893,12.77844],[92.7182,12.77838],[92.71613,12.77833],[92.71525,12.77822],[92.7149,12.77827],[92.71478,12.77858],[92.7148,12.77908],[92.71514,12.7797],[92.71528,12.78018],[92.71544,12.78087],[92.71568,12.78117],[92.71654,12.78159],[92.71742,12.78238],[92.71763,12.78287],[92.71757,12.78394],[92.71715,12.7851],[92.71713,12.78579],[92.71674,12.78664],[92.71694,12.7872],[92.71726,12.78782],[92.71754,12.78792],[92.71783,12.78786],[92.71823,12.78728],[92.7187,12.78673],[92.71966,12.78544],[92.7203,12.78391],[92.72095,12.78199],[92.72159,12.77957],[92.72195,12.77797],[92.7223,12.77612],[92.72241,12.77411],[92.72302,12.77228],[92.72311,12.77208],[92.72358,12.77009],[92.72379,12.76894],[92.72406,12.76786],[92.72429,12.76659],[92.72433,12.76554],[92.72466,12.76382],[92.7249,12.7627],[92.72498,12.76213],[92.72493,12.7619]]],[[[92.71265,12.8342],[92.71262,12.8343],[92.71294,12.83461],[92.71309,12.83467],[92.7131,12.83472],[92.71306,12.8348],[92.71299,12.83481],[92.71287,12.83478],[92.7127,12.83466],[92.71242,12.83454],[92.71183,12.83462],[92.71165,12.83461],[92.71147,12.83456],[92.71126,12.83445],[92.71106,12.83425],[92.71098,12.83398],[92.7109,12.83389],[92.71073,12.83388],[92.71039,12.83393],[92.71032,12.83383],[92.71023,12.83376],[92.71007,12.83374],[92.70992,12.83375],[92.70978,12.83382],[92.70973,12.83392],[92.7097,12.83413],[92.70982,12.83509],[92.70975,12.83525],[92.70961,12.83523],[92.70937,12.835],[92.70913,12.83499],[92.70841,12.83547],[92.70831,12.83557],[92.70826,12.83595],[92.70815,12.83603],[92.7081,12.83621],[92.70814,12.83638],[92.70821,12.83652],[92.70826,12.8367],[92.70825,12.83679],[92.70815,12.83682],[92.70787,12.83673],[92.70781,12.83684],[92.70782,12.83703],[92.708,12.83738],[92.70813,12.83752],[92.70817,12.83765],[92.70811,12.8377],[92.70795,12.83773],[92.70793,12.83783],[92.70799,12.83798],[92.70818,12.8382],[92.70834,12.83854],[92.70874,12.83914],[92.70933,12.84015],[92.70961,12.84052],[92.70966,12.84082],[92.70983,12.84108],[92.71017,12.84145],[92.71055,12.84225],[92.71059,12.84241],[92.71071,12.84256],[92.71077,12.84293],[92.71082,12.84307],[92.71091,12.84317],[92.711,12.84323],[92.71115,12.84344],[92.71119,12.84367],[92.71127,12.84392],[92.71137,12.84409],[92.71151,12.84418],[92.71164,12.84413],[92.71179,12.84402],[92.71202,12.84397],[92.71228,12.84398],[92.71261,12.84384],[92.71281,12.84366],[92.71293,12.84348],[92.713,12.84324],[92.71295,12.84282],[92.71285,12.84231],[92.71288,12.84206],[92.71295,12.84204],[92.71301,12.84207],[92.71306,12.84216],[92.71309,12.8423],[92.71316,12.84247],[92.71328,12.84249],[92.71336,12.84253],[92.7133,12.84285],[92.71331,12.84312],[92.71328,12.84343],[92.71311,12.84384],[92.71297,12.84411],[92.71289,12.84446],[92.71289,12.84477],[92.71295,12.84536],[92.71298,12.84649],[92.71314,12.84708],[92.71321,12.84777],[92.71321,12.84802],[92.71333,12.84841],[92.71365,12.84892],[92.71401,12.84956],[92.71414,12.84994],[92.71444,12.8506],[92.71501,12.85214],[92.71505,12.85251],[92.71515,12.85267],[92.7154,12.85292],[92.71558,12.85327],[92.71586,12.85368],[92.71618,12.85388],[92.71624,12.85398],[92.71624,12.8541],[92.71651,12.85458],[92.71678,12.85522],[92.71684,12.85545],[92.71696,12.8556],[92.71717,12.85687],[92.71724,12.85713],[92.71736,12.85737],[92.71748,12.85755],[92.7178,12.85779],[92.71782,12.8579],[92.71754,12.8585],[92.71754,12.85888],[92.71776,12.85946],[92.71789,12.8595],[92.71799,12.85945],[92.71813,12.85931],[92.71831,12.85925],[92.71869,12.85925],[92.7189,12.85921],[92.71917,12.85911],[92.71937,12.85898],[92.71997,12.8583],[92.72008,12.85828],[92.72005,12.85842],[92.71984,12.85877],[92.71984,12.859],[92.71999,12.85927],[92.72018,12.85955],[92.72034,12.85972],[92.72063,12.85986],[92.72107,12.8599],[92.72138,12.85986],[92.72167,12.85987],[92.72212,12.85996],[92.72287,12.86001],[92.72316,12.86],[92.72393,12.85976],[92.72406,12.85977],[92.72399,12.85988],[92.72385,12.85991],[92.72344,12.86007],[92.72321,12.86019],[92.72293,12.8602],[92.72241,12.86015],[92.722,12.86019],[92.72155,12.8602],[92.72132,12.86025],[92.72123,12.86029],[92.72081,12.86062],[92.72037,12.86072],[92.72035,12.86082],[92.72021,12.86087],[92.72013,12.86093],[92.72013,12.86112],[92.72008,12.8613],[92.72013,12.86143],[92.72032,12.86163],[92.72043,12.86185],[92.72048,12.86207],[92.72048,12.86221],[92.72043,12.86239],[92.72036,12.8625],[92.7202,12.86266],[92.72006,12.86285],[92.7201,12.86313],[92.72018,12.86337],[92.72019,12.86347],[92.72025,12.8636],[92.72036,12.8637],[92.72048,12.86371],[92.72055,12.86376],[92.72057,12.86393],[92.72052,12.86427],[92.7204,12.86455],[92.72039,12.86464],[92.72047,12.86465],[92.72063,12.86461],[92.72079,12.86449],[92.72098,12.86444],[92.7211,12.86447],[92.72114,12.86455],[92.72118,12.86473],[92.72125,12.86473],[92.72143,12.86464],[92.72154,12.86461],[92.72164,12.86463],[92.72172,12.8647],[92.72178,12.86486],[92.72183,12.86493],[92.72199,12.8649],[92.72205,12.86485],[92.72214,12.86469],[92.72234,12.86469],[92.72244,12.86463],[92.72257,12.86451],[92.72268,12.86435],[92.72301,12.86414],[92.72346,12.86397],[92.72382,12.86402],[92.72403,12.86402],[92.72418,12.86393],[92.72426,12.86391],[92.7244,12.86394],[92.72446,12.86417],[92.72454,12.86426],[92.72511,12.86463],[92.72521,12.86478],[92.72522,12.8649],[92.72537,12.86504],[92.72557,12.86509],[92.72559,12.86516],[92.72556,12.86523],[92.72561,12.86531],[92.72578,12.86529],[92.72593,12.86551],[92.72604,12.86555],[92.72611,12.86567],[92.72618,12.86567],[92.72623,12.86536],[92.72632,12.86537],[92.72657,12.86569],[92.72665,12.86571],[92.72673,12.86568],[92.7268,12.86558],[92.72687,12.86553],[92.72701,12.86553],[92.72708,12.86556],[92.72718,12.86556],[92.72719,12.86514],[92.72721,12.86505],[92.72728,12.86497],[92.72758,12.86487],[92.72777,12.86497],[92.72789,12.86497],[92.72797,12.86494],[92.72806,12.86477],[92.72811,12.86472],[92.72822,12.86473],[92.72829,12.8647],[92.72831,12.86448],[92.72837,12.86426],[92.72842,12.86416],[92.72855,12.86407],[92.72869,12.86411],[92.72882,12.86422],[92.72893,12.86424],[92.72885,12.86387],[92.72882,12.86364],[92.72876,12.86351],[92.72876,12.8634],[92.72883,12.86333],[92.72892,12.8633],[92.72909,12.86338],[92.72933,12.86339],[92.7295,12.86337],[92.72957,12.86358],[92.72961,12.8636],[92.72969,12.86355],[92.72968,12.86318],[92.72963,12.86289],[92.72966,12.86261],[92.72995,12.86176],[92.72997,12.86143],[92.72986,12.86114],[92.72967,12.86083],[92.72927,12.8604],[92.72909,12.86028],[92.72893,12.86021],[92.72879,12.8602],[92.72869,12.86024],[92.72863,12.86024],[92.72864,12.86017],[92.7288,12.86002],[92.72885,12.85993],[92.72882,12.85945],[92.72872,12.85927],[92.72858,12.85913],[92.72805,12.85879],[92.72775,12.85856],[92.72746,12.85826],[92.72739,12.85814],[92.72718,12.8576],[92.72698,12.85738],[92.72692,12.85725],[92.7269,12.85707],[92.72682,12.85693],[92.72662,12.8567],[92.72643,12.85639],[92.72623,12.85587],[92.72618,12.85563],[92.72583,12.85536],[92.72526,12.85441],[92.72495,12.85386],[92.7248,12.85369],[92.72479,12.85357],[92.72483,12.85332],[92.72501,12.85307],[92.72511,12.85262],[92.72534,12.85224],[92.7254,12.85203],[92.72548,12.85127],[92.72544,12.85113],[92.72534,12.85103],[92.7248,12.85069],[92.72471,12.85061],[92.72449,12.85023],[92.72414,12.84935],[92.72407,12.84906],[92.7239,12.84867],[92.72374,12.84842],[92.72334,12.84726],[92.72322,12.84707],[92.72256,12.84652],[92.72253,12.84639],[92.72255,12.84631],[92.7224,12.84589],[92.72224,12.84534],[92.72204,12.84479],[92.72184,12.84362],[92.72175,12.84334],[92.72155,12.84303],[92.72125,12.84269],[92.72116,12.84252],[92.72099,12.84194],[92.72063,12.84128],[92.72044,12.84048],[92.72045,12.84027],[92.72039,12.84011],[92.72038,12.83992],[92.72014,12.83951],[92.7195,12.83778],[92.71939,12.83738],[92.71925,12.83704],[92.71905,12.83683],[92.71882,12.83651],[92.7186,12.83606],[92.71851,12.83566],[92.7184,12.83533],[92.71815,12.83509],[92.71804,12.83493],[92.71787,12.83493],[92.7178,12.83483],[92.71771,12.83459],[92.71754,12.83429],[92.71734,12.83403],[92.71714,12.83364],[92.71665,12.8332],[92.71628,12.83303],[92.71591,12.83293],[92.71514,12.8327],[92.71501,12.83268],[92.71477,12.83281],[92.71472,12.83292],[92.71484,12.83307],[92.7148,12.8332],[92.71488,12.83331],[92.71487,12.83338],[92.7148,12.83341],[92.7147,12.83341],[92.71455,12.83332],[92.71439,12.83331],[92.71428,12.83326],[92.7141,12.83324],[92.71397,12.83326],[92.71382,12.83342],[92.71365,12.83349],[92.7136,12.83354],[92.71347,12.83354],[92.71347,12.83347],[92.71354,12.83341],[92.71354,12.83332],[92.7135,12.83328],[92.7132,12.83316],[92.71308,12.83315],[92.71296,12.83317],[92.71282,12.83347],[92.7128,12.83384],[92.71274,12.83393],[92.71265,12.8342]]],[[[92.87268,12.91586],[92.86022,12.93304],[92.88415,12.92961],[92.87268,12.91586]]],[[[92.98091,12.93356],[92.97017,12.93769],[92.97247,12.95541],[92.95668,12.95834],[92.96323,12.96937],[92.95311,12.98039],[92.96175,12.98925],[92.97243,12.9694],[92.98646,12.99292],[93.00683,12.9977],[92.97978,12.96702],[92.98091,12.93356]]],[[[92.70634,13.07096],[92.69546,13.09555],[92.71961,13.09858],[92.70634,13.07096]]],[[[92.93508,12.9977],[92.91633,13.01043],[92.92211,13.02854],[92.93994,13.02434],[92.94385,12.99756],[92.93508,12.9977]]],[[[92.79232,12.89232],[92.77455,12.91187],[92.79207,12.91639],[92.80056,12.89726],[92.79232,12.89232]]],[[[92.69096,12.83538],[92.67247,12.83733],[92.68911,12.81709],[92.66802,12.78289],[92.64851,12.86145],[92.68152,12.94696],[92.66906,12.96156],[92.69513,12.99253],[92.72042,12.97856],[92.72282,12.90278],[92.7149,12.86354],[92.69096,12.83538]]],[[[94.26425,13.43109],[94.24941,13.44145],[94.27031,13.46325],[94.27575,13.44244],[94.26425,13.43109]]],[[[93.04728,13.62259],[93.04268,13.63784],[93.06552,13.65312],[93.04728,13.62259]]],[[[74.72571,13.63677],[74.71808,13.6402],[74.74507,13.64239],[74.72571,13.63677]]],[[[74.6908,13.65396],[74.68237,13.65176],[74.68104,13.66786],[74.69999,13.66098],[74.6908,13.65396]]],[[[80.15615,14.58884],[80.1795,14.60035],[80.17836,14.58656],[80.15645,14.57803],[80.15615,14.58884]]],[[[80.12023,14.69959],[80.11691,14.73642],[80.13808,14.70558],[80.13005,14.69267],[80.12023,14.69959]]],[[[73.9055,15.538],[73.91605,15.54538],[73.9317,15.52827],[73.91131,15.50791],[73.87536,15.50604],[73.9055,15.538]]],[[[93.01344,13.67167],[93.02983,13.6278],[93.01036,13.6485],[92.98618,13.64301],[92.97789,13.65476],[93.01344,13.67167]]],[[[80.54607,15.85217],[80.63704,15.8839],[80.63733,15.87502],[80.54607,15.85217]]],[[[81.18165,16.08948],[81.18179,16.09025],[81.18232,16.09103],[81.18246,16.09206],[81.18299,16.09206],[81.18339,16.0936],[81.18366,16.09386],[81.18392,16.09515],[81.18472,16.09592],[81.18579,16.09875],[81.18579,16.1003],[81.18566,16.10056],[81.18699,16.10055],[81.18713,16.10184],[81.187,16.10197],[81.1862,16.10184],[81.1862,16.10236],[81.1878,16.10287],[81.1878,16.10313],[81.18726,16.10313],[81.18726,16.10339],[81.1878,16.10339],[81.1878,16.10365],[81.18726,16.10365],[81.18726,16.1039],[81.18806,16.1039],[81.1882,16.10442],[81.18873,16.10493],[81.18873,16.10545],[81.18953,16.10725],[81.1898,16.10751],[81.18993,16.1088],[81.19047,16.1088],[81.191,16.11111],[81.1902,16.11086],[81.1902,16.11189],[81.191,16.11215],[81.191,16.11137],[81.19127,16.11137],[81.19167,16.1124],[81.19167,16.11318],[81.191,16.11395],[81.19207,16.11421],[81.19194,16.11446],[81.19194,16.11575],[81.19221,16.11627],[81.19274,16.11807],[81.19288,16.1191],[81.19394,16.1191],[81.19368,16.11961],[81.19447,16.11961],[81.19448,16.12116],[81.19368,16.12129],[81.19341,16.12168],[81.19448,16.12193],[81.19439,16.12236],[81.19394,16.12245],[81.19395,16.12296],[81.19528,16.12322],[81.19501,16.12477],[81.19448,16.12477],[81.19466,16.12597],[81.19421,16.12593],[81.19381,16.12554],[81.19355,16.12451],[81.19341,16.12438],[81.19261,16.12425],[81.19261,16.12374],[81.19208,16.12374],[81.19221,16.12425],[81.19275,16.12477],[81.19328,16.12606],[81.19355,16.12889],[81.19329,16.13121],[81.19355,16.13198],[81.19342,16.13276],[81.19395,16.13275],[81.19435,16.13327],[81.19436,16.1343],[81.19462,16.13456],[81.19516,16.1361],[81.19542,16.13636],[81.19569,16.13791],[81.19596,16.13816],[81.19556,16.14074],[81.19876,16.14061],[81.19929,16.14112],[81.20009,16.14125],[81.20036,16.14254],[81.20143,16.14318],[81.2025,16.14331],[81.20249,16.14279],[81.20223,16.1428],[81.20223,16.14202],[81.20249,16.14202],[81.20236,16.14099],[81.20075,16.13584],[81.20049,16.13558],[81.20022,16.13429],[81.19995,16.13404],[81.19969,16.13275],[81.19942,16.13249],[81.19928,16.13095],[81.19875,16.13095],[81.19862,16.12914],[81.19808,16.12734],[81.19781,16.12708],[81.19728,16.12528],[81.19714,16.12399],[81.19661,16.12399],[81.19661,16.12245],[81.19608,16.12245],[81.19594,16.12116],[81.19487,16.11858],[81.19474,16.11729],[81.19421,16.1173],[81.1942,16.11549],[81.19367,16.11549],[81.19354,16.1142],[81.193,16.11343],[81.19287,16.11214],[81.19234,16.11214],[81.19193,16.11086],[81.19167,16.1106],[81.1906,16.10725],[81.19033,16.10699],[81.1898,16.10545],[81.18953,16.10519],[81.18846,16.10236],[81.18819,16.1021],[81.18766,16.10081],[81.18739,16.10055],[81.18579,16.09695],[81.18552,16.09669],[81.18499,16.0954],[81.18472,16.09515],[81.18419,16.0936],[81.18392,16.09334],[81.18365,16.09231],[81.18312,16.0918],[81.18272,16.09025],[81.18219,16.09025],[81.18205,16.08974],[81.18165,16.08948]]],[[[81.40098,16.35687],[81.38511,16.36051],[81.39782,16.37401],[81.40098,16.35687]]],[[[81.52353,16.38211],[81.54648,16.37922],[81.5576,16.34853],[81.53975,16.35901],[81.5013,16.35099],[81.54266,16.3487],[81.49116,16.35063],[81.47739,16.39123],[81.49575,16.36981],[81.52353,16.38211]]],[[[81.05541,15.89528],[81.05462,15.89425],[81.05462,15.89322],[81.05408,15.8927],[81.05368,15.89167],[81.05315,15.89155],[81.05275,15.89116],[81.05222,15.89039],[81.05209,15.88987],[81.05155,15.88987],[81.05142,15.88936],[81.05089,15.88858],[81.05049,15.8882],[81.04996,15.88807],[81.04996,15.8873],[81.04942,15.8873],[81.04929,15.88678],[81.04849,15.88601],[81.04783,15.88511],[81.04716,15.88472],[81.04596,15.88304],[81.04543,15.88292],[81.04529,15.8824],[81.04503,15.88214],[81.0449,15.88163],[81.04436,15.8815],[81.04343,15.8806],[81.0433,15.88008],[81.04277,15.87995],[81.04197,15.87892],[81.04143,15.87879],[81.04143,15.87828],[81.0409,15.87828],[81.04077,15.87776],[81.04024,15.87725],[81.0401,15.87673],[81.0393,15.87673],[81.03917,15.87622],[81.03864,15.8757],[81.03851,15.87519],[81.03797,15.87506],[81.03757,15.87467],[81.03691,15.87351],[81.03638,15.87338],[81.03624,15.87287],[81.03611,15.87274],[81.03558,15.87261],[81.03544,15.8721],[81.03531,15.87197],[81.03478,15.87184],[81.03464,15.87132],[81.03371,15.87042],[81.03318,15.87029],[81.03305,15.86978],[81.03238,15.86888],[81.03145,15.86823],[81.03092,15.86746],[81.03078,15.86694],[81.02999,15.86694],[81.02985,15.86643],[81.02919,15.86553],[81.02865,15.8654],[81.02852,15.86488],[81.02719,15.8636],[81.02666,15.86282],[81.02652,15.86231],[81.02599,15.86218],[81.02533,15.86153],[81.02493,15.8605],[81.02439,15.86037],[81.02399,15.85999],[81.0236,15.85896],[81.02306,15.85896],[81.02266,15.85793],[81.02133,15.85664],[81.02107,15.85612],[81.02,15.85509],[81.0196,15.85406],[81.01907,15.85393],[81.01867,15.85329],[81.01854,15.85226],[81.01801,15.85213],[81.01761,15.85149],[81.01747,15.85071],[81.01694,15.85071],[81.01654,15.84917],[81.01574,15.84865],[81.01534,15.84736],[81.01481,15.84736],[81.01481,15.84633],[81.01428,15.84633],[81.01454,15.84685],[81.01401,15.84685],[81.01441,15.84736],[81.01454,15.84814],[81.01508,15.84814],[81.01534,15.84917],[81.01481,15.84917],[81.01468,15.84865],[81.01441,15.84839],[81.01414,15.84762],[81.01388,15.84736],[81.01335,15.84582],[81.01268,15.8453],[81.01255,15.84582],[81.01241,15.84595],[81.01215,15.84595],[81.01202,15.84582],[81.01162,15.84427],[81.01029,15.84414],[81.01015,15.84401],[81.00975,15.84247],[81.00922,15.84234],[81.00882,15.84195],[81.00802,15.84067],[81.00722,15.83757],[81.00696,15.83706],[81.00696,15.8368],[81.00709,15.83654],[81.00656,15.83654],[81.00643,15.83706],[81.00629,15.83757],[81.00682,15.83757],[81.00669,15.83783],[81.00656,15.83912],[81.00709,15.83912],[81.00736,15.84092],[81.00789,15.84092],[81.0078,15.84161],[81.00762,15.84157],[81.00709,15.84105],[81.00638,15.84109],[81.00603,15.84079],[81.00549,15.84067],[81.00549,15.84118],[81.0062,15.84127],[81.00643,15.84195],[81.00683,15.84247],[81.00576,15.84247],[81.00576,15.84273],[81.00683,15.84363],[81.00709,15.84363],[81.00762,15.84324],[81.00776,15.84376],[81.00882,15.84479],[81.00922,15.84608],[81.00975,15.84608],[81.01015,15.84659],[81.01015,15.84711],[81.01095,15.84788],[81.01162,15.84943],[81.01215,15.84943],[81.01268,15.85097],[81.01348,15.85097],[81.01401,15.85252],[81.01454,15.85252],[81.01454,15.85303],[81.01508,15.85303],[81.01534,15.85406],[81.01614,15.85432],[81.01627,15.85484],[81.01734,15.85587],[81.01774,15.8569],[81.01827,15.85728],[81.0188,15.85741],[81.0192,15.85793],[81.01934,15.85844],[81.0204,15.85934],[81.02093,15.85947],[81.02093,15.85999],[81.02147,15.85999],[81.02147,15.8605],[81.02226,15.86076],[81.02227,15.86128],[81.0228,15.86128],[81.0232,15.86179],[81.02333,15.86231],[81.02413,15.86256],[81.02413,15.86308],[81.02466,15.86308],[81.02493,15.86385],[81.02573,15.86411],[81.02626,15.8654],[81.02759,15.86566],[81.02786,15.86669],[81.02839,15.86682],[81.02865,15.86707],[81.02919,15.8672],[81.02932,15.86772],[81.02985,15.86823],[81.02999,15.86875],[81.03078,15.86875],[81.03132,15.87004],[81.03238,15.87029],[81.03278,15.87107],[81.03265,15.87158],[81.03345,15.87158],[81.03345,15.8721],[81.03398,15.87223],[81.03584,15.87403],[81.03638,15.87416],[81.03664,15.87493],[81.03744,15.87519],[81.03771,15.87596],[81.03851,15.8766],[81.03904,15.87673],[81.03944,15.87725],[81.03957,15.87776],[81.0401,15.87776],[81.03984,15.87828],[81.04037,15.87828],[81.04077,15.87879],[81.0409,15.87957],[81.04143,15.87957],[81.04143,15.88008],[81.0425,15.88008],[81.04277,15.88163],[81.0433,15.88163],[81.0433,15.88214],[81.04436,15.88189],[81.0441,15.88292],[81.04543,15.88317],[81.04516,15.88395],[81.04596,15.8842],[81.0457,15.88575],[81.04703,15.88601],[81.04703,15.88652],[81.04756,15.88652],[81.04796,15.88704],[81.04836,15.88807],[81.04916,15.88833],[81.04929,15.88884],[81.04982,15.88936],[81.04996,15.88987],[81.05049,15.88987],[81.05089,15.8909],[81.05169,15.89167],[81.05182,15.89245],[81.05262,15.89309],[81.05315,15.89322],[81.05342,15.89425],[81.05395,15.89425],[81.05462,15.89502],[81.05515,15.8958],[81.05528,15.89631],[81.05581,15.89631],[81.05675,15.89786],[81.05728,15.89837],[81.05741,15.89889],[81.05848,15.89979],[81.05892,15.90001],[81.05901,15.90018],[81.05874,15.90018],[81.05874,15.90043],[81.05954,15.90095],[81.05941,15.90018],[81.05888,15.89966],[81.05821,15.89811],[81.05741,15.89811],[81.05728,15.8976],[81.05661,15.89644],[81.05608,15.89631],[81.05595,15.8958],[81.05541,15.89528]]],[[[81.00017,15.86282],[80.99964,15.86282],[80.99964,15.86334],[80.99937,15.86334],[80.99937,15.86282],[80.99778,15.86295],[80.99764,15.86308],[80.99751,15.86385],[80.99618,15.86398],[80.99604,15.86411],[80.99604,15.86463],[80.99618,15.86488],[80.99538,15.86488],[80.99538,15.86514],[80.99565,15.86527],[80.99724,15.86527],[80.99751,15.86553],[80.99857,15.86592],[80.99871,15.86643],[80.99924,15.86695],[80.99924,15.86746],[80.99901,15.86763],[80.99857,15.86759],[80.99778,15.86707],[80.99671,15.86617],[80.99724,15.86849],[80.99778,15.86888],[80.99964,15.86965],[80.99981,15.86987],[80.99964,15.87081],[80.9999,15.87081],[81.00017,15.86978],[80.9999,15.86952],[81.00044,15.86952],[81.00017,15.86875],[80.99964,15.86862],[80.9992,15.86781],[80.9999,15.86746],[81.0003,15.86798],[81.00057,15.86875],[81.0011,15.86927],[81.00124,15.86978],[81.00168,15.86987],[81.00163,15.87107],[81.0015,15.87133],[81.00203,15.87145],[81.00337,15.87223],[81.00443,15.87223],[81.00629,15.873],[81.00683,15.87352],[81.00762,15.87377],[81.00789,15.87403],[81.00842,15.87416],[81.00842,15.87468],[81.00896,15.87468],[81.00896,15.87519],[81.01135,15.87558],[81.01162,15.87583],[81.01268,15.87609],[81.01508,15.87609],[81.01588,15.87661],[81.01827,15.87648],[81.01854,15.87519],[81.01827,15.87519],[81.01827,15.87493],[81.01801,15.87493],[81.01787,15.87442],[81.01747,15.8739],[81.01801,15.8739],[81.01814,15.87313],[81.01747,15.87248],[81.01694,15.87236],[81.01734,15.87184],[81.01734,15.87158],[81.01668,15.8712],[81.01534,15.87107],[81.01574,15.87158],[81.01574,15.87184],[81.01561,15.87197],[81.01481,15.87197],[81.01455,15.87171],[81.01401,15.87171],[81.01282,15.87055],[81.01295,15.86978],[81.01322,15.86991],[81.01401,15.86978],[81.01401,15.86926],[81.01428,15.86914],[81.01534,15.86926],[81.01534,15.86823],[81.01481,15.86823],[81.01468,15.86772],[81.01441,15.86746],[81.01428,15.86695],[81.01348,15.86682],[81.01255,15.86592],[81.01242,15.8654],[81.01162,15.8654],[81.01162,15.86488],[81.01109,15.86488],[81.01069,15.86385],[81.01055,15.86372],[81.01029,15.86372],[81.00896,15.86411],[81.00896,15.8636],[81.00949,15.86385],[81.00935,15.86334],[81.00922,15.86321],[81.00683,15.86321],[81.00669,15.86334],[81.00647,15.86531],[81.00616,15.86514],[81.00603,15.86463],[81.00549,15.8645],[81.00496,15.86411],[81.00496,15.86463],[81.00416,15.86476],[81.00283,15.86463],[81.00257,15.86566],[81.0019,15.86514],[81.00163,15.86463],[81.00163,15.86385],[81.0015,15.86373],[81.0007,15.86373],[81.0003,15.86334],[81.00017,15.86282]]],[[[82.25879,16.62379],[82.27242,16.63907],[82.27259,16.62413],[82.25879,16.62379]]],[[[80.82902,15.74241],[80.82323,15.71189],[80.79277,15.7586],[80.81107,15.73301],[80.82902,15.74241]]],[[[80.85948,15.70935],[80.83093,15.71444],[80.86134,15.81589],[80.89812,15.74708],[80.93008,15.71871],[80.85948,15.70935]]],[[[80.8041,15.78501],[80.80264,15.78753],[80.80177,15.79021],[80.80003,15.7938],[80.79857,15.7976],[80.79688,15.80326],[80.79607,15.80572],[80.79508,15.80953],[80.79432,15.81222],[80.79427,15.81574],[80.79526,15.81658],[80.79659,15.81608],[80.7977,15.81518],[80.79904,15.81569],[80.80067,15.81569],[80.80113,15.81513],[80.80131,15.81222],[80.80183,15.80908],[80.80282,15.8069],[80.80305,15.8055],[80.80323,15.80203],[80.8034,15.79839],[80.80369,15.79621],[80.80451,15.79413],[80.8052,15.79262],[80.8059,15.79089],[80.80637,15.78926],[80.80643,15.78753],[80.80555,15.78607],[80.80503,15.78518],[80.8041,15.78501]]],[[[80.8689,15.82041],[80.88705,15.84965],[80.90516,15.82364],[80.95502,15.79955],[81.00514,15.75483],[80.9365,15.71797],[80.8759,15.7909],[80.8689,15.82041]]],[[[93.02172,13.30213],[93.0216,13.30206],[93.02143,13.30218],[93.02138,13.30246],[93.02149,13.30285],[93.02143,13.30303],[93.02125,13.30331],[93.02101,13.30389],[93.02052,13.30479],[93.02014,13.30555],[93.01984,13.30607],[93.01996,13.30666],[93.01991,13.30704],[93.01956,13.30734],[93.01923,13.30753],[93.01868,13.30797],[93.01841,13.30833],[93.01815,13.30859],[93.01804,13.30867],[93.01784,13.3087],[93.01767,13.30854],[93.01753,13.3083],[93.01739,13.30822],[93.01715,13.30819],[93.01684,13.30824],[93.01661,13.30835],[93.01637,13.30867],[93.01629,13.30874],[93.01604,13.30873],[93.01578,13.30877],[93.01552,13.30889],[93.01534,13.30908],[93.01529,13.30931],[93.01537,13.30959],[93.0154,13.30984],[93.01556,13.3101],[93.01562,13.31057],[93.01565,13.31114],[93.01563,13.31157],[93.01559,13.31188],[93.01557,13.31231],[93.0163,13.31321],[93.01671,13.31412],[93.01628,13.31512],[93.01562,13.31572],[93.01566,13.31702],[93.01598,13.31859],[93.01607,13.32006],[93.01603,13.32241],[93.01628,13.32398],[93.01689,13.32682],[93.01709,13.32788],[93.01741,13.32859],[93.01774,13.3291],[93.01826,13.32914],[93.0204,13.32905],[93.02139,13.32924],[93.022,13.32924],[93.02271,13.32906],[93.02343,13.32871],[93.02417,13.3284],[93.02474,13.32782],[93.02485,13.32725],[93.02476,13.32686],[93.0248,13.3266],[93.025,13.32648],[93.02505,13.32635],[93.02496,13.32623],[93.02476,13.32616],[93.0238,13.32627],[93.02319,13.32615],[93.02276,13.32596],[93.0225,13.32568],[93.02229,13.32449],[93.02207,13.32415],[93.02192,13.32398],[93.02178,13.32351],[93.02168,13.32292],[93.02151,13.32218],[93.02133,13.32094],[93.02117,13.32036],[93.02113,13.31996],[93.02098,13.31959],[93.02088,13.3192],[93.02109,13.31892],[93.02125,13.31865],[93.02132,13.31827],[93.02109,13.31788],[93.02061,13.31755],[93.02015,13.3171],[93.01974,13.31664],[93.01973,13.31617],[93.01984,13.31582],[93.02019,13.31556],[93.0204,13.31528],[93.02068,13.31506],[93.02159,13.31411],[93.02157,13.31362],[93.02142,13.31316],[93.02095,13.31265],[93.0208,13.31237],[93.02094,13.31222],[93.0213,13.31222],[93.02156,13.31233],[93.02186,13.31222],[93.02204,13.31193],[93.02196,13.31182],[93.02186,13.31151],[93.02227,13.31097],[93.02245,13.31053],[93.02252,13.30989],[93.0226,13.3096],[93.02289,13.30932],[93.02308,13.30901],[93.02322,13.30839],[93.02331,13.30749],[93.02328,13.30634],[93.02308,13.30547],[93.02272,13.30451],[93.02241,13.30383],[93.02176,13.30254],[93.02172,13.30213]]],[[[93.04913,13.37398],[93.05496,13.38238],[93.07094,13.34721],[93.08977,13.33731],[93.06578,13.30353],[93.06086,13.32941],[93.04005,13.32239],[93.03715,13.3719],[93.04913,13.37398]]],[[[92.8124,13.39989],[92.81236,13.39988],[92.81159,13.39975],[92.81076,13.3997],[92.81005,13.39975],[92.80956,13.39993],[92.80927,13.40012],[92.80868,13.40056],[92.80809,13.40116],[92.80735,13.40176],[92.80678,13.40236],[92.80647,13.40289],[92.80624,13.40346],[92.80604,13.40439],[92.80588,13.40482],[92.806,13.40537],[92.80618,13.40559],[92.80643,13.4058],[92.80687,13.40604],[92.80755,13.40633],[92.80868,13.40697],[92.80917,13.40737],[92.80945,13.40764],[92.80961,13.40798],[92.80985,13.40863],[92.81007,13.40893],[92.81066,13.4094],[92.81076,13.40964],[92.81079,13.41028],[92.81098,13.41173],[92.8112,13.41274],[92.81155,13.41348],[92.81198,13.41403],[92.81208,13.41434],[92.81212,13.4147],[92.81204,13.41492],[92.81187,13.4152],[92.81162,13.41547],[92.81127,13.41616],[92.81094,13.41688],[92.8105,13.41756],[92.81022,13.41804],[92.81007,13.4184],[92.8101,13.41893],[92.81024,13.41944],[92.81032,13.41987],[92.8106,13.4201],[92.81091,13.42019],[92.81102,13.42029],[92.81098,13.4205],[92.81071,13.42074],[92.8108,13.42106],[92.81099,13.42122],[92.81176,13.42145],[92.81238,13.4215],[92.8124,13.4215],[92.8126,13.4215],[92.81301,13.4215],[92.81422,13.4214],[92.81462,13.4211],[92.81495,13.42046],[92.81511,13.42003],[92.81558,13.41894],[92.81603,13.41761],[92.81641,13.41736],[92.81708,13.41724],[92.81769,13.41707],[92.81916,13.41645],[92.81929,13.4163],[92.81921,13.41611],[92.81905,13.4159],[92.81886,13.41555],[92.81833,13.41438],[92.81824,13.41388],[92.81822,13.41305],[92.81826,13.41272],[92.81853,13.41242],[92.81876,13.41235],[92.81918,13.41228],[92.8195,13.41214],[92.81974,13.41177],[92.81977,13.41142],[92.81965,13.41092],[92.8196,13.41055],[92.8196,13.41019],[92.81952,13.40955],[92.8194,13.40921],[92.81924,13.40891],[92.81936,13.40868],[92.81936,13.40834],[92.8194,13.40795],[92.81922,13.40755],[92.81913,13.40729],[92.81933,13.40715],[92.81949,13.40741],[92.8197,13.40749],[92.81977,13.40742],[92.81973,13.40721],[92.81949,13.40695],[92.81928,13.40677],[92.81887,13.4069],[92.81869,13.40689],[92.81855,13.40679],[92.81867,13.40655],[92.8189,13.40618],[92.81889,13.40515],[92.81857,13.40437],[92.81786,13.40282],[92.81741,13.40219],[92.81628,13.4014],[92.81556,13.40106],[92.81496,13.40088],[92.81427,13.40072],[92.81332,13.40028],[92.81289,13.40001],[92.8126,13.39994],[92.8124,13.39989]]],[[[92.83339,13.41851],[92.82115,13.43348],[92.84232,13.45],[92.84664,13.43034],[92.83339,13.41851]]],[[[92.86541,13.50926],[92.87517,13.51311],[92.87222,13.49691],[92.86541,13.50926]]],[[[92.88948,13.57358],[92.88365,13.59273],[92.90188,13.60338],[92.88948,13.57358]]],[[[82.30394,16.75505],[82.30053,16.8316],[82.32804,16.85543],[82.35809,16.8518],[82.33894,16.74397],[82.31742,16.73319],[82.30394,16.75505]]],[[[82.32542,16.98987],[82.34107,16.98921],[82.35816,16.9654],[82.36295,16.90768],[82.35708,16.95298],[82.32542,16.98987]]],[[[73.02766,18.02966],[73.02394,18.04244],[73.03892,18.04858],[73.02766,18.02966]]],[[[73.00158,18.80557],[73.02276,18.81459],[73.07131,18.80707],[73.02956,18.79314],[73.00158,18.80557]]],[[[72.87343,19.32517],[72.87357,19.32496],[72.87343,19.32462],[72.87319,19.32459],[72.86763,19.32656],[72.86664,19.32707],[72.86551,19.3278],[72.86419,19.32833],[72.86282,19.32883],[72.861,19.32935],[72.85953,19.32963],[72.85878,19.32969],[72.85396,19.33046],[72.8531,19.3305],[72.85224,19.33046],[72.85176,19.33057],[72.8513,19.33058],[72.85091,19.33035],[72.85036,19.33036],[72.84997,19.33045],[72.84911,19.33053],[72.84652,19.33086],[72.84422,19.33127],[72.84252,19.33162],[72.84044,19.33192],[72.8392,19.33224],[72.83813,19.33236],[72.83737,19.3326],[72.83596,19.33296],[72.835,19.33324],[72.8348,19.33347],[72.83484,19.33426],[72.83517,19.33517],[72.83553,19.33562],[72.83687,19.33669],[72.83826,19.33734],[72.84,19.3379],[72.84128,19.33809],[72.84253,19.33818],[72.84479,19.33815],[72.84797,19.3379],[72.85018,19.33777],[72.85385,19.33716],[72.85608,19.33654],[72.85834,19.33583],[72.86039,19.33502],[72.86259,19.33399],[72.86459,19.3328],[72.86684,19.33134],[72.86873,19.32991],[72.87012,19.32864],[72.87179,19.32695],[72.87343,19.32517]]],[[[72.73156,19.45541],[72.72637,19.47359],[72.73717,19.46504],[72.73156,19.45541]]],[[[72.80538,19.49957],[72.82824,19.50705],[72.81709,19.49239],[72.80538,19.49957]]],[[[72.86651,19.52424],[72.84223,19.52503],[72.85113,19.53719],[72.87352,19.52819],[72.86651,19.52424]]],[[[86.2451,19.91087],[86.28844,19.96101],[86.28821,19.95161],[86.31138,19.94694],[86.34618,19.96343],[86.37478,19.9585],[86.2451,19.91087]]],[[[72.93026,18.96709],[72.94252,18.96731],[72.9348,18.95258],[72.93026,18.96709]]],[[[72.79382,18.93927],[72.81472,18.98339],[72.81532,19.02601],[72.8289,19.02066],[72.83819,19.04299],[72.81713,19.04217],[72.82618,19.09473],[72.80423,19.14546],[72.79334,19.13018],[72.78333,19.13853],[72.78113,19.16725],[72.79623,19.18261],[72.79643,19.19704],[72.7824,19.19289],[72.77513,19.20812],[72.78625,19.30628],[72.81619,19.30201],[72.85619,19.3178],[72.91395,19.27419],[72.91135,19.28729],[72.96957,19.29284],[72.98778,19.27772],[73.00336,19.2228],[72.98202,19.1927],[72.95906,19.10461],[72.95716,19.03167],[72.90671,18.99065],[72.88607,18.99441],[72.88374,19.00866],[72.86103,19.00198],[72.83617,18.92807],[72.84445,18.9253],[72.80042,18.88008],[72.80536,18.91105],[72.82554,18.91973],[72.82375,18.93987],[72.80804,18.95479],[72.79382,18.93927]]],[[[86.41435,20.01466],[86.41221,19.99795],[86.38317,19.97618],[86.39379,19.98801],[86.38148,19.99034],[86.40532,19.99767],[86.41867,20.026],[86.41435,20.01466]]],[[[86.27491,20.06088],[86.27382,20.06139],[86.26918,20.06227],[86.26918,20.06279],[86.26972,20.06318],[86.28625,20.06372],[86.28789,20.06295],[86.28972,20.06124],[86.28977,20.06081],[86.29004,20.06056],[86.29046,20.05798],[86.28978,20.0585],[86.28991,20.05901],[86.28937,20.05901],[86.28936,20.05952],[86.28855,20.05965],[86.28782,20.05943],[86.28773,20.05926],[86.28882,20.05926],[86.28855,20.05875],[86.28937,20.05849],[86.28978,20.05772],[86.28992,20.05669],[86.29101,20.05618],[86.2917,20.0549],[86.29266,20.05361],[86.29266,20.05336],[86.29239,20.05336],[86.2923,20.05352],[86.28912,20.05296],[86.28749,20.05218],[86.28722,20.05179],[86.28885,20.05205],[86.28886,20.05154],[86.28967,20.0518],[86.28954,20.05128],[86.28723,20.04986],[86.28614,20.04934],[86.28505,20.04921],[86.28505,20.04972],[86.28355,20.05049],[86.28341,20.05126],[86.28259,20.05113],[86.28054,20.05253],[86.27999,20.05382],[86.27491,20.06088]]],[[[86.3168,20.01688],[86.3015,20.02661],[86.31374,20.03284],[86.3168,20.01688]]],[[[86.29453,20.04135],[86.30828,20.0341],[86.27124,20.03035],[86.26584,20.01964],[86.24508,20.03024],[86.26865,20.05931],[86.29453,20.04135]]],[[[86.78927,20.38757],[86.78921,20.38866],[86.78923,20.38989],[86.78922,20.39261],[86.78934,20.39356],[86.78977,20.39485],[86.78999,20.39608],[86.79006,20.39739],[86.78987,20.40149],[86.78906,20.40316],[86.78789,20.4047],[86.78828,20.4062],[86.78972,20.40612],[86.79074,20.40747],[86.7907,20.40958],[86.79121,20.41161],[86.79107,20.41344],[86.79066,20.41577],[86.7909,20.41825],[86.79088,20.42257],[86.79104,20.4244],[86.7909,20.42567],[86.79142,20.42643],[86.79099,20.4278],[86.79132,20.42806],[86.79163,20.42801],[86.79211,20.42777],[86.79302,20.42637],[86.79309,20.42439],[86.79367,20.42272],[86.79408,20.42055],[86.79385,20.4192],[86.79394,20.41741],[86.7949,20.4154],[86.79477,20.41422],[86.79503,20.41304],[86.79567,20.41218],[86.79547,20.41129],[86.79378,20.40814],[86.79317,20.40634],[86.79299,20.40459],[86.79301,20.40123],[86.79324,20.39875],[86.79353,20.39707],[86.79397,20.39619],[86.79428,20.39492],[86.79461,20.39306],[86.79424,20.39159],[86.79317,20.38991],[86.78989,20.38766],[86.7897,20.38758],[86.78927,20.38757]]],[[[86.79542,20.45328],[86.80251,20.50103],[86.80994,20.47951],[86.79542,20.45328]]],[[[70.89201,20.73159],[70.95977,20.73579],[70.96235,20.72089],[70.96734,20.72852],[70.99805,20.71606],[70.97685,20.70203],[70.92733,20.71189],[70.89982,20.69912],[70.87308,20.7086],[70.89201,20.73159]]],[[[87.09381,20.75163],[87.07273,20.75499],[87.0856,20.76451],[87.09381,20.75163]]],[[[72.86026,20.76511],[72.86025,20.76562],[72.86052,20.76576],[72.86079,20.76615],[72.86024,20.76601],[72.85916,20.76522],[72.85834,20.76521],[72.85724,20.76559],[72.85709,20.7661],[72.85613,20.76647],[72.85585,20.76673],[72.85311,20.76695],[72.85105,20.76783],[72.85091,20.76834],[72.84789,20.76843],[72.84734,20.76894],[72.84624,20.76931],[72.84609,20.76982],[72.8454,20.77046],[72.84485,20.77071],[72.84416,20.77134],[72.84332,20.77236],[72.84318,20.77288],[72.84263,20.773],[72.84328,20.77457],[72.8434,20.77674],[72.84242,20.77776],[72.84283,20.77802],[72.84283,20.77828],[72.84281,20.77931],[72.84295,20.77956],[72.84294,20.78008],[72.84266,20.78033],[72.84252,20.78085],[72.84334,20.78111],[72.84374,20.78163],[72.84387,20.78215],[72.84468,20.78242],[72.84441,20.78267],[72.8444,20.78293],[72.84468,20.78293],[72.84477,20.78276],[72.8455,20.78269],[72.84538,20.7814],[72.84498,20.78088],[72.84517,20.77728],[72.84545,20.77702],[72.84559,20.77651],[72.84586,20.77651],[72.84598,20.7778],[72.84625,20.77806],[72.84662,20.7809],[72.84772,20.78091],[72.84787,20.77963],[72.84706,20.7791],[72.84702,20.77893],[72.84802,20.77886],[72.84828,20.77963],[72.84856,20.77963],[72.84857,20.77886],[72.84884,20.77899],[72.85021,20.77888],[72.85022,20.77837],[72.85159,20.77813],[72.85175,20.77633],[72.85189,20.77607],[72.85053,20.7758],[72.85053,20.77554],[72.8519,20.77543],[72.853,20.77493],[72.85382,20.77494],[72.85409,20.77507],[72.85424,20.77456],[72.85412,20.77327],[72.85357,20.77326],[72.85358,20.77275],[72.85331,20.77274],[72.8533,20.77326],[72.85303,20.77326],[72.85278,20.77119],[72.85359,20.77185],[72.85414,20.77198],[72.85374,20.77095],[72.85399,20.76949],[72.85417,20.76941],[72.85429,20.77096],[72.85456,20.77122],[72.85495,20.77277],[72.85522,20.7729],[72.86261,20.7726],[72.86275,20.77235],[72.86278,20.77029],[72.86189,20.7659],[72.86089,20.7658],[72.8608,20.76563],[72.86134,20.76564],[72.86107,20.76525],[72.86026,20.76511]]],[[[72.68647,21.09365],[72.66639,21.1403],[72.67402,21.15575],[72.70935,21.1416],[72.68647,21.09365]]],[[[71.57815,20.98862],[71.54663,20.97198],[71.53357,20.99315],[71.55126,21.00228],[71.57815,20.98862]]],[[[71.58146,20.98986],[71.57352,21.00593],[71.58958,21.00003],[71.58146,20.98986]]],[[[86.86033,20.66252],[86.84284,20.6521],[86.8299,20.6728],[86.80319,20.67627],[86.79612,20.6649],[86.81346,20.66255],[86.81929,20.63893],[86.77532,20.64866],[86.83644,20.76572],[86.85698,20.7757],[86.9944,20.76915],[87.00769,20.74056],[86.99807,20.71103],[86.93417,20.7161],[86.86033,20.66252]]],[[[87.01676,20.71389],[87.01581,20.7121],[87.01183,20.70909],[87.00719,20.70815],[87.00493,20.70826],[87.00261,20.70898],[87.00403,20.71015],[87.00707,20.71371],[87.0107,20.71883],[87.0123,20.72011],[87.01492,20.72128],[87.01605,20.721],[87.01712,20.71894],[87.01724,20.71633],[87.01676,20.71389]]],[[[86.34664,19.98249],[86.3465,19.98326],[86.34418,19.98454],[86.3435,19.98556],[86.34336,19.98608],[86.34227,19.98633],[86.34131,19.98787],[86.34131,19.98839],[86.34049,19.98942],[86.33979,19.99328],[86.34033,19.99328],[86.34086,19.99663],[86.34414,19.99535],[86.34605,19.99356],[86.34905,19.9928],[86.35028,19.99151],[86.35056,19.99023],[86.35044,19.98765],[86.34989,19.98765],[86.34962,19.98636],[86.34881,19.98661],[86.34868,19.98404],[86.3495,19.98224],[86.34937,19.98159],[86.34828,19.98159],[86.34773,19.9821],[86.34664,19.98249]]],[[[86.32779,19.99581],[86.33045,20.0105],[86.33531,19.98862],[86.32779,19.99581]]],[[[72.60076,21.62007],[72.58979,21.62391],[72.5945,21.63621],[72.58081,21.62486],[72.59635,21.6407],[72.62153,21.63975],[72.60076,21.62007]]],[[[72.72477,21.64444],[72.71249,21.65546],[72.75036,21.65418],[72.72477,21.64444]]],[[[72.72051,21.65313],[72.71457,21.66321],[72.73,21.66188],[72.72051,21.65313]]],[[[88.9546,21.67578],[88.96541,21.64196],[88.99116,21.6434],[88.99013,21.61292],[88.96181,21.61499],[88.94035,21.64579],[88.9546,21.67578]]],[[[89.0697,21.67431],[89.08687,21.67718],[89.09408,21.64001],[89.08447,21.62979],[89.07606,21.64224],[89.07897,21.62644],[89.0522,21.61862],[89.03572,21.63634],[89.06541,21.64336],[89.07005,21.6582],[89.0594,21.65915],[89.0697,21.67431]]],[[[88.86755,21.5506],[88.8361,21.5615],[88.8329,21.60621],[88.87462,21.59222],[88.90392,21.56054],[88.86755,21.5506]]],[[[88.72234,21.63709],[88.75702,21.59799],[88.73487,21.57277],[88.70963,21.59044],[88.72234,21.63709]]],[[[88.74878,21.60597],[88.73607,21.6122],[88.72989,21.63949],[88.76994,21.65469],[88.77369,21.62006],[88.79032,21.60039],[88.77041,21.60597],[88.79664,21.5908],[88.75272,21.57724],[88.75856,21.59943],[88.74878,21.60597]]],[[[88.95151,21.70083],[88.98962,21.70083],[88.98824,21.65233],[89.02326,21.65345],[89.03682,21.61579],[89.02875,21.60621],[88.99992,21.60254],[88.99305,21.64403],[88.9661,21.64276],[88.95151,21.70083]]],[[[88.59385,21.65285],[88.60368,21.62139],[88.55528,21.63677],[88.57112,21.66611],[88.5673,21.69007],[88.57707,21.69191],[88.59385,21.65285]]],[[[88.31762,21.60381],[88.30588,21.62467],[88.31666,21.67145],[88.30223,21.7071],[88.33224,21.7024],[88.35048,21.67578],[88.35351,21.64945],[88.31762,21.60381]]],[[[89.02696,21.65724],[89.04413,21.65931],[89.03932,21.68308],[89.07829,21.68563],[89.07777,21.67112],[89.06078,21.66904],[89.06455,21.64384],[89.03005,21.63442],[89.02696,21.65724]]],[[[88.21036,21.60536],[88.18205,21.68624],[88.20898,21.71325],[88.21631,21.70036],[88.19492,21.68345],[88.22685,21.67008],[88.23177,21.64302],[88.21036,21.60536]]],[[[88.18371,21.69036],[88.20391,21.72087],[88.20763,21.70995],[88.18371,21.69036]]],[[[89.02627,21.68324],[89.01065,21.70637],[89.05992,21.72056],[89.06833,21.68994],[89.05923,21.69903],[89.06576,21.68882],[89.03863,21.68308],[89.03486,21.66713],[89.04705,21.67],[89.03572,21.65357],[89.02147,21.66218],[89.02627,21.68324]]],[[[88.45577,21.70656],[88.47054,21.67348],[88.44949,21.68464],[88.46665,21.67714],[88.44267,21.61642],[88.42045,21.65284],[88.4187,21.68364],[88.43843,21.70672],[88.45577,21.70656]]],[[[88.74543,21.65175],[88.72354,21.63853],[88.68865,21.68373],[88.69708,21.71128],[88.70284,21.6861],[88.74543,21.65175]]],[[[88.63664,21.66559],[88.63115,21.65027],[88.64087,21.68216],[88.63664,21.66559]]],[[[88.51871,21.70817],[88.52555,21.71666],[88.54116,21.69948],[88.56584,21.70181],[88.56828,21.67603],[88.54051,21.68393],[88.56849,21.67197],[88.5557,21.67396],[88.5685,21.66851],[88.5517,21.637],[88.53054,21.65139],[88.51871,21.70817]]],[[[88.38622,21.65076],[88.38266,21.6822],[88.40612,21.71521],[88.37056,21.72787],[88.39005,21.73491],[88.39534,21.75469],[88.42831,21.70241],[88.4129,21.69044],[88.41107,21.6575],[88.43001,21.62387],[88.40709,21.61609],[88.40432,21.60028],[88.39106,21.60979],[88.38622,21.65076]]],[[[88.59365,21.69213],[88.60538,21.68101],[88.58977,21.65729],[88.58085,21.68329],[88.58789,21.7002],[88.59365,21.69213]]],[[[88.76477,21.69155],[88.80872,21.70478],[88.80751,21.66491],[88.78829,21.65884],[88.79018,21.67926],[88.79292,21.66203],[88.76031,21.66331],[88.73112,21.68485],[88.76477,21.69155]]],[[[89.03245,21.72056],[89.03606,21.73938],[89.05563,21.72933],[89.03245,21.72056]]],[[[88.88217,21.74423],[88.94087,21.6924],[88.91959,21.63257],[88.88766,21.6589],[88.87959,21.68952],[88.89161,21.68434],[88.88886,21.69973],[88.89092,21.6849],[88.87375,21.69399],[88.88217,21.74423]]],[[[88.99143,21.70414],[88.97632,21.72678],[89.02078,21.71195],[89.00739,21.70382],[89.02044,21.69776],[89.0213,21.6708],[89.00293,21.65229],[88.99091,21.65309],[88.99143,21.70414]]],[[[88.86414,21.75987],[88.8396,21.71378],[88.86019,21.64104],[88.84423,21.62716],[88.83565,21.65907],[88.82895,21.6503],[88.84234,21.64312],[88.84457,21.62014],[88.80973,21.63977],[88.82312,21.66673],[88.81299,21.72032],[88.76321,21.70198],[88.78226,21.71538],[88.79187,21.74839],[88.83153,21.76513],[88.86414,21.75987]]],[[[88.57107,21.73226],[88.58789,21.70786],[88.59046,21.68935],[88.5805,21.68505],[88.5539,21.72332],[88.54343,21.72428],[88.57501,21.69382],[88.56049,21.70694],[88.5413,21.69981],[88.52729,21.71615],[88.54034,21.73513],[88.57107,21.73226]]],[[[88.36892,21.75813],[88.35944,21.74624],[88.36486,21.72199],[88.39398,21.71325],[88.35966,21.68751],[88.34013,21.71421],[88.34443,21.74765],[88.34771,21.75946],[88.36892,21.75813]]],[[[88.9225,21.76078],[88.96266,21.75265],[88.97039,21.73846],[88.9867,21.74516],[88.96902,21.72108],[88.98395,21.70577],[88.94996,21.70242],[88.9237,21.71933],[88.93142,21.73862],[88.9225,21.76078]]],[[[88.50743,21.56076],[88.50091,21.56906],[88.51018,21.55709],[88.50337,21.54441],[88.48218,21.55593],[88.49666,21.59999],[88.52948,21.58301],[88.53901,21.564],[88.53173,21.54322],[88.51774,21.54115],[88.50709,21.5432],[88.50743,21.56076]]],[[[88.18532,21.56501],[88.17328,21.57341],[88.17376,21.59967],[88.18582,21.59279],[88.18614,21.5666],[88.19375,21.57045],[88.18532,21.56501]]],[[[88.53854,21.60973],[88.52618,21.59664],[88.51054,21.60131],[88.52472,21.65258],[88.5921,21.60241],[88.57621,21.5756],[88.54965,21.56366],[88.53786,21.58675],[88.56858,21.60478],[88.55554,21.61452],[88.55571,21.59936],[88.53643,21.58798],[88.5255,21.59473],[88.53854,21.60973]]],[[[88.28535,21.58],[88.29632,21.57528],[88.27528,21.57673],[88.26769,21.55928],[88.28533,21.56172],[88.24956,21.56315],[88.23895,21.57778],[88.25822,21.59411],[88.24475,21.61159],[88.21903,21.61474],[88.23547,21.63779],[88.23325,21.66742],[88.19996,21.68929],[88.22057,21.69995],[88.21115,21.7255],[88.2195,21.76179],[88.27216,21.75465],[88.26119,21.72977],[88.27494,21.72683],[88.30304,21.68001],[88.29795,21.64967],[88.27915,21.67222],[88.2975,21.64556],[88.28535,21.58]]],[[[82.30975,16.64657],[82.31405,16.63083],[82.30705,16.62263],[82.30633,16.63577],[82.29792,16.61625],[82.3384,16.71387],[82.34448,16.70379],[82.33189,16.6867],[82.35521,16.70938],[82.34003,16.71695],[82.35679,16.70654],[82.36583,16.71781],[82.34545,16.72773],[82.36285,16.73123],[82.36688,16.71574],[82.32847,16.66834],[82.31777,16.62875],[82.31242,16.66613],[82.30975,16.64657]]],[[[82.20556,16.71236],[82.25463,16.69714],[82.25936,16.64353],[82.22515,16.64193],[82.1867,16.60287],[82.15753,16.61631],[82.16681,16.62681],[82.16293,16.67011],[82.14177,16.68543],[82.16943,16.70627],[82.20556,16.71236]]],[[[82.05539,16.67442],[82.07785,16.67624],[82.10768,16.70596],[82.15824,16.70787],[82.14048,16.68813],[82.10387,16.69362],[82.09657,16.67897],[82.1132,16.68996],[82.10672,16.67737],[82.08462,16.6644],[82.05539,16.67442]]],[[[82.25715,16.6523],[82.26664,16.67388],[82.2584,16.70098],[82.27817,16.69931],[82.26714,16.68933],[82.28508,16.6968],[82.27117,16.67179],[82.28605,16.65985],[82.25715,16.6523]]],[[[82.28173,16.68279],[82.29071,16.6964],[82.29051,16.66678],[82.27196,16.67024],[82.28173,16.68279]]],[[[82.30043,16.69119],[82.29402,16.67217],[82.29178,16.69691],[82.30043,16.69119]]],[[[82.06504,16.68107],[82.04774,16.69365],[82.06599,16.70734],[82.07599,16.70201],[82.06504,16.68107]]],[[[82.09536,16.70049],[82.0836,16.70068],[82.10079,16.7154],[82.09536,16.70049]]],[[[82.18424,16.71481],[82.1734,16.71988],[82.19737,16.71497],[82.18424,16.71481]]],[[[73.00872,11.48724],[73.00702,11.46814],[72.99771,11.49662],[73.00872,11.48724]]],[[[72.71389,11.70164],[72.71458,11.70241],[72.71473,11.70262],[72.71491,11.70305],[72.71495,11.7032],[72.71495,11.7034],[72.71491,11.70349],[72.71462,11.7036],[72.71463,11.70367],[72.7147,11.70377],[72.71486,11.7038],[72.71485,11.70397],[72.71468,11.70414],[72.71454,11.7046],[72.71445,11.7047],[72.71442,11.70486],[72.71432,11.70494],[72.71388,11.70497],[72.71375,11.70508],[72.71371,11.70531],[72.71384,11.70561],[72.71386,11.70572],[72.7139,11.70573],[72.71396,11.70564],[72.71409,11.70556],[72.7145,11.705],[72.71485,11.70423],[72.71497,11.70406],[72.71521,11.70381],[72.71527,11.70368],[72.71529,11.70352],[72.71539,11.7033],[72.71554,11.7031],[72.71568,11.70266],[72.71584,11.70182],[72.71603,11.70145],[72.71618,11.70011],[72.71626,11.69992],[72.71631,11.69965],[72.71631,11.6991],[72.71655,11.6962],[72.71652,11.69586],[72.71658,11.69519],[72.71654,11.69464],[72.71616,11.69297],[72.71598,11.69247],[72.71584,11.69225],[72.71554,11.69142],[72.71529,11.69102],[72.71528,11.69092],[72.71535,11.69083],[72.71516,11.69052],[72.7151,11.69046],[72.715,11.69041],[72.71488,11.69023],[72.71472,11.69007],[72.7144,11.68965],[72.7141,11.68933],[72.71391,11.68903],[72.71373,11.68881],[72.71345,11.68854],[72.71333,11.68837],[72.71332,11.68825],[72.71341,11.68818],[72.71339,11.68814],[72.71331,11.68811],[72.71313,11.68795],[72.71296,11.68772],[72.71237,11.68709],[72.71192,11.68652],[72.71083,11.68499],[72.71069,11.68483],[72.70972,11.6834],[72.70965,11.68326],[72.70965,11.68317],[72.70961,11.68303],[72.7093,11.68259],[72.70898,11.68224],[72.70869,11.68204],[72.70818,11.68157],[72.70774,11.68124],[72.70764,11.6812],[72.70708,11.68123],[72.70652,11.68118],[72.70619,11.68113],[72.70598,11.68115],[72.70538,11.68126],[72.70465,11.68154],[72.70447,11.68164],[72.70435,11.68176],[72.70428,11.6819],[72.70428,11.6821],[72.70473,11.68325],[72.70492,11.68359],[72.70516,11.68386],[72.70539,11.68387],[72.70548,11.68384],[72.70565,11.68386],[72.70638,11.68423],[72.70666,11.68441],[72.70713,11.68497],[72.70755,11.68555],[72.70781,11.68585],[72.70799,11.68612],[72.70835,11.68761],[72.70867,11.68856],[72.70894,11.69038],[72.70926,11.69141],[72.70937,11.69167],[72.70944,11.69178],[72.70969,11.69199],[72.70989,11.69233],[72.71001,11.69262],[72.71012,11.69299],[72.71117,11.69507],[72.71143,11.69548],[72.71185,11.69632],[72.71215,11.69698],[72.71247,11.69813],[72.7125,11.69835],[72.71262,11.69893],[72.71266,11.69929],[72.71272,11.69954],[72.71295,11.70015],[72.71305,11.70028],[72.71325,11.70087],[72.71365,11.70138],[72.71377,11.70148],[72.71389,11.70164]]],[[[93.0534,11.81394],[93.01553,11.83104],[93.01261,11.84982],[93.03328,11.83625],[93.06987,11.84111],[93.0534,11.81394]]],[[[92.59792,11.92866],[92.59354,11.9772],[92.60881,11.94224],[92.59792,11.92866]]],[[[92.61432,11.56343],[92.60102,11.56706],[92.60176,11.58595],[92.61722,11.58266],[92.61432,11.56343]]],[[[92.5299,11.55454],[92.53626,11.60526],[92.54827,11.59992],[92.54292,11.58995],[92.56674,11.5924],[92.56546,11.57315],[92.5299,11.55454]]],[[[92.62544,11.41854],[92.61128,11.45865],[92.63631,11.51676],[92.64287,11.49659],[92.6691,11.48857],[92.68548,11.43658],[92.64829,11.40622],[92.69322,11.38725],[92.69026,11.37016],[92.63823,11.34642],[92.59287,11.35006],[92.58132,11.36893],[92.59193,11.38008],[92.58686,11.40015],[92.61819,11.40154],[92.62544,11.41854]]],[[[92.56153,11.51799],[92.55888,11.54134],[92.56886,11.52752],[92.56153,11.51799]]],[[[92.26267,11.5183],[92.22287,11.52857],[92.24579,11.51603],[92.23492,11.51487],[92.20544,11.53494],[92.21558,11.59426],[92.27232,11.58421],[92.27505,11.53662],[92.26267,11.5183]]],[[[92.61635,11.53522],[92.60186,11.55309],[92.61232,11.56059],[92.61635,11.53522]]],[[[92.5952,11.53283],[92.58416,11.5497],[92.59266,11.57768],[92.5952,11.53283]]],[[[92.75417,11.99862],[92.76669,12.01078],[92.76696,11.99919],[92.75417,11.99862]]],[[[93.11866,12.13453],[93.10948,12.14079],[93.12026,12.14836],[93.11866,12.13453]]],[[[93.09672,12.20999],[93.09249,12.22536],[93.06371,12.22925],[93.07419,12.26029],[93.0885,12.23688],[93.10504,12.25948],[93.09672,12.20999]]],[[[92.70735,12.29705],[92.72376,12.29485],[92.71135,12.23029],[92.70735,12.29705]]],[[[92.87685,12.21392],[92.87089,12.24506],[92.8868,12.2384],[92.90124,12.25638],[92.91262,12.22277],[92.91035,12.23459],[92.89214,12.23476],[92.87685,12.21392]]],[[[92.74861,12.28786],[92.7493,12.28789],[92.74943,12.2875],[92.74978,12.2877],[92.75042,12.28721],[92.74986,12.28564],[92.74941,12.28434],[92.74911,12.28254],[92.74861,12.28152],[92.74772,12.27909],[92.74743,12.27724],[92.7474,12.27667],[92.7469,12.27393],[92.74644,12.27241],[92.74602,12.27106],[92.74599,12.26975],[92.74631,12.26899],[92.74655,12.26821],[92.74634,12.26691],[92.74615,12.26631],[92.74561,12.26558],[92.74537,12.26464],[92.74484,12.26362],[92.74473,12.26187],[92.74465,12.26143],[92.74423,12.26096],[92.74401,12.25991],[92.74348,12.2585],[92.743,12.25767],[92.74289,12.25647],[92.74292,12.2554],[92.74222,12.25436],[92.7411,12.25376],[92.73982,12.25347],[92.73891,12.25321],[92.73827,12.25266],[92.73734,12.25224],[92.7367,12.25162],[92.73651,12.25062],[92.73627,12.24921],[92.73587,12.24854],[92.73483,12.24775],[92.73464,12.24916],[92.73541,12.25128],[92.73552,12.2525],[92.73544,12.25365],[92.73592,12.25488],[92.73576,12.25639],[92.73544,12.25704],[92.73544,12.25809],[92.73605,12.25874],[92.73613,12.25965],[92.73654,12.26036],[92.73704,12.26132],[92.73691,12.26242],[92.73686,12.26312],[92.73707,12.26409],[92.7384,12.26472],[92.73899,12.2673],[92.7395,12.26871],[92.73966,12.26913],[92.73985,12.27166],[92.74017,12.27301],[92.73955,12.27471],[92.74011,12.27534],[92.74054,12.27599],[92.74043,12.2768],[92.73982,12.27805],[92.73982,12.28118],[92.74017,12.28212],[92.74097,12.28262],[92.74099,12.2817],[92.74099,12.28105],[92.74105,12.27925],[92.74126,12.27886],[92.74204,12.27909],[92.7427,12.28022],[92.74308,12.2816],[92.74396,12.28183],[92.74484,12.28293],[92.74572,12.28405],[92.74647,12.28577],[92.74668,12.28676],[92.74735,12.28744],[92.74738,12.28674],[92.74791,12.287],[92.74861,12.28786]]],[[[92.93278,12.19584],[92.92495,12.21168],[92.93459,12.22445],[92.93278,12.19584]]],[[[92.92328,12.23136],[92.92166,12.26524],[92.90108,12.27233],[92.90191,12.28813],[92.92795,12.28061],[92.9342,12.31078],[92.94169,12.27767],[92.92328,12.23136]]],[[[92.95024,12.0911],[92.94858,12.1157],[92.9582,12.09934],[92.95024,12.0911]]],[[[92.97781,12.11632],[92.96126,12.12524],[92.95715,12.14827],[92.99199,12.14361],[93.00061,12.11847],[92.97781,12.11632]]],[[[92.98941,12.04729],[92.96351,12.07266],[92.9716,12.08843],[92.96135,12.10813],[93.00493,12.10363],[92.99875,12.04947],[92.98941,12.04729]]],[[[93.04036,12.04851],[93.0073,12.07707],[93.00195,12.11041],[93.0043,12.1397],[93.02723,12.16655],[93.03385,12.10103],[93.05381,12.07528],[93.04036,12.04851]]],[[[93.0851,12.08936],[93.07102,12.08689],[93.03687,12.1341],[93.06743,12.21113],[93.09021,12.17678],[93.0851,12.08936]]],[[[92.75177,11.94649],[92.73849,11.95887],[92.7656,11.96528],[92.75177,11.94649]]],[[[92.73389,11.97827],[92.73882,11.99668],[92.75487,11.98923],[92.73389,11.97827]]],[[[92.98309,11.94594],[92.96002,11.98115],[92.92515,11.99769],[92.95035,12.01246],[92.96475,12.0494],[92.96967,12.03178],[92.98248,12.04239],[93.00907,12.01941],[93.0072,12.00078],[93.05358,11.90385],[93.04812,11.88823],[93.02624,11.88886],[92.99505,11.94095],[93.00211,11.94891],[92.98309,11.94594]]],[[[93.84998,12.28569],[93.86721,12.29559],[93.876,12.27117],[93.8521,12.26677],[93.84998,12.28569]]],[[[92.763,12.29407],[92.76475,12.26558],[92.75334,12.27716],[92.763,12.29407]]],[[[92.8124,12.99382],[92.82549,13.01383],[92.8063,13.0064],[92.78789,13.0191],[92.79637,13.08926],[92.81004,13.07371],[92.80714,13.09909],[92.82249,13.09548],[92.82455,13.11533],[92.81017,13.10796],[92.80592,13.12095],[92.82279,13.13443],[92.84267,13.1268],[92.83562,13.13883],[92.84754,13.13896],[92.80873,13.15337],[92.81544,13.17512],[92.8331,13.17368],[92.81592,13.20114],[92.83088,13.21332],[92.82669,13.23715],[92.85224,13.25267],[92.8126,13.2711],[92.84091,13.30033],[92.82085,13.31023],[92.83547,13.34592],[92.83028,13.36844],[92.86385,13.38246],[92.84184,13.38836],[92.84009,13.40183],[92.88019,13.42881],[92.87204,13.4728],[92.90033,13.47759],[92.9041,13.49952],[92.93014,13.50167],[92.91347,13.50773],[92.92535,13.51872],[92.91342,13.52354],[92.91774,13.53764],[92.96603,13.54989],[92.9824,13.53591],[92.98865,13.5749],[93.01129,13.54511],[93.02735,13.57902],[93.04478,13.52617],[93.03446,13.46713],[93.01799,13.46496],[93.0356,13.44214],[93.02,13.43117],[93.04006,13.42705],[93.04639,13.40371],[93.06115,13.42052],[93.05805,13.39908],[93.06996,13.40697],[93.06889,13.3971],[93.0524,13.39128],[93.04856,13.37501],[93.01819,13.37647],[93.04097,13.36824],[93.03098,13.34534],[93.00379,13.35327],[92.98761,13.32893],[92.9728,13.34657],[92.95913,13.33871],[93.00006,13.31373],[93.00912,13.32049],[93.02198,13.29437],[93.01128,13.29627],[93.01194,13.27621],[93.04646,13.28193],[93.04459,13.25782],[93.06582,13.2724],[93.03185,13.17824],[93.03437,13.08125],[93.00327,13.02837],[92.99419,13.03561],[92.98266,13.02396],[92.96537,13.03638],[92.9728,13.0135],[92.93507,13.04216],[92.93795,13.07431],[92.9223,13.05674],[92.91112,13.0743],[92.90289,13.00421],[92.91863,12.98638],[92.93284,12.98851],[92.93752,12.96994],[92.91108,12.94691],[92.89671,12.99568],[92.87511,12.9638],[92.87758,12.94436],[92.85428,12.92539],[92.85907,12.90273],[92.87587,12.90877],[92.87278,12.89214],[92.8956,12.89787],[92.89849,12.92658],[92.90017,12.91404],[92.92198,12.91316],[92.90457,12.88543],[92.92811,12.8837],[92.92903,12.86024],[92.94728,12.83673],[92.95392,12.80607],[92.93339,12.77486],[92.94871,12.76862],[92.97916,12.71456],[92.96337,12.70155],[92.95613,12.60176],[92.9743,12.5313],[92.96396,12.48775],[92.9477,12.50147],[92.93129,12.47857],[92.93419,12.46688],[92.95149,12.4759],[92.9566,12.46661],[92.9154,12.44242],[92.91485,12.40681],[92.87901,12.44542],[92.89726,12.41536],[92.82448,12.43111],[92.84627,12.41558],[92.83142,12.41968],[92.86051,12.3621],[92.88474,12.35392],[92.88238,12.33387],[92.89854,12.32536],[92.84771,12.30817],[92.88527,12.28603],[92.88652,12.25852],[92.85955,12.2432],[92.88062,12.19586],[92.85043,12.20132],[92.84843,12.15772],[92.82371,12.1658],[92.81476,12.12981],[92.80288,12.13],[92.81013,12.10451],[92.79427,12.10569],[92.79223,12.08002],[92.75119,12.05571],[92.7812,12.04935],[92.77819,12.02494],[92.73602,12.03156],[92.75045,12.00151],[92.72871,11.99531],[92.73185,11.96864],[92.71602,11.95156],[92.72473,11.8518],[92.70508,11.81544],[92.69323,11.81762],[92.70193,11.82899],[92.69676,11.81309],[92.67508,11.82144],[92.69465,11.81235],[92.67768,11.78267],[92.69861,11.81257],[92.7055,11.78502],[92.70078,11.80973],[92.7254,11.843],[92.7378,11.91614],[92.76431,11.93986],[92.78457,11.93598],[92.78584,11.85452],[92.75564,11.70307],[92.74333,11.71404],[92.74026,11.69063],[92.71776,11.70614],[92.71248,11.69525],[92.70195,11.70983],[92.69873,11.70186],[92.70411,11.72975],[92.6974,11.70156],[92.68461,11.70982],[92.68976,11.69729],[92.70677,11.69995],[92.70845,11.6708],[92.6932,11.66908],[92.68304,11.65075],[92.66598,11.65414],[92.67413,11.62436],[92.68181,11.63744],[92.69515,11.6246],[92.69491,11.65294],[92.7124,11.64315],[92.73001,11.65752],[92.71638,11.66521],[92.72173,11.68617],[92.75651,11.66489],[92.74572,11.64054],[92.75255,11.60996],[92.71126,11.47803],[92.69958,11.50803],[92.66816,11.504],[92.64625,11.52347],[92.6472,11.57268],[92.63281,11.5803],[92.61776,11.56246],[92.609,11.62055],[92.62759,11.62592],[92.63593,11.61518],[92.64435,11.6376],[92.6344,11.63527],[92.63174,11.6518],[92.63124,11.62856],[92.60819,11.63422],[92.59109,11.66905],[92.59994,11.68701],[92.59238,11.71449],[92.5777,11.71675],[92.56045,11.69583],[92.54541,11.83328],[92.52295,11.82685],[92.51462,11.84982],[92.52702,11.8955],[92.56214,11.94628],[92.57897,11.92654],[92.58785,11.88256],[92.60168,11.89628],[92.60378,11.85802],[92.61058,11.87128],[92.62267,12.0903],[92.66288,12.21681],[92.65674,12.18163],[92.69982,12.23762],[92.71087,12.16046],[92.73331,12.18201],[92.72183,12.19452],[92.72575,12.24026],[92.73453,12.23897],[92.73298,12.20986],[92.74483,12.22035],[92.73988,12.23591],[92.76192,12.22956],[92.76282,12.21191],[92.77075,12.23096],[92.74216,12.2453],[92.75077,12.27418],[92.76455,12.26365],[92.78197,12.28529],[92.77608,12.30058],[92.7676,12.29728],[92.76393,12.31234],[92.75489,12.29598],[92.72032,12.3002],[92.69998,12.32787],[92.70743,12.4938],[92.69419,12.51551],[92.70715,12.59624],[92.67911,12.58868],[92.68613,12.61808],[92.70376,12.60546],[92.71487,12.64324],[92.72453,12.62574],[92.74388,12.66748],[92.77514,12.66921],[92.78172,12.63414],[92.78731,12.70332],[92.76815,12.67175],[92.73302,12.67413],[92.72874,12.69494],[92.74363,12.69883],[92.74751,12.72303],[92.7308,12.74378],[92.72041,12.80559],[92.731,12.83563],[92.73823,12.81],[92.74037,12.83689],[92.74382,12.82403],[92.76066,12.85951],[92.77157,12.84357],[92.7692,12.86219],[92.79427,12.8627],[92.79142,12.88905],[92.80338,12.89777],[92.79311,12.98129],[92.80015,12.99157],[92.81864,12.98567],[92.8124,12.99382]]],[[[88.04053,21.67878],[88.10327,21.83336],[88.13588,21.87716],[88.17148,21.81229],[88.16399,21.72044],[88.14591,21.68156],[88.12513,21.6844],[88.14517,21.675],[88.14503,21.63947],[88.15402,21.66181],[88.15583,21.64686],[88.13256,21.63016],[88.08051,21.6296],[88.09221,21.64703],[88.06568,21.63433],[88.04391,21.65198],[88.04053,21.67878]]],[[[89.00001,21.7633],[89.03726,21.74225],[89.03108,21.72008],[89.01786,21.71833],[89.00001,21.7633]]],[[[88.29914,21.70631],[88.27701,21.73475],[88.28931,21.77943],[88.30503,21.73741],[88.29914,21.70631]]],[[[88.71276,21.79697],[88.71653,21.80666],[88.72683,21.77462],[88.75859,21.76028],[88.75104,21.73365],[88.77679,21.72089],[88.75035,21.70718],[88.73301,21.71962],[88.7591,21.70957],[88.76013,21.68453],[88.72958,21.68548],[88.75567,21.66443],[88.74795,21.65884],[88.71224,21.68915],[88.69611,21.74274],[88.71276,21.79697]]],[[[88.36509,21.73152],[88.36068,21.74623],[88.38085,21.76678],[88.3864,21.74215],[88.36509,21.73152]]],[[[88.59385,21.74902],[88.61916,21.73062],[88.58107,21.72452],[88.58454,21.74645],[88.56905,21.7695],[88.5832,21.7773],[88.59385,21.74902]]],[[[88.59385,21.78572],[88.61502,21.78825],[88.62862,21.7526],[88.60908,21.70957],[88.59857,21.71536],[88.62337,21.73584],[88.58679,21.75591],[88.59385,21.78572]]],[[[88.45401,21.71094],[88.43204,21.70392],[88.42345,21.74106],[88.42317,21.7681],[88.44649,21.7984],[88.475,21.78883],[88.45401,21.71094]]],[[[88.98954,21.78896],[89.01117,21.78051],[88.99658,21.76744],[89.01512,21.71849],[88.97787,21.72774],[88.98731,21.74687],[88.96963,21.74002],[88.95143,21.75788],[88.98954,21.78896]]],[[[88.31548,21.70903],[88.29869,21.782],[88.32766,21.78261],[88.34258,21.79895],[88.37964,21.78808],[88.3759,21.76689],[88.34075,21.75616],[88.34407,21.72151],[88.31548,21.70903]]],[[[88.51819,21.75139],[88.51012,21.73927],[88.50429,21.75793],[88.53587,21.7914],[88.57261,21.78646],[88.56243,21.76109],[88.53345,21.76218],[88.56286,21.75975],[88.57124,21.73337],[88.54188,21.73672],[88.52111,21.71918],[88.51819,21.75139]]],[[[88.41208,21.73344],[88.38302,21.77847],[88.42201,21.8114],[88.44127,21.80038],[88.41967,21.76272],[88.42393,21.71982],[88.41208,21.73344]]],[[[88.77016,21.79696],[88.78417,21.82419],[88.79567,21.78562],[88.77696,21.7303],[88.75619,21.73492],[88.76614,21.76139],[88.75018,21.76904],[88.77016,21.79696]]],[[[88.80312,21.79678],[88.82262,21.82244],[88.83137,21.76618],[88.79704,21.748],[88.78434,21.76618],[88.80312,21.79678]]],[[[88.9937,21.79697],[88.99516,21.81191],[89.01679,21.81191],[89.0228,21.75867],[88.99894,21.76648],[89.01318,21.78035],[88.9937,21.79697]]],[[[88.57072,21.79108],[88.56368,21.78232],[88.53622,21.79252],[88.50412,21.76542],[88.54155,21.81085],[88.57072,21.79108]]],[[[88.88735,21.79689],[88.88568,21.81021],[88.90199,21.81977],[88.93598,21.82089],[88.91083,21.75362],[88.89555,21.75394],[88.90508,21.79395],[88.88735,21.79689]]],[[[88.8404,21.79697],[88.83822,21.84385],[88.85745,21.86472],[88.87667,21.85181],[88.86603,21.84034],[88.87616,21.844],[88.87908,21.81946],[88.86517,21.81373],[88.88302,21.81436],[88.89762,21.77898],[88.89161,21.75299],[88.92045,21.74486],[88.91427,21.72748],[88.88114,21.7471],[88.865,21.77914],[88.83582,21.78169],[88.8404,21.79697]]],[[[88.92771,21.79697],[88.93907,21.81675],[88.92517,21.83539],[88.9365,21.84607],[88.95452,21.82455],[88.97581,21.82105],[88.97066,21.80272],[88.95418,21.80782],[88.93924,21.78981],[88.95727,21.76861],[88.91469,21.75617],[88.92771,21.79697]]]]}}]}