id,title,category,incident_date,location_name,district,state,latitude,longitude,legal_status,source_count,publishers,primary_url,summary
518,"POCSO Act | Teacher Hitting Girl Students on Back, Waist Without Sexual Intent Does Not Amount to Sexual Assault: Supreme Court",POCSO / Minor,2026-09-12,,,,,,Under Investigation,1,Court Book,https://news.google.com/rss/articles/CBMi5gFBVV95cUxNU1NhYmJsM0hCS2E2dmlYZzZ3aWlTbkdXem4yRlUwLXZYZnFGQ291UVlBR0VfbnRaSFVmVEdxMG12SUhqekJOSzR6am8wSWFYei1Yb2RFRUlUdGJsYUMtYUlaWWhIcVl3NWNXSm1PMVB0RGhwWFY1bUdoZ2NNZUxlQkI2RUhuTnpuWkxaMDBSUEFlVFA5M2xDQjF1bmh4UkNZcWJmaEhiZzEzanFwTXd2MjZnSG9ib0psbC0zcVM3V0l6cThfdk9hYkYtaWtkWlBHNFUtNUk2RVlwRlh0RzZIRGxNcWxSZw?oc=5,"<a href=""https://news.google.com/rss/articles/CBMi5gFBVV95cUxNU1NhYmJsM0hCS2E2dmlYZzZ3aWlTbkdXem4yRlUwLXZYZnFGQ291UVlBR0VfbnRaSFVmVEdxMG12SUhqekJOSzR6am8wSWFYei1Yb2RFRUlUdGJsYUMtYUlaWWhIcVl3NWNXSm1PMVB0RGhwWFY1bUdoZ2NNZUxlQkI2RUhuTnpuWkxaMDBSUEFlVFA5M2xDQjF1bmh4UkNZcWJmaEhiZzEzanFwTXd2MjZnSG9ib0psbC0zcVM3V0l6cThfdk9hYkYtaWtkWlBHNFUtNUk2RVlwRlh0RzZIRGxNcWxSZw?oc=5"" target=""_blank"">POCSO Act | Teacher Hitting Girl Students on Back, Waist Without Sexual Intent Does Not Amount to Sexual Assault: Sup"
351,Tamil Nadu assembly election results: TVK set to emerge as single largest party,Other GBV,2026-09-12,Tamil Nadu,Tamil Nadu,Tamil Nadu,11.1271,78.6569,Under Investigation,1,News On AIR,https://news.google.com/rss/articles/CBMiuwFBVV95cUxPTXBndW9xNjJhOTVSUGZrblNfcmhkYXFLT0s5X3k3VnBnVlJFU0JCZGVuQW9wZkJEckNHemFMODdxZlRLbGJ2LUFSZkJ6ZEpQdG1saWNVRE4zTkZCRXZ5NndFdHZmN1BCVHVRcmptTXE0bEtoRWNqT3hUbGF0Tk4xTFNrTzJ5aEdaU0UzU1hTcHhjRGhzOHJtOFhtUVRpN0hjWWh3NTRPTWVnTXhaR1NVZlF5YmVTMno4Qnpn?oc=5,"<a href=""https://news.google.com/rss/articles/CBMiuwFBVV95cUxPTXBndW9xNjJhOTVSUGZrblNfcmhkYXFLT0s5X3k3VnBnVlJFU0JCZGVuQW9wZkJEckNHemFMODdxZlRLbGJ2LUFSZkJ6ZEpQdG1saWNVRE4zTkZCRXZ5NndFdHZmN1BCVHVRcmptTXE0bEtoRWNqT3hUbGF0Tk4xTFNrTzJ5aEdaU0UzU1hTcHhjRGhzOHJtOFhtUVRpN0hjWWh3NTRPTWVnTXhaR1NVZlF5YmVTMno4Qnpn?oc=5"" target=""_blank"">Tamil Nadu assembly election results: TVK set to emerge as single largest party</a>&nbsp;&nbsp;<font color=""#6f6f6f"">News On AIR</font>"
174,"UP teenager dies by suicide after alleged police inaction on stalking, molestation complaints",Harassment & Stalking,2026-09-12,Uttar Pradesh,Uttar Pradesh,Uttar Pradesh,26.8467,80.9462,Under Investigation,1,Telegraph India,https://news.google.com/rss/articles/CBMi3wFBVV95cUxOUWdjUjhnT0g5Wk9UTHpaMGV1LXdMVlFDSnU3aEZvdWtCRlhVR0FQNzYyQkhWWDhId0xyeUtXYl8zZ2xodVpiRHVaWjh6OTBSSU1aaXAyUW1BRC1TTV9kNWFRY19rc0NDMUx5S2dveFB5czYwUWJnbmM2ajJlRmhiWHdiVE1tZ25OM3RzYkl0SVRnTzZHbEVQRi1lNHNlNVJnSm1RbGV6Rm5ILXNKOGlHSU5OTGdJUHdoR19CRFJjMXRsZ1ZRWkVCeEMtVEktWFh1RFd1djBKV2VTb1pEOHRz0gHkAUFVX3lxTFBhOTVEQ2VJMmo3YUdTTzNCcTlXdlB2QVFocFk4WF9Hc1NEYXUyRDFGQ19VRkpQMmRGUjJOTk9rb1AyRUpGdmt2RnBub2hNY0Uzcy1UZGwtM2RGZmpIOHlwU2IxNDlOaHp5bW14X1NRUm1wVl9kelVoYTZ3bmVYS0MyS1VqOGhaSFZDMFhGSlpCdWZSc2o5UGIxVXNhTlV1LWlpaFFYamVBWFVuTkw5NWxCQTdqdzUxczlCaVFyR1FUMGlSMXdJWEZRRFkyWGJCUmRLMzN0Rml6bEtsblcwSi1yZUpmZA?oc=5,"<a href=""https://news.google.com/rss/articles/CBMi3wFBVV95cUxOUWdjUjhnT0g5Wk9UTHpaMGV1LXdMVlFDSnU3aEZvdWtCRlhVR0FQNzYyQkhWWDhId0xyeUtXYl8zZ2xodVpiRHVaWjh6OTBSSU1aaXAyUW1BRC1TTV9kNWFRY19rc0NDMUx5S2dveFB5czYwUWJnbmM2ajJlRmhiWHdiVE1tZ25OM3RzYkl0SVRnTzZHbEVQRi1lNHNlNVJnSm1RbGV6Rm5ILXNKOGlHSU5OTGdJUHdoR19CRFJjMXRsZ1ZRWkVCeEMtVEktWFh1RFd1djBKV2VTb1pEOHRz0gHkAUFVX3lxTFBhOTVEQ2VJMmo3YUdTTzNCcTlXdlB2QVFocFk4WF9Hc1NEYXUyRDFGQ19VRkpQMmRGUjJOTk9rb1AyRUpGdmt2RnBub2hNY0Uzcy1UZGwtM2RGZmpIOHlwU2IxNDlOaHp5bW14X1"
173,Porn videos found on rape convict Prajwal Revanna's phone seized in jail,Sexual Assault,2026-09-12,,,,,,Under Investigation,1,Rediff,https://news.google.com/rss/articles/CBMiuwFBVV95cUxPTTdoX0c3b3BhMzF6VTZpbWRWWHYwSlZMazhNYWU2bFRaZWlQMERlWjd0R21lNmhmeGxYUmRZZ182R0g1Zl8wUnVZWlBMR3psaUh4WUJoQjhXZVlUQjJ4TnExc1ZtQ1JvdmVoTTdLOTVaTXlSRDFZTWpmRFh1SGpEbllLTTQxQWZXWTBOMXRXU3Q1a1ZiUHhVMndXb2N6WHNoWXp0ZGZkdDM4STFGeENwZ3dteG8xX0lVQkNF0gG-AUFVX3lxTE0xcF85ZnJNc1BTZEk4ajc4OUNXeEl2dkhERW9sLS14aWI2Q1R2Rjc0c2tvSUNsU0tfU0ZGMFJFUE1CZmx5bGl5NDNOaFZoSV82eVFiRzI3bmNWZ2hqcXFVVDlXUW1FN3JqMmpoN3dWM0Y0RFJFYW5acFFQUnJucVdkS2pESEhsalZiZmF2a1VWLS11anB4V2FTRnNXWFEzb1lrQkNBZkthZTJsbENnMm84S28yRDR3cE1aWXZ1UkE?oc=5,"<a href=""https://news.google.com/rss/articles/CBMiuwFBVV95cUxPTTdoX0c3b3BhMzF6VTZpbWRWWHYwSlZMazhNYWU2bFRaZWlQMERlWjd0R21lNmhmeGxYUmRZZ182R0g1Zl8wUnVZWlBMR3psaUh4WUJoQjhXZVlUQjJ4TnExc1ZtQ1JvdmVoTTdLOTVaTXlSRDFZTWpmRFh1SGpEbllLTTQxQWZXWTBOMXRXU3Q1a1ZiUHhVMndXb2N6WHNoWXp0ZGZkdDM4STFGeENwZ3dteG8xX0lVQkNF0gG-AUFVX3lxTE0xcF85ZnJNc1BTZEk4ajc4OUNXeEl2dkhERW9sLS14aWI2Q1R2Rjc0c2tvSUNsU0tfU0ZGMFJFUE1CZmx5bGl5NDNOaFZoSV82eVFiRzI3bmNWZ2hqcXFVVDlXUW1FN3JqMmpoN3dWM0Y0RFJFYW5acFFQUnJucVdkS2pESEhsalZiZmF2a1VWLS"
171,Porn videos found on rape convict Prajwal Revanna’s smuggled mobile phone seized in jail,Sexual Assault,2026-09-12,,,,,,Under Investigation,1,theweek.in,https://news.google.com/rss/articles/CBMi0wFBVV95cUxOYjcyb1ZKeUVzZWd5RlpLNlJfcE5RMlJwWGVWT09FMVRERTlhY0pYZzdQbEJRb1BDNHlEeDRKcGZwUkdna05hSmNvRjBBVV9LUTk4V0gzZlNLVDVWczlGYkVrdWZfRDBYR0paWmFNYXhnUkpDckxxWVMwcVdLZmhXUVRoQ0prLTlOTXhCeWdod1huT0E0YUx5c3NKRzdMVG5jVnFoTWFkeFZKTWlZaVNRanV2UUwtenQ3THR2c2RScTBWbzhJWkhvUFIzUTVKV3ZNYVAw0gHYAUFVX3lxTE55Q3FXS1BmOWF0dDNoNk5SU0VYMEpFWTR1eHVUTDdIY3RMamFGQ1p2RXg2WnhnY05wbzZrUmFteF8zaEZzeTRjZk5DbTlnek1RX2JTLU9WVEQ2ZWJtbk84TzduUDl0cGhudzhGMlljUFhLdGVBY2FaakktLVMwdWNtQWo4bVhRMndkUHNjUEowREJEdVlpa3NZaVUzZGl6VHNhemRsckhLakhiVjhJZERxTTZzV1cyYUpsVTcwbTh1ck9HZ0hLY2V4OFRZS3piS0JpcEdYM1NGYQ?oc=5,"<a href=""https://news.google.com/rss/articles/CBMi0wFBVV95cUxOYjcyb1ZKeUVzZWd5RlpLNlJfcE5RMlJwWGVWT09FMVRERTlhY0pYZzdQbEJRb1BDNHlEeDRKcGZwUkdna05hSmNvRjBBVV9LUTk4V0gzZlNLVDVWczlGYkVrdWZfRDBYR0paWmFNYXhnUkpDckxxWVMwcVdLZmhXUVRoQ0prLTlOTXhCeWdod1huT0E0YUx5c3NKRzdMVG5jVnFoTWFkeFZKTWlZaVNRanV2UUwtenQ3THR2c2RScTBWbzhJWkhvUFIzUTVKV3ZNYVAw0gHYAUFVX3lxTE55Q3FXS1BmOWF0dDNoNk5SU0VYMEpFWTR1eHVUTDdIY3RMamFGQ1p2RXg2WnhnY05wbzZrUmFteF8zaEZzeTRjZk5DbTlnek1RX2JTLU9WVEQ2ZWJtbk84TzduUDl0cGhudzhGMlljUFhLdGVBY2Faak"
158,Porn videos found on phone seized from rape convict Prajwal Revanna’s cell in Bengaluru jail,Sexual Assault,2026-09-12,Bengaluru,Bengaluru,Karnataka,12.9716,77.5946,Under Investigation,1,thesouthfirst.com,https://news.google.com/rss/articles/CBMixwFBVV95cUxPM1hOS3lkM0VSdjJ3ZUpVZlN2QVBpSmZoSUdwcVRNRnR5TVZ1MXczRmdNYnB6VmJPUXhTNXNLaFI0dHg1VlFuMm41d2Q2c09OSDRaUWhaTWhtTzQ0NnJBbEN1bEVxbUg1Z1o3UjcyWkRtQWsyZ3JZN2ZGbjk3QjZjZjEzcG1ZUFpfV2lHWkkzbGJ3MGZtYlNtdU5TMk4zcno1SU94dHdzdGFZVVlfbHN6Zm5XbGN2bVVzSklCc1k2MHlpTzNKd0hv?oc=5,"<a href=""https://news.google.com/rss/articles/CBMixwFBVV95cUxPM1hOS3lkM0VSdjJ3ZUpVZlN2QVBpSmZoSUdwcVRNRnR5TVZ1MXczRmdNYnB6VmJPUXhTNXNLaFI0dHg1VlFuMm41d2Q2c09OSDRaUWhaTWhtTzQ0NnJBbEN1bEVxbUg1Z1o3UjcyWkRtQWsyZ3JZN2ZGbjk3QjZjZjEzcG1ZUFpfV2lHWkkzbGJ3MGZtYlNtdU5TMk4zcno1SU94dHdzdGFZVVlfbHN6Zm5XbGN2bVVzSklCc1k2MHlpTzNKd0hv?oc=5"" target=""_blank"">Porn videos found on phone seized from rape convict Prajwal Revanna’s cell in Bengaluru jail</a>&nbsp;&nbsp;<font color=""#6f6f6f"">thesouthfirst.com</font>"
157,"Porn, movies found on seized phone, pen drive of jailed rape-convict Prajwal Revanna | India News",Sexual Assault,2026-09-12,,,,,,Under Investigation,1,Hindustan Times,https://news.google.com/rss/articles/CBMi3gFBVV95cUxNWHZRd05idW5ZclpOZWhjdVhjUWRUczZCbzhQejFDYzQtVWh0NU9lOWNhWGxuZTJrY3lGTmpHOEdhS3g5TWtJNXZvSV9DUHZOVlVvWUtBZEtGRDVEZVY1YmJya0J2Z0QtQ2tsOFVNRWlpdFVCRm1pRVkwVnJ2dXNORndaQmJFcVpFdnROVmt0RUpZeWZObFg2T2EyS1JSSnNqb2lLOGZOSXlHeU5lLXdkNFQzMTZJY1BMdTJKUWhVNVpuSU9LMk4tWWs2MndXZVpzeklJU2tfeGU0bFB0b0HSAeMBQVVfeXFMTXJuYVJiMkhRcnRwQ3ozZXpnWUxIU1hEMFRLaTItM0pkcDhIS0pGNDdyNTNLcm04QlVCSFpKYXlQRUkxR09Tb0VkOWlVcjFpWk5qalVOOHE1VVdwYjFIWUdwTFpScktsazFuamFNVDdEajNIcm9Za3hRa3dHdjg2T2pyNjNVanY2QmVDU1llY1UxZ2p0cjNMcmJlby1qTWgyb18xdlctRnl0LTdfeGVIMVZRdVYzRG4yZU43ZWI0ZEJPSEpiSHJzREx0UW14alhmTVVvaC1pXzFZM0FXdVVQamd2d28?oc=5,"<a href=""https://news.google.com/rss/articles/CBMi3gFBVV95cUxNWHZRd05idW5ZclpOZWhjdVhjUWRUczZCbzhQejFDYzQtVWh0NU9lOWNhWGxuZTJrY3lGTmpHOEdhS3g5TWtJNXZvSV9DUHZOVlVvWUtBZEtGRDVEZVY1YmJya0J2Z0QtQ2tsOFVNRWlpdFVCRm1pRVkwVnJ2dXNORndaQmJFcVpFdnROVmt0RUpZeWZObFg2T2EyS1JSSnNqb2lLOGZOSXlHeU5lLXdkNFQzMTZJY1BMdTJKUWhVNVpuSU9LMk4tWWs2MndXZVpzeklJU2tfeGU0bFB0b0HSAeMBQVVfeXFMTXJuYVJiMkhRcnRwQ3ozZXpnWUxIU1hEMFRLaTItM0pkcDhIS0pGNDdyNTNLcm04QlVCSFpKYXlQRUkxR09Tb0VkOWlVcjFpWk5qalVOOHE1VVdwYjFIWUdwTFpScktsazFuamFNVD"
154,‘Facts vs fiction’: The Hindu’s full-page ad for rape convict Gurmeet Ram Rahim,Sexual Assault,2026-09-12,,,,,,Under Investigation,1,Newslaundry,https://news.google.com/rss/articles/CBMitAFBVV95cUxPeVlwdk9qbWtvbU01TVdMTFgxWkhuT1Boang1VzVQX3R6V1dUVlpXMlFFbWFOTG9ZVlRyb09ackxXdzRQZ0ZYYnB3dlhMY3pTcU1GT3h6ejBTZEp0enNlM0R5ZmRRaXU2cUw4aHE3QTdKNEtMejg1bHA3OVV0eVFkUWEzZFMwMXBiSW9STkx3cnczOWMzbTh0dUNFOUFpbHZrNk4xUDJMNldsdmo3Zm5YU0Z2ZEvSAcoBQVVfeXFMTXZvOWVhckFLRUpwMkhLRkFpMHFsTVZIcnpCbzExa1JJdWoyS0VUVGZVc0dST0pVQnRMSndaenFSVHpjS3RJVllQejJPWjNxWHp1RnFvN1hVa1dRZUNVNlFFSm9YNHZHbmVoYjZScVM5YlBnVTYtYzdFYlhBWUg0OWdLN3RTOHFQcUtuSnIyNklCQmh0S0J4R0puMnVWdUFwUkx5X2QzVWVVTTJ0TWx5VEQzcXhBNXB1S3RqRjdKVXgyRk5DTWFXeG5DZw?oc=5,"<a href=""https://news.google.com/rss/articles/CBMitAFBVV95cUxPeVlwdk9qbWtvbU01TVdMTFgxWkhuT1Boang1VzVQX3R6V1dUVlpXMlFFbWFOTG9ZVlRyb09ackxXdzRQZ0ZYYnB3dlhMY3pTcU1GT3h6ejBTZEp0enNlM0R5ZmRRaXU2cUw4aHE3QTdKNEtMejg1bHA3OVV0eVFkUWEzZFMwMXBiSW9STkx3cnczOWMzbTh0dUNFOUFpbHZrNk4xUDJMNldsdmo3Zm5YU0Z2ZEvSAcoBQVVfeXFMTXZvOWVhckFLRUpwMkhLRkFpMHFsTVZIcnpCbzExa1JJdWoyS0VUVGZVc0dST0pVQnRMSndaenFSVHpjS3RJVllQejJPWjNxWHp1RnFvN1hVa1dRZUNVNlFFSm9YNHZHbmVoYjZScVM5YlBnVTYtYzdFYlhBWUg0OWdLN3RTOHFQcUtuSnIyNklCQmh0S0J4R0"
144,Man sentenced to 20 years’ jail for minor’s rape | Hindustan Times,Sexual Assault,2026-09-12,,,,,,Convicted,1,Hindustan Times,https://news.google.com/rss/articles/CBMivAFBVV95cUxOb2FuVk1haW5OQTQzeWhJUnBzaWltc0t6R01xbmR3bXkyVHd5b3VCT0JpekUtTHlheWpyc3VNY3hxVEZGbU9GRS1CbElMMkhaOWJTNjhidXpkYUV4eU9BelI0TmJRQVM4aFZtdHY0elNyOVVaMDVOLXdPYlktQU5yaUpwaG1PZVpBS2dCVldxYWlrZnB2TjJiQUdZemFMWU9rSEpBdkVVSGFPcTZNY1dVRlNvSWlpdFdmRXNEMtIBwgFBVV95cUxNb0RXMzJqa0tZVzQ4VFFFUmZ6RFRvRC1RSXZqMEQxbmNqRkJodTJ4cVBMZTQyM0VoSkdzWHB1eVFYMDhGaU5NdG05dHAwamZFX0N3X3pYeXZKTkZhVTdMcy05Y1I5UjRUdzdNTlR0cThlLUptcUVMaWZTdkN0cHdXVFhYU0hGbXZZVWgzcU5HQ1NzR211R1FEVmxOemxPUEpmOGhOR3JtS0lnWFRRV0JfQ1R0RW4wYzRCeEpoLVBNcldzUQ?oc=5,"<a href=""https://news.google.com/rss/articles/CBMivAFBVV95cUxOb2FuVk1haW5OQTQzeWhJUnBzaWltc0t6R01xbmR3bXkyVHd5b3VCT0JpekUtTHlheWpyc3VNY3hxVEZGbU9GRS1CbElMMkhaOWJTNjhidXpkYUV4eU9BelI0TmJRQVM4aFZtdHY0elNyOVVaMDVOLXdPYlktQU5yaUpwaG1PZVpBS2dCVldxYWlrZnB2TjJiQUdZemFMWU9rSEpBdkVVSGFPcTZNY1dVRlNvSWlpdFdmRXNEMtIBwgFBVV95cUxNb0RXMzJqa0tZVzQ4VFFFUmZ6RFRvRC1RSXZqMEQxbmNqRkJodTJ4cVBMZTQyM0VoSkdzWHB1eVFYMDhGaU5NdG05dHAwamZFX0N3X3pYeXZKTkZhVTdMcy05Y1I5UjRUdzdNTlR0cThlLUptcUVMaWZTdkN0cHdXVFhYU0hGbXZZVWgzcU5HQ1"
116,"Corporal Punishment Not ""Sexual Assault"": Supreme Court Quashes POCSO Case Against Bengal Teacher",POCSO / Minor,2026-09-12,,,,,,Under Investigation,1,LawBeat,https://news.google.com/rss/articles/CBMizgFBVV95cUxPSFFCUFJlUVI0T1pGSlp5WHZ1YXBhdnlkUXVoTDdndXE0UDg0SWlCSUQwQjU2YXJzUjVEbmVxaTQwTTBiWHE3Ykd5YkhFczBTX0daU05WWmRienlyOEgzWjNzbGNoc3dPQlZtUF9MbEpySXhKRDltVE8xZjRvSkFsb0J1eXVaTnRIeG9lWFp6MzZMWDYybzE5Y1lnZTVaNTlqZkdyVUhPTzhTVDREUjV6UE1rYnVYaDRvazN2M1dNLTFXQnFybWRtelZMSkU5d9IB0wFBVV95cUxQS3pjUU4ya1dKd1JYSjNRLUozRUFjTTBfVDctMlhoeVNBTzZwTXU1TUR0Yl9nLVBBRDRWN21seEVvTjgtTExJd01WTDBFQ1o2NHZxVV9VYnF2cEktVXBjTUpZYUpwZ1h5WUd6Q01feHJoX2hKeE1vdUFUdGtLS3BhaHVwZGp1Vl9LSUE5YVQ2VmdpcEl4Z1ZaaXVWVExFX1lTQlc0UEEtT3VzYTdzZV9sdUxQbjFWQ2l1ZkJOMGp4MHhiUzRsczlnRDlyVzY4Y1NEclZR?oc=5,"<a href=""https://news.google.com/rss/articles/CBMizgFBVV95cUxPSFFCUFJlUVI0T1pGSlp5WHZ1YXBhdnlkUXVoTDdndXE0UDg0SWlCSUQwQjU2YXJzUjVEbmVxaTQwTTBiWHE3Ykd5YkhFczBTX0daU05WWmRienlyOEgzWjNzbGNoc3dPQlZtUF9MbEpySXhKRDltVE8xZjRvSkFsb0J1eXVaTnRIeG9lWFp6MzZMWDYybzE5Y1lnZTVaNTlqZkdyVUhPTzhTVDREUjV6UE1rYnVYaDRvazN2M1dNLTFXQnFybWRtelZMSkU5d9IB0wFBVV95cUxQS3pjUU4ya1dKd1JYSjNRLUozRUFjTTBfVDctMlhoeVNBTzZwTXU1TUR0Yl9nLVBBRDRWN21seEVvTjgtTExJd01WTDBFQ1o2NHZxVV9VYnF2cEktVXBjTUpZYUpwZ1h5WUd6Q01feHJoX2hKeE1vdUFUdGtLS3"
557,Durg POCSO Court Awards Death Penalty To Man Convicted Of Raping And Murdering 6-Year-Old Girl,POCSO / Minor,2026-09-11,Durg,Durg,Chhattisgarh,21.19,81.28,Convicted,1,ETV Bharat,https://news.google.com/rss/articles/CBMi3AFBVV95cUxNWjJULWUzMHV3RFIxbV92UlFMdmhyUDh2Y2pEeWprUW5oZmdxYkc1djQ0eWRnS0pvblNOOUZ1NENUUUNwOGlINk1IcEFDNXUtbEtvMUljcHZ0MXlZNUFQQnVXcjY2ZldDQlJub0cyUHRLY21KVVR4Uy1oRGFzeHlHTFA0eURXMEJsZE15Uy1xaUhMZGdKbTBPMm10REZ6RWRKVVZYc1BiU01nYWoxcEE3OEtvRU1yRHJHMDRkdHRCUnNhc0tBN0thSnBBNkVtb01QVUZxcFJmVk1fdktR0gHiAUFVX3lxTFA4aDktazFfanJFdm81RFhCWlpyVmc3SThYN25udlNBbTZIQnZIdGVqMkhncUJ4WHhhdVVGTDhfS3g5bklPQnBqWWpEc0RCV0c3bjBuTGVDRGNhOWl5QUZNc3kzYlJySXFlRU00dWxQbktydFlTTkllQVpiblBLRU5EdmI3WEV0VzhNbUVXUkhqRnNUa2FpU2VJVDhpenhreXFKWmYyUVFNYm94VlRlWjkwb1dSc1VpT0dEMmpXalh6NHRkd0l5ZkhYWlFJTFN2Ul9PQ3RKT25tMHczN29CSmYxSWc?oc=5,"<a href=""https://news.google.com/rss/articles/CBMi3AFBVV95cUxNWjJULWUzMHV3RFIxbV92UlFMdmhyUDh2Y2pEeWprUW5oZmdxYkc1djQ0eWRnS0pvblNOOUZ1NENUUUNwOGlINk1IcEFDNXUtbEtvMUljcHZ0MXlZNUFQQnVXcjY2ZldDQlJub0cyUHRLY21KVVR4Uy1oRGFzeHlHTFA0eURXMEJsZE15Uy1xaUhMZGdKbTBPMm10REZ6RWRKVVZYc1BiU01nYWoxcEE3OEtvRU1yRHJHMDRkdHRCUnNhc0tBN0thSnBBNkVtb01QVUZxcFJmVk1fdktR0gHiAUFVX3lxTFA4aDktazFfanJFdm81RFhCWlpyVmc3SThYN25udlNBbTZIQnZIdGVqMkhncUJ4WHhhdVVGTDhfS3g5bklPQnBqWWpEc0RCV0c3bjBuTGVDRGNhOWl5QUZNc3kzYlJySXFlRU00dWxQbk"
464,Supreme Court weighs marital rape law and women’s autonomy,Domestic Violence,2026-09-11,,,,,,Under Investigation,1,newskarnataka.com,https://news.google.com/rss/articles/CBMioAFBVV95cUxOWkRzWk1TQXZ3T2xMZWh0YTJidGVjUzB4VG0wRC1MUXNFeGpUUEZ1SDVaVE80TGEyQVlDUW4xN2ZoTE5xcHdQQ1dTaVE3bUZLbkFKLTEzYWYwM04tcUxackFUY3ZlQXFaa3dla1hUUjhhRVdlVTFxWldTdi16NVFadHhqLVBMaE9EZ3ZQLVBOWjluY1NpT2xyZkVjSEZ6Nnp4?oc=5,"<a href=""https://news.google.com/rss/articles/CBMioAFBVV95cUxOWkRzWk1TQXZ3T2xMZWh0YTJidGVjUzB4VG0wRC1MUXNFeGpUUEZ1SDVaVE80TGEyQVlDUW4xN2ZoTE5xcHdQQ1dTaVE3bUZLbkFKLTEzYWYwM04tcUxackFUY3ZlQXFaa3dla1hUUjhhRVdlVTFxWldTdi16NVFadHhqLVBMaE9EZ3ZQLVBOWjluY1NpT2xyZkVjSEZ6Nnp4?oc=5"" target=""_blank"">Supreme Court weighs marital rape law and women’s autonomy</a>&nbsp;&nbsp;<font color=""#6f6f6f"">newskarnataka.com</font>"
461,Supreme Court weighs marital rape law and women's autonomy,Domestic Violence,2026-09-11,,,,,,Under Investigation,1,dailyhunt.in,https://news.google.com/rss/articles/CBMi4AFBVV95cUxPSm1LdGJLUmtPU3lqenVfRmR4dmtNbzI2czd0WDJlNnF3ck1Gd3piMFJVTHRTYVJDcFRKcmhWdGN3bE43R01RNzBfN1JzWC1RQlVjcjFRX2lzZm9ZWllqTTVwZWtIbW9YQi05YUFzRElhZHJYcHU0QWtrbnlGU0RSVmRqX3gteGJyOWVBVDg3SHN0YVVaQzhtMzdFUWt4R3hyVXBlS1NlV0ZyY3FJeDVBNzRYSi14NWtZZ2pIajZuUS1tV090ejBwYy1wLS1Sejd5N2dEQ1V5Z0tuWkozYmJQQQ?oc=5,"<a href=""https://news.google.com/rss/articles/CBMi4AFBVV95cUxPSm1LdGJLUmtPU3lqenVfRmR4dmtNbzI2czd0WDJlNnF3ck1Gd3piMFJVTHRTYVJDcFRKcmhWdGN3bE43R01RNzBfN1JzWC1RQlVjcjFRX2lzZm9ZWllqTTVwZWtIbW9YQi05YUFzRElhZHJYcHU0QWtrbnlGU0RSVmRqX3gteGJyOWVBVDg3SHN0YVVaQzhtMzdFUWt4R3hyVXBlS1NlV0ZyY3FJeDVBNzRYSi14NWtZZ2pIajZuUS1tV090ejBwYy1wLS1Sejd5N2dEQ1V5Z0tuWkozYmJQQQ?oc=5"" target=""_blank"">Supreme Court weighs marital rape law and women's autonomy</a>&nbsp;&nbsp;<font color=""#6f6f6f"">dailyhunt.in</font>"
196,Football & domestic violence: Unhelpful narratives,Domestic Violence,2026-09-11,,,,,,Under Investigation,1,Football Supporters' Association,https://news.google.com/rss/articles/CBMigAFBVV95cUxPZ2hMV3B2OE1ZVEZuSlI0MkpXRkZBLXMtdXZ4TElydzNKd1hvMHpBNU9TVHdaNVItX1pUbnRObEJQejhqMVppU0tvYVVXdjlsQlRqamk0TjRxYm95bldaVnRDb2JuMDljZGN4Y3pDZG55TFpGODBxUWxLeC12a05Ucw?oc=5,"<a href=""https://news.google.com/rss/articles/CBMigAFBVV95cUxPZ2hMV3B2OE1ZVEZuSlI0MkpXRkZBLXMtdXZ4TElydzNKd1hvMHpBNU9TVHdaNVItX1pUbnRObEJQejhqMVppU0tvYVVXdjlsQlRqamk0TjRxYm95bldaVnRDb2JuMDljZGN4Y3pDZG55TFpGODBxUWxLeC12a05Ucw?oc=5"" target=""_blank"">Football & domestic violence: Unhelpful narratives</a>&nbsp;&nbsp;<font color=""#6f6f6f"">Football Supporters' Association</font>"
162,Supreme Court weighs marital rape exception. Why is it a legal flashpoint? | Hindustan Times,Domestic Violence,2026-09-11,,,,,,Under Investigation,1,Hindustan Times,https://news.google.com/rss/articles/CBMi1AFBVV95cUxPVVYwR1psVlpYUUNuTGRxcWhvLWRldGhZUU9WNmZlaTR1VVNnQWhpWGJKYkYtMVcwR2QzTHBaeGtHcVA3NDJ4UHBDMFdsWHBXeHdmdlVEdnBzZVg0X05IYmZVcXlsY2N1VnRQVmk3ZVBRbm5VQW9iRFpUMWpqRUN4T0lPWEVyTjdoQUkxOGNBcEFwRXNCdTkxTkFoOVhWaWtxdHRVX1hPeDhGV3V6M1hWb2ZZOU91d29MMmJDRGF2U2JQQ0xkS3E4QXRZQ2k4LW1mYWJvd9IB2gFBVV95cUxNQldPNTJyOV96MjY0LXRWbVJGVVpjSXdIQWYwb2R2X0FHN01EMGRGc0pFRXBURzFuUWlLeWdCeGxKZmJiY2IycGVkcEtxTXFaMFJUS2dTOWdudXE0X21RS3g0VUlZaHQtemxFYnpucTViX2NRLUZjdmhzSG8zNjc1amlxc3c2OWpVNHZLdUc4MVJxdHh5Y0lHUFBWR2NLZ0lmZVZCS1M2TlBPVnI3d1Jrd05IX1N3LXIyTVZ2UHJWRVFReW1xWFdZMjMxeW9VV3ZvWWZTY0x1ZF82QQ?oc=5,"<a href=""https://news.google.com/rss/articles/CBMi1AFBVV95cUxPVVYwR1psVlpYUUNuTGRxcWhvLWRldGhZUU9WNmZlaTR1VVNnQWhpWGJKYkYtMVcwR2QzTHBaeGtHcVA3NDJ4UHBDMFdsWHBXeHdmdlVEdnBzZVg0X05IYmZVcXlsY2N1VnRQVmk3ZVBRbm5VQW9iRFpUMWpqRUN4T0lPWEVyTjdoQUkxOGNBcEFwRXNCdTkxTkFoOVhWaWtxdHRVX1hPeDhGV3V6M1hWb2ZZOU91d29MMmJDRGF2U2JQQ0xkS3E4QXRZQ2k4LW1mYWJvd9IB2gFBVV95cUxNQldPNTJyOV96MjY0LXRWbVJGVVpjSXdIQWYwb2R2X0FHN01EMGRGc0pFRXBURzFuUWlLeWdCeGxKZmJiY2IycGVkcEtxTXFaMFJUS2dTOWdudXE0X21RS3g0VUlZaHQtemxFYnpucTViX2NRLUZjdm"
150,Most domestic violence now involves tech – but support is missing,Domestic Violence,2026-09-11,,,,,,Under Investigation,1,unsw.edu.au,https://news.google.com/rss/articles/CBMirgFBVV95cUxPMjNHZVFQZkNDQWtaa0hqeDVBTGkyTmpvQ1dZQlNqSDF3cktSMlJFSlZBMlk1Q3JOdWtkLTVoLS1INWhXY2IzVEpxWkF6YTIzcXI2MEZtRmNwRy1JMkdqaW4wMGJfYkFrLXc0ZF92SzRXZmVvTG5HUGRNNEZ5YWZQWXY3RW5mY1VObXZkTXRGNEFwTjN6RHlEZF9lN1l3Qzgzc3JBQllwcGt2NnE2bVE?oc=5,"<a href=""https://news.google.com/rss/articles/CBMirgFBVV95cUxPMjNHZVFQZkNDQWtaa0hqeDVBTGkyTmpvQ1dZQlNqSDF3cktSMlJFSlZBMlk1Q3JOdWtkLTVoLS1INWhXY2IzVEpxWkF6YTIzcXI2MEZtRmNwRy1JMkdqaW4wMGJfYkFrLXc0ZF92SzRXZmVvTG5HUGRNNEZ5YWZQWXY3RW5mY1VObXZkTXRGNEFwTjN6RHlEZF9lN1l3Qzgzc3JBQllwcGt2NnE2bVE?oc=5"" target=""_blank"">Most domestic violence now involves tech – but support is missing</a>&nbsp;&nbsp;<font color=""#6f6f6f"">unsw.edu.au</font>"
135,UK man pleads guilty to using online forum to encourage sexual assault of unconscious women,Sexual Assault,2026-09-11,,,,,,Under Investigation,1,CNN,https://news.google.com/rss/articles/CBMimAFBVV95cUxOU1FoSC1LSG9JNnJPZTVzQnoxZXYxVG1Zejc3elhJVjYxenVuQ2h0MXNUQXNLaWlhMnB5R2REam9FTXFNeDM3UE50VkYtQjQ0Vjhwa1pLQ3hNNjU1QXh4U1NIV2NZYWpKNzFKazJDUlNtV0tFZU8yUTVCMjZfU2JwWUFXNmZiSmdPUUo1bUZ0SkZzQnZ3VlVtcw?oc=5,"<a href=""https://news.google.com/rss/articles/CBMimAFBVV95cUxOU1FoSC1LSG9JNnJPZTVzQnoxZXYxVG1Zejc3elhJVjYxenVuQ2h0MXNUQXNLaWlhMnB5R2REam9FTXFNeDM3UE50VkYtQjQ0Vjhwa1pLQ3hNNjU1QXh4U1NIV2NZYWpKNzFKazJDUlNtV0tFZU8yUTVCMjZfU2JwWUFXNmZiSmdPUUo1bUZ0SkZzQnZ3VlVtcw?oc=5"" target=""_blank"">UK man pleads guilty to using online forum to encourage sexual assault of unconscious women</a>&nbsp;&nbsp;<font color=""#6f6f6f"">CNN</font>"
133,No offence of rape on promise of marriage when victim and accused already married to other people: HP High Court,Sexual Assault,2026-09-11,Himachal Pradesh,Himachal Pradesh,Himachal Pradesh,31.1048,77.1734,Under Investigation,1,Bar and Bench,https://news.google.com/rss/articles/CBMi6wFBVV95cUxQbDFQbGRfYjN3dWFDR2laU1NORHMyY2lLWTZyRmFrTE9XbVk3WTlwOThpU3BVZUZGSHlkTHF2WVY1RkJxam9XOGt4ZjBCMHVFQVBXcWdpeHFqYUxUakhCbnNEcmQxRlRZWk9KNUJVY251VVRDWi1YQXlvd3ZwZ3FIOE5Ga2w0TmUxa3NuU2h2RmNRMHZSNDNKRnp0QWNLTl9kanNma3ppM2x0Uk54Y0UtMldjOXRiUVB6QnY0WEQ1QkYtRzV2MTJfS2VhN05FdldadzZuYnAydDlSQmZYTlNHcDBuQUV6TGNOa2JF?oc=5,"<a href=""https://news.google.com/rss/articles/CBMi6wFBVV95cUxQbDFQbGRfYjN3dWFDR2laU1NORHMyY2lLWTZyRmFrTE9XbVk3WTlwOThpU3BVZUZGSHlkTHF2WVY1RkJxam9XOGt4ZjBCMHVFQVBXcWdpeHFqYUxUakhCbnNEcmQxRlRZWk9KNUJVY251VVRDWi1YQXlvd3ZwZ3FIOE5Ga2w0TmUxa3NuU2h2RmNRMHZSNDNKRnp0QWNLTl9kanNma3ppM2x0Uk54Y0UtMldjOXRiUVB6QnY0WEQ1QkYtRzV2MTJfS2VhN05FdldadzZuYnAydDlSQmZYTlNHcDBuQUV6TGNOa2JF?oc=5"" target=""_blank"">No offence of rape on promise of marriage when victim and accused already married to other people: HP High Cour"
132,"HC grants bail to woman accused of filing false rape cases, but suggests ‘habitual complainant’ database",Sexual Assault,2026-09-11,,,,,,Under Investigation,1,ThePrint,https://news.google.com/rss/articles/CBMi1wFBVV95cUxNSkIyMmZjcEpRYnAzblBsM3V4aGN4aGIzLUJWeUhlWkhranRDc3NVX2hXUlpQOTIyYXVBSnkxSmxzQVVTbUVyZWhUem5WSVhmY0pRNlJpQmptbmM3dmlGTjBYZm1VWURRZUZxUUhaM2gtUVVYMHdtcm9waUJzN0NIZkdBVGtSZE41eGRzSlFIOTdpZ3ZZcXptczZ3RVVtX2FpS1lfVXktT2NCd1FSV25zRjB2cXdiMEs3bU5vUjQxbVZGYkExc01nUFlfRjlmNGVJYXRFbFVkUdIB3AFBVV95cUxQRmptT21hZ1l3OW1pWVY2Yy1vb1Y3a252ei1WWmZSMlhvNU1iQUVDZjNpZ0VZZmxsWk45ME5Vb3VBS0x1Wkd3WVVNZ2xRQmpkQ1NMdVFCV1BLTnBnaW1jYWN2aEJjdGVYZ05iNk9YTDV1ZlJuekYtd0JoLTZsY0JXb3hUb2RVS0JJa29TQ0VFSTYwclA1XzhHSW5Vbm5Ob2RyOGwwRTdTVkhoY3M2a1VoNzAyZmVlenVVUHZJMUZxdElRdi1JRllNYk9oQUtZa21mYjJoSkotWWRFZDFT?oc=5,"<a href=""https://news.google.com/rss/articles/CBMi1wFBVV95cUxNSkIyMmZjcEpRYnAzblBsM3V4aGN4aGIzLUJWeUhlWkhranRDc3NVX2hXUlpQOTIyYXVBSnkxSmxzQVVTbUVyZWhUem5WSVhmY0pRNlJpQmptbmM3dmlGTjBYZm1VWURRZUZxUUhaM2gtUVVYMHdtcm9waUJzN0NIZkdBVGtSZE41eGRzSlFIOTdpZ3ZZcXptczZ3RVVtX2FpS1lfVXktT2NCd1FSV25zRjB2cXdiMEs3bU5vUjQxbVZGYkExc01nUFlfRjlmNGVJYXRFbFVkUdIB3AFBVV95cUxQRmptT21hZ1l3OW1pWVY2Yy1vb1Y3a252ei1WWmZSMlhvNU1iQUVDZjNpZ0VZZmxsWk45ME5Vb3VBS0x1Wkd3WVVNZ2xRQmpkQ1NMdVFCV1BLTnBnaW1jYWN2aEJjdGVYZ05iNk9YTDV1ZlJuek"
128,Baptismal Certificate Not A Prescribed Document U/S 94 JJ Act To Prove Minor’s Age: Supreme Court...,Other GBV,2026-09-11,,,,,,Under Investigation,1,Verdictum,https://news.google.com/rss/articles/CBMi1wFBVV95cUxQdnVDbkMzNDNyRVZETE1vY1AzR2oycXphOV9QVnFXTTAtNVBSVmYyZ3dlUkE0Z2otX1BhYW1Sbi1LRXd1RjZXTjZ3TGUtd21DSVd3LUlmZExOQVJIM19XSVd5My1nZEtnUWx6cWZ5bDEydnpuYlNGcFItOHR1RUFMcjVhRU9FVU45ZnVUZXBEamc0aXE5djZwdDJ3VWRJV0dEcjgwbXAwaTVWRWk1c240SW1UcEFVVFNLNC1KNHphaGJ0cG5kNkNuVmM1Z0JLQ0pfUWhpYlFKSdIB3AFBVV95cUxPRkVVMUQwZHFycjkzcnppUnJsd2VmZVc5d2RrQkJBV2hfMVJkOGl1elB6dWY2U2xuVE4temxUaTh3NWZlaXIwUmFJRnFDcGtPNWxaSkJzeTdZQU9qSHZrdTFGLWZGYTNHSlBxc2hFM2dYOF9ZMk9SWG9aaGtrS0hkQjlieF9jMW5DU2QyOHVqQUpOTW5QSThmYjNOaEFJamxqV0hzNGR0aGFSMkJzRGNhY0c3SjdiajFRZFFlaGw0WHpnZDlqeWxhNWg3RmxjRUpGOVBROTNPaUdaeUlv?oc=5,"<a href=""https://news.google.com/rss/articles/CBMi1wFBVV95cUxQdnVDbkMzNDNyRVZETE1vY1AzR2oycXphOV9QVnFXTTAtNVBSVmYyZ3dlUkE0Z2otX1BhYW1Sbi1LRXd1RjZXTjZ3TGUtd21DSVd3LUlmZExOQVJIM19XSVd5My1nZEtnUWx6cWZ5bDEydnpuYlNGcFItOHR1RUFMcjVhRU9FVU45ZnVUZXBEamc0aXE5djZwdDJ3VWRJV0dEcjgwbXAwaTVWRWk1c240SW1UcEFVVFNLNC1KNHphaGJ0cG5kNkNuVmM1Z0JLQ0pfUWhpYlFKSdIB3AFBVV95cUxPRkVVMUQwZHFycjkzcnppUnJsd2VmZVc5d2RrQkJBV2hfMVJkOGl1elB6dWY2U2xuVE4temxUaTh3NWZlaXIwUmFJRnFDcGtPNWxaSkJzeTdZQU9qSHZrdTFGLWZGYTNHSlBxc2hFM2dYOF9ZMk"
127,"S. 197 CrPC | Custodial Violence, Molestation Not Police's Official Duty, But Crime: Allahabad High Court ...",Harassment & Stalking,2026-09-11,Allahabad,Allahabad,Uttar Pradesh,25.4358,81.8463,Under Investigation,2,"Live Law, Hindustan Times",https://news.google.com/rss/articles/CBMi5wFBVV95cUxPSFVZN1E0akhsMWNtbF9jcGREdjN4ZldLYmt4MTZHTVNmWVdJakNMRDRmdVh2dEpiS1MyTkE4c0cxSHJ5V2FLT05OYnJWblZFRy1kRHVqMEhKM09xZWx3Y0FRN19UWk9vb3NXdkpvU1lxOVlYcXlDck1VdFgyQXlfaWsyRGlWZlhqTmQ2OE9mck5NM0E3SU5mazZrNmV4MzdMWEpTa0M4MGdEQUZ2MDYxSTJLSElLTjhkVWVvVUJDY3BqVHVmNUdad3FPYU9WbjlnemlLWmZRN0JJcXJiSFIxRm9WcVVfdzTSAewBQVVfeXFMTTBIYndjbFZJUHN0d2JPN1dFQ204Z255SngyUGNSVDJOYm9XSFI0MnVxSFJubG9QalhxTVRCdm9GazZiZjVHYUdtM1BzTV9KeGNsdzJwc3RJSl9VRDg4d29oQ3RMLWxaWHVnVWVNZFFrczJGdTJDdS1TOXNyYlhSaXY3RElUNUZJTHNMRUV3czliWEhodzBXeUFmX2g3cURHNV9IV2czUk5jQ0hGSFhWeTdtaFBraENBMWE4ZlpyZXVidUdiSFFBTmw1U0pnVVJWSUNINUZxUHBzeHJYUGpPVHAxU3FtM1NYU0htaU8?oc=5,"<a href=""https://news.google.com/rss/articles/CBMi5wFBVV95cUxPSFVZN1E0akhsMWNtbF9jcGREdjN4ZldLYmt4MTZHTVNmWVdJakNMRDRmdVh2dEpiS1MyTkE4c0cxSHJ5V2FLT05OYnJWblZFRy1kRHVqMEhKM09xZWx3Y0FRN19UWk9vb3NXdkpvU1lxOVlYcXlDck1VdFgyQXlfaWsyRGlWZlhqTmQ2OE9mck5NM0E3SU5mazZrNmV4MzdMWEpTa0M4MGdEQUZ2MDYxSTJLSElLTjhkVWVvVUJDY3BqVHVmNUdad3FPYU9WbjlnemlLWmZRN0JJcXJiSFIxRm9WcVVfdzTSAewBQVVfeXFMTTBIYndjbFZJUHN0d2JPN1dFQ204Z255SngyUGNSVDJOYm9XSFI0MnVxSFJubG9QalhxTVRCdm9GazZiZjVHYUdtM1BzTV9KeGNsdzJwc3RJSl9VRDg4d29oQ3RMLW"
117,"Bihar native held for abduction, sexual assault",Sexual Assault,2026-09-11,Bihar,Bihar Sharif,Bihar,25.1982,85.5149,Arrest Made,1,The Hindu,https://news.google.com/rss/articles/CBMitAFBVV95cUxPYTY5cGE0N1puMGwzSmxjYTA0NEdMclBJNzc3ZFJwbFlVUkRGVUlUY0s2NkN0LXJCVE4zeUxiRFZOdms3Wm5ORW04MGFINHlqRExTY1U1aTIwM3NXMnEyMGFBT2ZGZVpBUnBFS1NJU0NUZDZfN3oxM3BwWXdWRGY1WmZZbkxTdnRPVS10Uk1aMUsydDRtZUZQXzg0UURPcVNqcUNxYUZZeWFTZzh3NTlBcUtXSVrSAbsBQVVfeXFMT0c1dndwN3hQSTY2X1lUTVhpOHZoVDQyWnJ2Y0lnb2d6YmphMndORjRzQXlNa2RPakRWMEU3QV9XaDJ2cUR0S0I3dHdxVkFRRjJSNFlDRUNEcFRJdkpiNk5ralE5Tlc1VlhtbXhVeVhuRWx3SllPN3RqUXh0R0FWcXFFeUVEbmNMSE40c2VHOE1fOXRDT1lMQ3hUNGpjYS1ESV9NUjI4R3l2dkk5M1ZzYU9kWk1Wbng1RldsOA?oc=5,"<a href=""https://news.google.com/rss/articles/CBMitAFBVV95cUxPYTY5cGE0N1puMGwzSmxjYTA0NEdMclBJNzc3ZFJwbFlVUkRGVUlUY0s2NkN0LXJCVE4zeUxiRFZOdms3Wm5ORW04MGFINHlqRExTY1U1aTIwM3NXMnEyMGFBT2ZGZVpBUnBFS1NJU0NUZDZfN3oxM3BwWXdWRGY1WmZZbkxTdnRPVS10Uk1aMUsydDRtZUZQXzg0UURPcVNqcUNxYUZZeWFTZzh3NTlBcUtXSVrSAbsBQVVfeXFMT0c1dndwN3hQSTY2X1lUTVhpOHZoVDQyWnJ2Y0lnb2d6YmphMndORjRzQXlNa2RPakRWMEU3QV9XaDJ2cUR0S0I3dHdxVkFRRjJSNFlDRUNEcFRJdkpiNk5ralE5Tlc1VlhtbXhVeVhuRWx3SllPN3RqUXh0R0FWcXFFeUVEbmNMSE40c2VHOE1fOXRDT1lMQ3"
108,National-level powerlifter became victim of domestic violence,Domestic Violence,2026-09-11,,,,,,Under Investigation,1,Brut,https://news.google.com/rss/articles/CBMirAFBVV95cUxPVW1UekZFcW9QV05LVDFNeHh2cm5vNGZwMDlKd1RNYmhBSUR3VmZCUU5QOW5nYldaMXdQUjBUUTVQMGVsaUJlU29KUUZtd3NKUzVJTkZtWVVUQzlLMTJXRy1wcXJ2alZ2MGp4amVadU1tNjhTNmptUy1CYjhtR1ZXZDk5UWdNODhkWHhJN1dxYjV1QlRUZC15d1dFMFZuQkl6MGI4NWRNdnROTWxt?oc=5,"<a href=""https://news.google.com/rss/articles/CBMirAFBVV95cUxPVW1UekZFcW9QV05LVDFNeHh2cm5vNGZwMDlKd1RNYmhBSUR3VmZCUU5QOW5nYldaMXdQUjBUUTVQMGVsaUJlU29KUUZtd3NKUzVJTkZtWVVUQzlLMTJXRy1wcXJ2alZ2MGp4amVadU1tNjhTNmptUy1CYjhtR1ZXZDk5UWdNODhkWHhJN1dxYjV1QlRUZC15d1dFMFZuQkl6MGI4NWRNdnROTWxt?oc=5"" target=""_blank"">National-level powerlifter became victim of domestic violence</a>&nbsp;&nbsp;<font color=""#6f6f6f"">Brut</font>"
627,Kozhikode MCH sexual assault case: State announces financial relief for survivor,Sexual Assault,2026-09-10,Kozhikode,Kozhikode,Kerala,11.2588,75.7804,Under Investigation,1,Mathrubhumi English,https://news.google.com/rss/articles/CBMixgFBVV95cUxPd1IwQ2hialFpQlVTNU1CUE01ZE1QOVczUFhORmJTMC1iVVAwa194ZHJpenlvbGZ2SG1JUFEtX3pNeDlmSHhiUFJBR1dfMWlPUzJqUEJRYloxWHBCTE5DS1hIcjdReWZCUmMwOE96UWszV05XVnVLUV9fN0g1TWU3eTdXSFFwb0NHbmt1Skc4M2t1ck9XTzIzWk5VRHBoVlphTEtQX1VFR1pFamFzT3lhRDRweExVT213Wmc1TThCZ2NqY0MzeGfSAcYBQVVfeXFMT3dSMENoYmpRaUJVUzVNQlBNNWRNUDlXM1BYTkZiUzAtYlVQMGtfeGRyaXp5b2xmdkhtSVBRLV96TXg5Zkh4YlBSQUdXXzFpT1MyalBCUWJaMVhwQkxOQ0tYSHI3UXlmQlJjMDhPelFrM1dOV1Z1S1FfXzdINU1lN3k3V0hRcG9DR25rdUpHODNrdXJPV08yM1pOVURwaFZaYUxLUF9VRUdaRWphc095YUQ0cHhMVU9td1pnNU04QmdjamNDM3hn?oc=5,"<a href=""https://news.google.com/rss/articles/CBMixgFBVV95cUxPd1IwQ2hialFpQlVTNU1CUE01ZE1QOVczUFhORmJTMC1iVVAwa194ZHJpenlvbGZ2SG1JUFEtX3pNeDlmSHhiUFJBR1dfMWlPUzJqUEJRYloxWHBCTE5DS1hIcjdReWZCUmMwOE96UWszV05XVnVLUV9fN0g1TWU3eTdXSFFwb0NHbmt1Skc4M2t1ck9XTzIzWk5VRHBoVlphTEtQX1VFR1pFamFzT3lhRDRweExVT213Wmc1TThCZ2NqY0MzeGfSAcYBQVVfeXFMT3dSMENoYmpRaUJVUzVNQlBNNWRNUDlXM1BYTkZiUzAtYlVQMGtfeGRyaXp5b2xmdkhtSVBRLV96TXg5Zkh4YlBSQUdXXzFpT1MyalBCUWJaMVhwQkxOQ0tYSHI3UXlmQlJjMDhPelFrM1dOV1Z1S1FfXzdINU1lN3k3V0hRcG"
581,TTE booked under rape charges in Jhansi,Sexual Assault,2026-09-10,Jhansi,Jhansi,Uttar Pradesh,25.4484,78.5685,FIR Registered,1,The Times of India,https://news.google.com/rss/articles/CBMiuAFBVV95cUxQWTdWR1V1dHZMaWdmMlhCUkFUZVpPV3ZJcG8zTlVMQWtyajJKa0FZN2IzZ1hySkVPZVBYYU1UM290TC1RRjFnYXVxaTItOEhPSkNEVE82QzdUTDdLOTdaLUx6aFJ2UkMtaENuOVNPckRXeGpEaGhXSmU4QjFZLXI4dGNqamF1QXJXRWF6bUxvd1pWcVVCR1pFWkxld1lxSHcySzVuSWpYcklyOTVfM0Npc08taE5UOUU10gG4AUFVX3lxTFBZN1ZHVXV0dkxpZ2YyWEJSQVRlWk9XdklwbzNOVUxBa3JqMkprQVk3YjNnWHJKRU9lUFhhTVQzb3RMLVFGMWdhdXFpMi04SE9KQ0RUTzZDN1RMN0s5N1otTHpoUnZSQy1oQ245U09yRFd4akRoaFdKZThCMVktcjh0Y2pqYXVBcldFYXptTG93WlZxVUJHWkVaTGV3WXFIdzJLNW5JalhySXI5NV8zQ2lzTy1oTlQ5RTU?oc=5,"<a href=""https://news.google.com/rss/articles/CBMiuAFBVV95cUxQWTdWR1V1dHZMaWdmMlhCUkFUZVpPV3ZJcG8zTlVMQWtyajJKa0FZN2IzZ1hySkVPZVBYYU1UM290TC1RRjFnYXVxaTItOEhPSkNEVE82QzdUTDdLOTdaLUx6aFJ2UkMtaENuOVNPckRXeGpEaGhXSmU4QjFZLXI4dGNqamF1QXJXRWF6bUxvd1pWcVVCR1pFWkxld1lxSHcySzVuSWpYcklyOTVfM0Npc08taE5UOUU10gG4AUFVX3lxTFBZN1ZHVXV0dkxpZ2YyWEJSQVRlWk9XdklwbzNOVUxBa3JqMkprQVk3YjNnWHJKRU9lUFhhTVQzb3RMLVFGMWdhdXFpMi04SE9KQ0RUTzZDN1RMN0s5N1otTHpoUnZSQy1oQ245U09yRFd4akRoaFdKZThCMVktcjh0Y2pqYXVBcldFYXptTG93WlZxVU"
580,Police arrest nursing officer for sexual assault of minor in hospital,Sexual Assault,2026-09-10,,,,,,Under Investigation,1,The Times of India,https://news.google.com/rss/articles/CBMi8AFBVV95cUxQSEhiNGVrcU5tbXZfN0xzdzNWOEduNmZ5bEJOYzRQSDRPVHI4N1Q4d3Jwa28wQUJucG5rUk9oZ2FVbFE4UE91ckZ0TTJnN3kyVkkzQTAwTGZxTTVkbm9ma3BaVENHc0NZLTBuMEo2ZERxR2czRXZ4OWNyWk1ObEZxem1MVnVMcFBiVV82S1V0NWV3a3lBS21HM0QyTi1KTXpFSVdGSEg0THEwR19zLXhkRk1TZEZVRW5KdDN6bldCVHVmUGl5XzNIVkp2b3UteEMwNU1WcUZIbVJJVmxFQnY1SS01Y0JBN19CdjN3eEROUUfSAfABQVVfeXFMUEhIYjRla3FObW12XzdMc3czVjhHbjZmeWxCTmM0UEg0T1RyODdUOHdycGtvMEFCbnBua1JPaGdhVWxROFBPdXJGdE0yZzd5MlZJM0EwMExmcU01ZG5vZmtwWlRDR3NDWS0wbjBKNmREcUdnM0V2eDljclpNTmxGcXptTFZ1THBQYlVfNktVdDVld2t5QUttRzNEMk4tSk16RUlXRkhINExxMEdfcy14ZEZNU2RGVUVuSnQzem5XQlR1ZlBpeV8zSFZKdm91LXhDMDVNVnFGSG1SSVZsRUJ2NUktNWNCQTdfQnYzd3hETlFH?oc=5,"<a href=""https://news.google.com/rss/articles/CBMi8AFBVV95cUxQSEhiNGVrcU5tbXZfN0xzdzNWOEduNmZ5bEJOYzRQSDRPVHI4N1Q4d3Jwa28wQUJucG5rUk9oZ2FVbFE4UE91ckZ0TTJnN3kyVkkzQTAwTGZxTTVkbm9ma3BaVENHc0NZLTBuMEo2ZERxR2czRXZ4OWNyWk1ObEZxem1MVnVMcFBiVV82S1V0NWV3a3lBS21HM0QyTi1KTXpFSVdGSEg0THEwR19zLXhkRk1TZEZVRW5KdDN6bldCVHVmUGl5XzNIVkp2b3UteEMwNU1WcUZIbVJJVmxFQnY1SS01Y0JBN19CdjN3eEROUUfSAfABQVVfeXFMUEhIYjRla3FObW12XzdMc3czVjhHbjZmeWxCTmM0UEg0T1RyODdUOHdycGtvMEFCbnBua1JPaGdhVWxROFBPdXJGdE0yZzd5MlZJM0EwMExmcU01ZG"
573,Man sentenced to 20-year RI for rape of 8-year-old in Hyderabad,Sexual Assault,2026-09-10,Hyderabad,Hyderabad,Telangana,17.385,78.4867,Convicted,1,The New Indian Express,https://news.google.com/rss/articles/CBMi0AFBVV95cUxNZEV4a05kUzlyYWM5QTA4R0t6dmUyeFZCWWFIaGpBVWFMclZyektuOTlCZHpFb2ljQks5OG9wWDBJQ3hwenNzdVhlNTJ2YTRFdlVNeHV5cGU2U2p5UWVPZlNtVG14bjB4S3RFOThwaEZjMDlkbzZLLTFWYkwxWHBLTHJtLWdPOFFwTGZzNTJ3TjlJdTFQRVcyUTZyel8yMW83SWU4ekxXYW9nVmNyWEtYZlVaaF9aaG1qeS1GTWtNX1dtWXFKaHNTWi0zVXpTZXI30gHQAUFVX3lxTE1kRXhrTmRTOXJhYzlBMDhHS3p2ZTJ4VkJZYUhoakFVYUxyVnJ6S245OUJkekVvaWNCSzk4b3BYMElDeHB6c3N1WGU1MnZhNEV2VU14dXlwZTZTanlRZU9mU21UbXhuMHhLdEU5OHBoRmMwOWRvNkstMVZiTDFYcEtMcm0tZ084UXBMZnM1MndOOUl1MVBFVzJRNnJ6XzIxbzdJZTh6TFdhb2dWY3JYS1hmVVpoX1pobWp5LUZNa01fV21ZcUpoc1NaLTNVelNlcjc?oc=5,"<a href=""https://news.google.com/rss/articles/CBMi0AFBVV95cUxNZEV4a05kUzlyYWM5QTA4R0t6dmUyeFZCWWFIaGpBVWFMclZyektuOTlCZHpFb2ljQks5OG9wWDBJQ3hwenNzdVhlNTJ2YTRFdlVNeHV5cGU2U2p5UWVPZlNtVG14bjB4S3RFOThwaEZjMDlkbzZLLTFWYkwxWHBLTHJtLWdPOFFwTGZzNTJ3TjlJdTFQRVcyUTZyel8yMW83SWU4ekxXYW9nVmNyWEtYZlVaaF9aaG1qeS1GTWtNX1dtWXFKaHNTWi0zVXpTZXI30gHQAUFVX3lxTE1kRXhrTmRTOXJhYzlBMDhHS3p2ZTJ4VkJZYUhoakFVYUxyVnJ6S245OUJkekVvaWNCSzk4b3BYMElDeHB6c3N1WGU1MnZhNEV2VU14dXlwZTZTanlRZU9mU21UbXhuMHhLdEU5OHBoRmMwOWRvNkstMVZiTD"
553,Two taxi drivers held for schoolgirl's abduction-rape in Poonch,POCSO / Minor,2026-09-10,,,,,,Arrest Made,1,The Times of India,https://news.google.com/rss/articles/CBMiygFBVV95cUxOZGJDanlYemVaSGRtWFRxVEVTZm83aVVyTTc2V0JkX0NPUGpMVF9JZHVmOWRnWG9YZ0c2aUhnSzd3MTg4N0s4dlJIdGVLYjJyZURnenlIbVZkX1hDYnJBbmtlM1ozYm1sZzBfRHNmOFVLalgzY0RsZy1lMklVclNhM2ZKM1pNdWhKVW5UNVBjV21oRm5vaGtsb3h1SU5PdVlaME9DNGJ4Y3hJdTVqNk40cXgwb0ZkQkhYSGNnVlhNZDRKNWdCaVFjLVNn0gHPAUFVX3lxTE1PSUp3eGhQLUJfYUFOekd2RXdQTkgtcWl4VWFqNzQyUzRTUHRlV1VOMk5HNFlxNDdzM21uNHhDMEQtazJYS0lBaXFHVjNZbzkxQnd3UW9KVmVQWGtxMmcwLWd0SVZfZkcyb0xLYmg4OUVDZklXY0F4Zm9Qd25KZ2lUTHVsSEpzRlJ2X3FidnNNc2dhU2NTTnUtRkl4N0had3NqXy1qUmVrUThPeERXNGtrVm54SHNGUW1TY29nQTI0dEpfV2ZPWXVkSU02VlVJcw?oc=5,"<a href=""https://news.google.com/rss/articles/CBMiygFBVV95cUxOZGJDanlYemVaSGRtWFRxVEVTZm83aVVyTTc2V0JkX0NPUGpMVF9JZHVmOWRnWG9YZ0c2aUhnSzd3MTg4N0s4dlJIdGVLYjJyZURnenlIbVZkX1hDYnJBbmtlM1ozYm1sZzBfRHNmOFVLalgzY0RsZy1lMklVclNhM2ZKM1pNdWhKVW5UNVBjV21oRm5vaGtsb3h1SU5PdVlaME9DNGJ4Y3hJdTVqNk40cXgwb0ZkQkhYSGNnVlhNZDRKNWdCaVFjLVNn0gHPAUFVX3lxTE1PSUp3eGhQLUJfYUFOekd2RXdQTkgtcWl4VWFqNzQyUzRTUHRlV1VOMk5HNFlxNDdzM21uNHhDMEQtazJYS0lBaXFHVjNZbzkxQnd3UW9KVmVQWGtxMmcwLWd0SVZfZkcyb0xLYmg4OUVDZklXY0F4Zm9Qd25KZ2lUTH"
549,Can husband be tried for marital rape if law says not offence: Supreme Court,Domestic Violence,2026-09-10,,,,,,Under Investigation,1,The Times of India,https://news.google.com/rss/articles/CBMi2wFBVV95cUxPXzZ6SFRzNGlPWWFzbGx5S0F0MmRNdHBEeUNheDBIQS1WQnlBYnhuSWwxelhQUWpjT3RNdjNQaWVHTG9kSkRsUzNJV1FQTkxWa1AyWkNkRmFRRmdPZmZVZ1RFd294VklyeFFaWjdfV3oxek9RSFNRbzVyRGN6a3ZBVEVybVBBYnNuRGIyMlloS3VSZFFMNDhYZTloSUhzY0FGLUNqQUo4LWhLYndQNFBMRU42NG1nZUxpcVhudG8tS1hncGJPRTRwMEpkd09pX0JreFZTaE41bGFCMXfSAeABQVVfeXFMUEc1RlpSTjdKUmZIMkYxenF4YlIwVEt4OHVkTDVGS0tGWUFoZTBhcXlMSF96MjhWMW5EelZlaWxCY2doZFNDS0NaZXZvQ1pGSTdkNzBob1RXX0gzS3JLT0M3RmxYV0hISVVqS2h0dGJBVlA1aUJkR2NVOXh2RTRrMEJNd2FRU1djVi1uTzlUdW5xUFBXaU1VNDRUUUl6NVhxaGJ3aVZVQjR1X2dMRXlRNmZ1SXAzUTQycGVmYXRKeFJOV0tRWHR4ZDA4ZTY2RE9aMlRPVEh3WURhakJ5dHhhU2o?oc=5,"<a href=""https://news.google.com/rss/articles/CBMi2wFBVV95cUxPXzZ6SFRzNGlPWWFzbGx5S0F0MmRNdHBEeUNheDBIQS1WQnlBYnhuSWwxelhQUWpjT3RNdjNQaWVHTG9kSkRsUzNJV1FQTkxWa1AyWkNkRmFRRmdPZmZVZ1RFd294VklyeFFaWjdfV3oxek9RSFNRbzVyRGN6a3ZBVEVybVBBYnNuRGIyMlloS3VSZFFMNDhYZTloSUhzY0FGLUNqQUo4LWhLYndQNFBMRU42NG1nZUxpcVhudG8tS1hncGJPRTRwMEpkd09pX0JreFZTaE41bGFCMXfSAeABQVVfeXFMUEc1RlpSTjdKUmZIMkYxenF4YlIwVEt4OHVkTDVGS0tGWUFoZTBhcXlMSF96MjhWMW5EelZlaWxCY2doZFNDS0NaZXZvQ1pGSTdkNzBob1RXX0gzS3JLT0M3RmxYV0hISVVqS2h0dGJBVl"
465,Supreme Court Observes Wife Subjected to Forced S*xual Intercourse Is a Victim While Examining Marital Rape,Domestic Violence,2026-09-10,,,,,,Under Investigation,1,LatestLY,https://news.google.com/rss/articles/CBMi-AFBVV95cUxPenpTRURPMEpWQWV3aXpKamdaZ2hvSnJFMDNxRVR5ODJuT0V2eElVcjEtNTk3WFl5MkdxZmNtRzViUllWQVdpZnV4OUpQVkpPblEyTkNHWXpoS0kwSGVpNEZ5Q24zUE5lVXhMMC14UXl3eThERjQteVRYVVdfeFZWc05uSEFqM0ZDNzZ6ZWkxSjAwbmJfWjlwYWdWZXl2eDRCbUMzZlhBWkRGWjhlbVJqWDEzcXk1T2JwSEJvZDlkWE1FQWpkXzMzMTNWWm5FanNGbTJCWHdiZEdnNDBiM1MwQ2dVWmtCcXg4LWtQbzVCRzBLdUpvZG5CMNIB_gFBVV95cUxPMndiNGZXbnRFWlVKamNvNmVSQW1uYUZBWTdOZU9oVHNCX1dvd0R0M3pHQW1nTGVVY244R2dQbWV3eXdQemNjTmFHOWNyVDRkVk1KdHJPM0duTTNtVDlDNlppdkx2bXBvRHhFVG42WmVVeC1JOV9uX192QWM4aWFIelctQWRIMm12SGhjbW5lQTNka1Bkd3dmNzI4N3Ezal8zcHpNOG5DTzBHRFpnOVFtbm9CSTdHVUhxWWkzWlIxSl9BSm1qVElESElQM3RqczhxdkExLTlTTnk1WnppNzdZeHJrenVUR3QzZVRSWXctYjNnWTVId0JGa1ctR052dw?oc=5,"<a href=""https://news.google.com/rss/articles/CBMi-AFBVV95cUxPenpTRURPMEpWQWV3aXpKamdaZ2hvSnJFMDNxRVR5ODJuT0V2eElVcjEtNTk3WFl5MkdxZmNtRzViUllWQVdpZnV4OUpQVkpPblEyTkNHWXpoS0kwSGVpNEZ5Q24zUE5lVXhMMC14UXl3eThERjQteVRYVVdfeFZWc05uSEFqM0ZDNzZ6ZWkxSjAwbmJfWjlwYWdWZXl2eDRCbUMzZlhBWkRGWjhlbVJqWDEzcXk1T2JwSEJvZDlkWE1FQWpkXzMzMTNWWm5FanNGbTJCWHdiZEdnNDBiM1MwQ2dVWmtCcXg4LWtQbzVCRzBLdUpvZG5CMNIB_gFBVV95cUxPMndiNGZXbnRFWlVKamNvNmVSQW1uYUZBWTdOZU9oVHNCX1dvd0R0M3pHQW1nTGVVY244R2dQbWV3eXdQemNjTmFHOWNyVDRkVk1KdH"
408,"""He sends his good wishes"": Helen accepts Salim Khan's Raj Kapoor Lifetime Achievement Award at...",Other GBV,2026-09-10,,,,,,Under Investigation,1,lokmattimes.com,https://news.google.com/rss/articles/CBMi9wFBVV95cUxNdjlXSld6RXQ3UTJEVmZGZVZPbVhxbGZlOHU4cy1mbTNpamoxWkMxSE5JdW9naEJWdFZzTEs5SERITG4wZWhXUmszdWpUaWRiTlQ0TDRRTmVPRHVSRWJucDR3UmdoQUdtUGpwRGJITFhkSU9ORGdLeXI4SFZwZnpxeUg3d1U3cU9UbktHNDdVRVMtNGxLWEJGSzdLN3VVakVYNjBnNjMyeGpWT25GcElvdmVKWVdKd3lFcjNsODZzd2FuVk9TQzJRaWVEanFJQ3FSeF9aUUEzc0F3cDhKTXZtQUtWUUtqMWZEUG1VelFzeUtkb3hoY2pF0gH8AUFVX3lxTE5rckdvNWZNXzZqWnFhVEEtM01wNHNsMWtiUGFRdFZibEp1dmVBNmtGU0hSVHpSU3ZmS1d6WVBubW8xaGx5aW53clBJWnZ5ZGZJbWg3anNGbG12NkI3T2JoaHU0RW0zU2RkVVNPU2hpQktxZXVrY0tCYUpvZEN2ZThRNjJLWXhaam5yNTZ1bG55Y2xtYktWNnhiVDN0MFp1ZWp2QXdrNE94LUZOWkhlWWhlYmlFOHltbTBkb3I4MlZTVjh0QW9vMlRBd294UnlqUjlqTXVKMFZVcU5XYnlURURaMXZFQTY0dFU4RzcybXVCbVFUVFpKOUx1MDhZNA?oc=5,"<a href=""https://news.google.com/rss/articles/CBMi9wFBVV95cUxNdjlXSld6RXQ3UTJEVmZGZVZPbVhxbGZlOHU4cy1mbTNpamoxWkMxSE5JdW9naEJWdFZzTEs5SERITG4wZWhXUmszdWpUaWRiTlQ0TDRRTmVPRHVSRWJucDR3UmdoQUdtUGpwRGJITFhkSU9ORGdLeXI4SFZwZnpxeUg3d1U3cU9UbktHNDdVRVMtNGxLWEJGSzdLN3VVakVYNjBnNjMyeGpWT25GcElvdmVKWVdKd3lFcjNsODZzd2FuVk9TQzJRaWVEanFJQ3FSeF9aUUEzc0F3cDhKTXZtQUtWUUtqMWZEUG1VelFzeUtkb3hoY2pF0gH8AUFVX3lxTE5rckdvNWZNXzZqWnFhVEEtM01wNHNsMWtiUGFRdFZibEp1dmVBNmtGU0hSVHpSU3ZmS1d6WVBubW8xaGx5aW53clBJWnZ5ZGZJbWg3an"
327,BJP MLA’s ‘langda’ remark lands reel-maker in jail: Held for rape attempt on minor; Muslim activist calls h...,Sexual Assault,2026-09-10,,,,,,Arrest Made,1,Bhaskar English,https://news.google.com/rss/articles/CBMi0wFBVV95cUxPLWdLT01OOFYxREMydUp0Rmh0b1pwa08tOU9HcS1kVEt4Sml6ZnJhaVdwTm9nRm0yejdJNnNuXzk1d1Y3SkJvb3h6ZDg3NF9VYy1SMy03a2NGZzZXNlF6a1BhOGJndXpXbGF1NGRfa3pmTTRWUlVfWkJ2ZkMzWm02MEt4NG90WnFTSjVEek1iUG8yUW1MTWdLLTBBU3hldTRHLXpKeElJbFg3emg2VXgtVGdtd0VUUFJXSVVjYk5SZlJaWDhnNXE4UWl1WDgwMGk5TTJz0gHYAUFVX3lxTFBpY2NyY21vejJCd3VDaTZYem95Vmd0WDl0WndCU29CQ3JPVWExaFYxcnhic3FRa19oTWwxa0otaEpUZHc0VFVfWnJjRUdUU2ptOU0tZDAyZzUzRmZzb2Z4aVNPODFLQmRMOUxQLVctZ1ZRYzlSOWVKMGVtQmhtT2ZBS3JqYVR4Qzllekw5aTNnM00yTnBpdzZzdUFyVEVBaHlKVzliUFNOZzg5SEJ2ZWNydEZzbGprVUs2MFRtMHJpaFFrZnJ4djVodXhFVW5sR0lUdmw2QVEwWQ?oc=5,"<a href=""https://news.google.com/rss/articles/CBMi0wFBVV95cUxPLWdLT01OOFYxREMydUp0Rmh0b1pwa08tOU9HcS1kVEt4Sml6ZnJhaVdwTm9nRm0yejdJNnNuXzk1d1Y3SkJvb3h6ZDg3NF9VYy1SMy03a2NGZzZXNlF6a1BhOGJndXpXbGF1NGRfa3pmTTRWUlVfWkJ2ZkMzWm02MEt4NG90WnFTSjVEek1iUG8yUW1MTWdLLTBBU3hldTRHLXpKeElJbFg3emg2VXgtVGdtd0VUUFJXSVVjYk5SZlJaWDhnNXE4UWl1WDgwMGk5TTJz0gHYAUFVX3lxTFBpY2NyY21vejJCd3VDaTZYem95Vmd0WDl0WndCU29CQ3JPVWExaFYxcnhic3FRa19oTWwxa0otaEpUZHc0VFVfWnJjRUdUU2ptOU0tZDAyZzUzRmZzb2Z4aVNPODFLQmRMOUxQLVctZ1ZRYzlSOWVKMG"
311,"Man who raped teen, now adult, acquitted, Thane court says relationship was consensual",Sexual Assault,2026-09-10,Thane,Thane,Maharashtra,19.2183,72.9781,Bail / Acquittal,3,"indiatoday.in, Mid-Day, Mid-Day",https://news.google.com/rss/articles/CBMi5gFBVV95cUxQbUxwM2RBeDhoOGY0X3ljc2lSWTJTM1RjMjMzRjlUREMzcHVBQlVlX0Jnem9MMTJIS0YxZEUwSUpPdXR3WFV6VEl6cHBtUWRoODhmRWZ6dnhIVE8wS0Q4M2pDRjlUemR6MlBPTWJFbXB4bUhoR0xHZFVVSlFIZmZyOVNEUTFnTWVZSTFldC1rWUxBVGxSb3ppU2hZYjUzNXl6SUhqZS1ORnpEVEpwckswSjd4MnBaNkZHNE9CUi0zYlpicml0bl9wTWVkU09MTGFuckdBSWR5ME5TOTdtN2c1THlSdkFfQdIB5gFBVV95cUxQbUxwM2RBeDhoOGY0X3ljc2lSWTJTM1RjMjMzRjlUREMzcHVBQlVlX0Jnem9MMTJIS0YxZEUwSUpPdXR3WFV6VEl6cHBtUWRoODhmRWZ6dnhIVE8wS0Q4M2pDRjlUemR6MlBPTWJFbXB4bUhoR0xHZFVVSlFIZmZyOVNEUTFnTWVZSTFldC1rWUxBVGxSb3ppU2hZYjUzNXl6SUhqZS1ORnpEVEpwckswSjd4MnBaNkZHNE9CUi0zYlpicml0bl9wTWVkU09MTGFuckdBSWR5ME5TOTdtN2c1THlSdkFfQQ?oc=5,"<a href=""https://news.google.com/rss/articles/CBMi5gFBVV95cUxQbUxwM2RBeDhoOGY0X3ljc2lSWTJTM1RjMjMzRjlUREMzcHVBQlVlX0Jnem9MMTJIS0YxZEUwSUpPdXR3WFV6VEl6cHBtUWRoODhmRWZ6dnhIVE8wS0Q4M2pDRjlUemR6MlBPTWJFbXB4bUhoR0xHZFVVSlFIZmZyOVNEUTFnTWVZSTFldC1rWUxBVGxSb3ppU2hZYjUzNXl6SUhqZS1ORnpEVEpwckswSjd4MnBaNkZHNE9CUi0zYlpicml0bl9wTWVkU09MTGFuckdBSWR5ME5TOTdtN2c1THlSdkFfQdIB5gFBVV95cUxQbUxwM2RBeDhoOGY0X3ljc2lSWTJTM1RjMjMzRjlUREMzcHVBQlVlX0Jnem9MMTJIS0YxZEUwSUpPdXR3WFV6VEl6cHBtUWRoODhmRWZ6dnhIVE8wS0Q4M2pDRjlUem"
191,"Two charged with rape, sexual assault of woman who declined threesome requests",Sexual Assault,2026-09-10,,,,,,Under Investigation,1,ABC4 Utah,https://news.google.com/rss/articles/CBMib0FVX3lxTFBoNWhiTm9HdGdRLWUtTy1oc1FzMnFPdlE2SjRzcGtTaXp5VU1oU3ZaeHRJOU9RY3Q4REtxS2thNjZkYTROYUU0dFhYWEMtdVBiUUh4VU43UC13NEs4dWFFaGF0RWVsY2hGQm56Qnd6b9IBdEFVX3lxTE1IQndIT3A2Z2ViU1V4OTMtcWdvR0pFS0gwcm9zclFBay1QVXFKMTV0dC12N2QxRjNBWkstaFI3TGJRSHVKY0V0N043Q1lvdnRGbjRQano3cF9pdUFpZEc5ejVQaUczQWJOZ1cwWUZ6cDBMQ2d4?oc=5,"<a href=""https://news.google.com/rss/articles/CBMib0FVX3lxTFBoNWhiTm9HdGdRLWUtTy1oc1FzMnFPdlE2SjRzcGtTaXp5VU1oU3ZaeHRJOU9RY3Q4REtxS2thNjZkYTROYUU0dFhYWEMtdVBiUUh4VU43UC13NEs4dWFFaGF0RWVsY2hGQm56Qnd6b9IBdEFVX3lxTE1IQndIT3A2Z2ViU1V4OTMtcWdvR0pFS0gwcm9zclFBay1QVXFKMTV0dC12N2QxRjNBWkstaFI3TGJRSHVKY0V0N043Q1lvdnRGbjRQano3cF9pdUFpZEc5ejVQaUczQWJOZ1cwWUZ6cDBMQ2d4?oc=5"" target=""_blank"">Two charged with rape, sexual assault of woman who declined threesome requests</a>&nbsp;&nbsp;<font color=""#6f6f6f"">ABC"
189,CCTV images released following sexual assault – London,Sexual Assault,2026-09-10,,,,,,Under Investigation,1,British Transport Police,https://news.google.com/rss/articles/CBMirAFBVV95cUxPSWd3VlNHaUZLYmpSbVBRckdSTlJjbnY3RFRRdjFmZVJyMV83X3VwOGVoTlVyVlIwZTQwOWFtS2p6a1lQNGZVVDN0NHpJRGhZbmsyUlpYQnFTanJNcGlIQjBHbkhkZ21BemQxNk5oZWFiVnVKZXlaSzh2UU5kd2ZhTjl6WGZGa3RqSlpFc2wxaEE0ZkFzWEZnUmJ1Vk4tX0h6QVRGMm9FOUI1YWE3?oc=5,"<a href=""https://news.google.com/rss/articles/CBMirAFBVV95cUxPSWd3VlNHaUZLYmpSbVBRckdSTlJjbnY3RFRRdjFmZVJyMV83X3VwOGVoTlVyVlIwZTQwOWFtS2p6a1lQNGZVVDN0NHpJRGhZbmsyUlpYQnFTanJNcGlIQjBHbkhkZ21BemQxNk5oZWFiVnVKZXlaSzh2UU5kd2ZhTjl6WGZGa3RqSlpFc2wxaEE0ZkFzWEZnUmJ1Vk4tX0h6QVRGMm9FOUI1YWE3?oc=5"" target=""_blank"">CCTV images released following sexual assault – London</a>&nbsp;&nbsp;<font color=""#6f6f6f"">British Transport Police</font>"
187,Two men accused of Galway rape refused bail,Sexual Assault,2026-09-10,,,,,,Under Investigation,1,RTE.ie,https://news.google.com/rss/articles/CBMifEFVX3lxTE1mQWJQWHNUVzRSc1BSYWU3T0Y1R252WnRjYnpDS3pvY3NBdV9wTHhFamxacGJkb1hPelBnUXBhQTZidTMyMUNlNXZWVENicV8xUE5xYzU3VThYci1NcUllNkgyOVQtVlg0aHpjVlhpeE4zS1ktQUdib0ZJUTg?oc=5,"<a href=""https://news.google.com/rss/articles/CBMifEFVX3lxTE1mQWJQWHNUVzRSc1BSYWU3T0Y1R252WnRjYnpDS3pvY3NBdV9wTHhFamxacGJkb1hPelBnUXBhQTZidTMyMUNlNXZWVENicV8xUE5xYzU3VThYci1NcUllNkgyOVQtVlg0aHpjVlhpeE4zS1ktQUdib0ZJUTg?oc=5"" target=""_blank"">Two men accused of Galway rape refused bail</a>&nbsp;&nbsp;<font color=""#6f6f6f"">RTE.ie</font>"
177,Huntington 17-year-old accused of rape,Sexual Assault,2026-09-10,,,,,,Under Investigation,1,"WPTA | 21Alive | Fort Wayne, IN",https://news.google.com/rss/articles/CBMigAFBVV95cUxQT2pLSTlIRG9uR2dWYUp0VGZXcU1nZVRRZnZEWmRHQVgtcVp4M2dNbTc0UzF2My03N2FzcDg2Ql9SZ2VnZy1JbVBUcDh0Rko5Rlc0UzRmWHpLSm0xRUkwSV9zUjhQeVpZN3VOd3phcGZORGxSNWU1MUpmaWQ0SEViQQ?oc=5,"<a href=""https://news.google.com/rss/articles/CBMigAFBVV95cUxQT2pLSTlIRG9uR2dWYUp0VGZXcU1nZVRRZnZEWmRHQVgtcVp4M2dNbTc0UzF2My03N2FzcDg2Ql9SZ2VnZy1JbVBUcDh0Rko5Rlc0UzRmWHpLSm0xRUkwSV9zUjhQeVpZN3VOd3phcGZORGxSNWU1MUpmaWQ0SEViQQ?oc=5"" target=""_blank"">Huntington 17-year-old accused of rape</a>&nbsp;&nbsp;<font color=""#6f6f6f"">WPTA | 21Alive | Fort Wayne, IN</font>"
175,New sexual assault lawsuit brought against Cesar Chavez estate,Sexual Assault,2026-09-10,,,,,,Under Investigation,1,ABC30 Fresno,https://news.google.com/rss/articles/CBMikAFBVV95cUxORjZpNGU2V1FYRi1XTU1YVlFJcllBcFVNOG4zM05CZ29HRUYwRVJKajNhS0hGbXY5MGVjdUNObjRDRkxTdERjWmRTTG0yWUlVeHJ4ZlBUZW1ya0ZJQ05qRF9ybmtHdElnSURCQmYyaDdVeWRJWE9mOWtoZ0V1d2xjSWZjUGdiNGliTU1LdW9IUUzSAZYBQVVfeXFMUFowQzVtMUhMQWRSZjJpNWdxemd0WHZ3bm9rSDg1SDNuNXlWTEVYS0U0czE4SE1RWHVtR3lGaHFubU1CMGRPcFpub3hxYll2V1BNVU1QM3BBNTZOMFF0Y1N6Qm9PSE5paVBiNElOYW9QcXNUOXdMTjZ1eUdxaFN6czZ1ZzNRZzNWam9vaU8tMHlhX1pFMFpR?oc=5,"<a href=""https://news.google.com/rss/articles/CBMikAFBVV95cUxORjZpNGU2V1FYRi1XTU1YVlFJcllBcFVNOG4zM05CZ29HRUYwRVJKajNhS0hGbXY5MGVjdUNObjRDRkxTdERjWmRTTG0yWUlVeHJ4ZlBUZW1ya0ZJQ05qRF9ybmtHdElnSURCQmYyaDdVeWRJWE9mOWtoZ0V1d2xjSWZjUGdiNGliTU1LdW9IUUzSAZYBQVVfeXFMUFowQzVtMUhMQWRSZjJpNWdxemd0WHZ3bm9rSDg1SDNuNXlWTEVYS0U0czE4SE1RWHVtR3lGaHFubU1CMGRPcFpub3hxYll2V1BNVU1QM3BBNTZOMFF0Y1N6Qm9PSE5paVBiNElOYW9QcXNUOXdMTjZ1eUdxaFN6czZ1ZzNRZzNWam9vaU8tMHlhX1pFMFpR?oc=5"" target=""_blank"">New sexual assault lawsuit "
168,Woman suffers serious sexual assault while walking dog near park in Blantyre,Sexual Assault,2026-09-10,,,,,,Under Investigation,1,BBC,https://news.google.com/rss/articles/CBMiXEFVX3lxTE5faGZrcWJ6YU94NDZYSU9KOUdCbUk1Um9sQ3RGckV5SkdNMmtWLWdSRHlXbWxrOHI3UV9wVWNuX3YzeVVla2dRSDl2WTRfMFNjdVI3cFNLTTRzaVYt?oc=5,"<a href=""https://news.google.com/rss/articles/CBMiXEFVX3lxTE5faGZrcWJ6YU94NDZYSU9KOUdCbUk1Um9sQ3RGckV5SkdNMmtWLWdSRHlXbWxrOHI3UV9wVWNuX3YzeVVla2dRSDl2WTRfMFNjdVI3cFNLTTRzaVYt?oc=5"" target=""_blank"">Woman suffers serious sexual assault while walking dog near park in Blantyre</a>&nbsp;&nbsp;<font color=""#6f6f6f"">BBC</font>"
156,"Tate brothers to stay jailed on rape and sex-trafficking charges, judge rules",Sexual Assault,2026-09-10,,,,,,Under Investigation,1,The Washington Post,https://news.google.com/rss/articles/CBMitwFBVV95cUxOUV9EdUkwNUQ4SjFMVkhhRXhTU1NLZTlNa3RQenVLMmhOVlhValgyRjFORUx2OUJCYnNxNkdES3NpNmxTM25NOXNodXhDNjFyTS05MlpWem9kWGRieGRTTzFsOWVsVFMtS250MGg4dUQ3SU5PekNDUktaSG42MHBybjAyS25MNExaVlVxbGZfWHlfQWo2QWpwREUzZlNPT054cjlua2l5LThEN0xuTEpPV3l4MWFDT0E?oc=5,"<a href=""https://news.google.com/rss/articles/CBMitwFBVV95cUxOUV9EdUkwNUQ4SjFMVkhhRXhTU1NLZTlNa3RQenVLMmhOVlhValgyRjFORUx2OUJCYnNxNkdES3NpNmxTM25NOXNodXhDNjFyTS05MlpWem9kWGRieGRTTzFsOWVsVFMtS250MGg4dUQ3SU5PekNDUktaSG42MHBybjAyS25MNExaVlVxbGZfWHlfQWo2QWpwREUzZlNPT054cjlua2l5LThEN0xuTEpPV3l4MWFDT0E?oc=5"" target=""_blank"">Tate brothers to stay jailed on rape and sex-trafficking charges, judge rules</a>&nbsp;&nbsp;<font color=""#6f6f6f"">The Washington Post</font>"
149,"Nearly 40% of family lawyers face threats, especially in domestic violence cases",Domestic Violence,2026-09-10,,,,,,Under Investigation,1,NL Times,https://news.google.com/rss/articles/CBMipAFBVV95cUxPUmtGM0tocVJWN3k3bnRoeGNzdklQeVhjOVYzVEd1aVU1M1Q1clhVeEFubUpxd3dQYWthRnQ2UF9pTW5MaHhfOHNtbTAybW9KbHBjWjZJcWp4REdiWG9OYUFtNzBHVUV4UWp0dWpVWmc3cnZOWi04LXRqWjM1Vno5Y2x4ZEg2MkJQN0QyMldTWEdzQU5wTGtfZW9MLXdGUEQ0emlZdw?oc=5,"<a href=""https://news.google.com/rss/articles/CBMipAFBVV95cUxPUmtGM0tocVJWN3k3bnRoeGNzdklQeVhjOVYzVEd1aVU1M1Q1clhVeEFubUpxd3dQYWthRnQ2UF9pTW5MaHhfOHNtbTAybW9KbHBjWjZJcWp4REdiWG9OYUFtNzBHVUV4UWp0dWpVWmc3cnZOWi04LXRqWjM1Vno5Y2x4ZEg2MkJQN0QyMldTWEdzQU5wTGtfZW9MLXdGUEQ0emlZdw?oc=5"" target=""_blank"">Nearly 40% of family lawyers face threats, especially in domestic violence cases</a>&nbsp;&nbsp;<font color=""#6f6f6f"">NL Times</font>"
148,Bishop seeks to have child rape case dismissed,Sexual Assault,2026-09-10,,,,,,Under Investigation,1,BBC,https://news.google.com/rss/articles/CBMiXEFVX3lxTE16Ry1sV1RDRmJybHFrOVlyUXpsQ0J2M0RrMTFVU1QxOUg5aUlpUTlYVE00WEcyRnBuMkVKc2E4eXNJckFNXzFxamtFUVlQRm1vVHNBVnNGeHpFQ0RC?oc=5,"<a href=""https://news.google.com/rss/articles/CBMiXEFVX3lxTE16Ry1sV1RDRmJybHFrOVlyUXpsQ0J2M0RrMTFVU1QxOUg5aUlpUTlYVE00WEcyRnBuMkVKc2E4eXNJckFNXzFxamtFUVlQRm1vVHNBVnNGeHpFQ0RC?oc=5"" target=""_blank"">Bishop seeks to have child rape case dismissed</a>&nbsp;&nbsp;<font color=""#6f6f6f"">BBC</font>"
140,Long: Rape myths cause real harm,Sexual Assault,2026-09-10,,,,,,Under Investigation,1,justice-ni.gov.uk,https://news.google.com/rss/articles/CBMidEFVX3lxTE5YUFROZ29DdlJxTVhBV1VzdkVFRXlNdkVwVGI5U1RNa0NpTEhSMFIzVEQ3ejd6X2E0cWJJb2RLbTBRUnFnelMxeGJvY0lTeWp5V0tXcDZseHRPb1JSU1E5ZmtWQUJMbnJ2QXBuWFY2WklLSG1L?oc=5,"<a href=""https://news.google.com/rss/articles/CBMidEFVX3lxTE5YUFROZ29DdlJxTVhBV1VzdkVFRXlNdkVwVGI5U1RNa0NpTEhSMFIzVEQ3ejd6X2E0cWJJb2RLbTBRUnFnelMxeGJvY0lTeWp5V0tXcDZseHRPb1JSU1E5ZmtWQUJMbnJ2QXBuWFY2WklLSG1L?oc=5"" target=""_blank"">Long: Rape myths cause real harm</a>&nbsp;&nbsp;<font color=""#6f6f6f"">justice-ni.gov.uk</font>"
124,Grace Tame apologises for comments labelling rape of Israeli women during Hamas attacks ‘propaganda’,Sexual Assault,2026-09-10,,,,,,Under Investigation,1,theguardian.com,https://news.google.com/rss/articles/CBMi6wFBVV95cUxQY3NHOHNURVdRY2hVd0dzTWJXTlJSQmdjdGVHaVdqenRwT01zLUVfbnZIZjJhUTZDaDN0dkRXN1piS1YxWTM3cUdfeGVmejZyU3k3Mjh2SzZqLVdtNHZIRmhHNnlRR0tNRlRkYXVuTkdzeWJ5SjNUWFllVElWdUZmVFNYRlh2cmxOeHlwVU9RZHBGUWZJT3FnQ1QzaXZkV3BSOEc0UDlzSmpGd3NYVUVvbDBxWVpYcWk5QWcxcHJOMHBiZVVGSkNBckt6X0ZWTDRyb2JLVHVZdVZHRXFrZDNKbVhpWkhUUF9nZHo0?oc=5,"<a href=""https://news.google.com/rss/articles/CBMi6wFBVV95cUxQY3NHOHNURVdRY2hVd0dzTWJXTlJSQmdjdGVHaVdqenRwT01zLUVfbnZIZjJhUTZDaDN0dkRXN1piS1YxWTM3cUdfeGVmejZyU3k3Mjh2SzZqLVdtNHZIRmhHNnlRR0tNRlRkYXVuTkdzeWJ5SjNUWFllVElWdUZmVFNYRlh2cmxOeHlwVU9RZHBGUWZJT3FnQ1QzaXZkV3BSOEc0UDlzSmpGd3NYVUVvbDBxWVpYcWk5QWcxcHJOMHBiZVVGSkNBckt6X0ZWTDRyb2JLVHVZdVZHRXFrZDNKbVhpWkhUUF9nZHo0?oc=5"" target=""_blank"">Grace Tame apologises for comments labelling rape of Israeli women during Hamas attacks ‘propaganda’</a>&nbsp;&"
123,"Even If S.376 IPC Charge Not Framed, Rape Conviction Possible When POCSO Case Fails For Not Proving...",POCSO / Minor,2026-09-10,,,,,,Under Investigation,1,Live Law,https://news.google.com/rss/articles/CBMi5wFBVV95cUxOenZOZXhwUGZFWXNJbkxZMU5Gcm5fVkkybkVNVGJVYnJEVy1Xa3VheFc0X1QyczhjbFhoNF9pdm02SEJTcUdnazlqd2dTS1BlTXdiYnJ4S2hJRVk5YWpkekdIalhteHFCTGt4N2NldU9UQjY1NnR2QXBKcXZUNzRYTFRLT1paWnNRWlJvOFVnelk3TFA3d3hFeGhQQkFPTi03UGV2Q3QzNFE5SkJRYlVIOGdsSmJBcDNYM09sYnRJOEZ6V2dWcWtHVnhucEN3emlmam1ia2l2WTI4eG9XeVh4MmJUU1UyQWPSAewBQVVfeXFMTmY3eEY1TE01N0ZKejBzTEFUOXpGUHpnUTNrdVhCWTV4blpibmxzVmJlVjJfaFNocDFnWUtNbkR3R05RWjFFc2Zhc1prU0tmSzlYeE0zeVpwZDFJT0VLWEVZZVlCYnFGdUZQTDBZWXdCbkkydE9aZk9QWl9Ra2hUeHI2cGJYOGhzMGFuVmFtU3B3aFJXRVF0S0lRLVJkQzJLb2NWc0RCdktqVUFRdDZDNEZpT00zQ1NHajBoVzhzWDJkYlIwVU92NGhqdWRmOEV0TG0ycXlWdUY1czMwc29FSEsxdTJCczlHQTNRYmI?oc=5,"<a href=""https://news.google.com/rss/articles/CBMi5wFBVV95cUxOenZOZXhwUGZFWXNJbkxZMU5Gcm5fVkkybkVNVGJVYnJEVy1Xa3VheFc0X1QyczhjbFhoNF9pdm02SEJTcUdnazlqd2dTS1BlTXdiYnJ4S2hJRVk5YWpkekdIalhteHFCTGt4N2NldU9UQjY1NnR2QXBKcXZUNzRYTFRLT1paWnNRWlJvOFVnelk3TFA3d3hFeGhQQkFPTi03UGV2Q3QzNFE5SkJRYlVIOGdsSmJBcDNYM09sYnRJOEZ6V2dWcWtHVnhucEN3emlmam1ia2l2WTI4eG9XeVh4MmJUU1UyQWPSAewBQVVfeXFMTmY3eEY1TE01N0ZKejBzTEFUOXpGUHpnUTNrdVhCWTV4blpibmxzVmJlVjJfaFNocDFnWUtNbkR3R05RWjFFc2Zhc1prU0tmSzlYeE0zeVpwZDFJT0VLWEVZZVlCYn"
120,MP High Court Cancels Bail Of Rape Accused For Sending Victim's Videos To In-Laws Via Fake ID,Sexual Assault,2026-09-10,Madhya Pradesh,Madhya Pradesh,Madhya Pradesh,22.9734,78.6569,Under Investigation,3,"NDTV, LawBeat, The Times of India",https://news.google.com/rss/articles/CBMivwFBVV95cUxQeHh3SFNha1pkZHJiSURkY3VvNmZlSklwUUh4ZWdLQnVWLXZ3OUs1UWZ0ZGI2RmJPS25rcUI2OFJCNHhnaTJRTTAzemRyQlZDVFNMcWR4TktBUy1SeUtUdzdQVDlGVVlWa0VQTFIyVzNJVmU5SEkxT3I1Zk1tczNiYlNzbXNyT1pJQnpHUHJTNFB4QVVqaFAwR2pZcGZBSWRyWnVZbWxaVUxCbVVwbU1jUFFzcTFSMTBlWUl1cEs5b9IBxwFBVV95cUxNZlF5NWQ0S3YyT1VGQmNEWi1mcWRyUGVUejlVU1VWMDdOdnJDdTZVX0xnd2MxT1JZSXU1UG9XQkxtbUM0YmRBalRaZDdyVU1fMmFFWEN3WVYycnJJSzRwNzBDaUtLWnFUTWxTM1loVDZrdVhUR3ZVdnNxbUpvb3VpeWRodl8tT21GMldDSkw2QTFzNHlhT0c3cmlRd3Vqa0I0TndyZnhXVmNEN1hMeFNYY2NheDRGOVF5Q0NOUmlMMldFWGFiYXNr?oc=5,"<a href=""https://news.google.com/rss/articles/CBMizAFBVV95cUxQWVl0RGEzZDJrVE9oVm9BTXFzQWNjM3F3cjVRX2hwaDQzSmIxUGpQd0pseHZaTGY3ckJNN3NINktjMHZERl9qSTJjUE96S25DNWU0Y29LQkNGMjBlYXlPMzlLeC1vMkI2X3FfU0tmOEQzZUljWHdVN1g5U1R2SFJITTZKUEJSdHlLTDBERzFZWlB6NWduU1FSQXhWNTZwenJ5M00wanlLQ2NRd2tta2pSM0tnRFZSX1c2N2hVMjJhbDFuMUt4WmhWN1kxNnDSAdIBQVVfeXFMTkV1aDJNZmNYV2NlOHVRNDZtT2VMYzRsTGU5bmlJMmhuc2YwcXR6VVQ1b3NyTHpHa1ZKYzJUdHRGRTY1NkVrOV9XOWlwdmJQekVreFlIcGVOYWNUODBDWDdHVzFZMGFyMEdqTk42WkRIMFAzZ21CRXJIdjhfR1hXVj"
115,"Entering Woman's House, Lifting Her Clothes Not Rape Attempt: High Court",Sexual Assault,2026-09-10,,,,,,Under Investigation,1,NDTV,https://news.google.com/rss/articles/CBMivAFBVV95cUxQcGxmdThmNExvdjlpRFdUNXAycnRJMmYzQTNoLU5YdkhNM2s1emZ3d0d1TGVXRzhkX0x3UmVSVHBpV2tYS2h6TXptZ0dmRHVwMEl6Y0tobEFvVnZYNlRtZV9qaURweDl0SFNsNVBHQTU0VXNuZEEtTzI1c0llekNtYmxHVFE0Zi1DNGpMX3d5YWpzTmwxTjlIbkloS254RmNIY2xIU2xkQWJFT1dETmhjbV9qOUVwMG9wVXlPX9IBxAFBVV95cUxQVVpoXzdLQW52OFZTMktxMVdpYzc5em8yOGVIN09GYjYxbHI2cHdsS3VyeVJzbHNUa2oyWVNYWVJlZDN4Z1FXOGMzV0dZLXNJT2tFbnFSamllaGVTWC0yQUJ4QjRYZEVVaUxBN2Zia3dhalZKeFZ5QmNQT1A2TFFFY0xPMlhtbFg3N0cwcEJwRWE0cTJIaHNWSE41TlFNSmV0eGxKeGpINlotcDRZN0pfR1ZYNWtTWGc3ODJldGxVV2pObV9s?oc=5,"<a href=""https://news.google.com/rss/articles/CBMivAFBVV95cUxQcGxmdThmNExvdjlpRFdUNXAycnRJMmYzQTNoLU5YdkhNM2s1emZ3d0d1TGVXRzhkX0x3UmVSVHBpV2tYS2h6TXptZ0dmRHVwMEl6Y0tobEFvVnZYNlRtZV9qaURweDl0SFNsNVBHQTU0VXNuZEEtTzI1c0llekNtYmxHVFE0Zi1DNGpMX3d5YWpzTmwxTjlIbkloS254RmNIY2xIU2xkQWJFT1dETmhjbV9qOUVwMG9wVXlPX9IBxAFBVV95cUxQVVpoXzdLQW52OFZTMktxMVdpYzc5em8yOGVIN09GYjYxbHI2cHdsS3VyeVJzbHNUa2oyWVNYWVJlZDN4Z1FXOGMzV0dZLXNJT2tFbnFSamllaGVTWC0yQUJ4QjRYZEVVaUxBN2Zia3dhalZKeFZ5QmNQT1A2TFFFY0xPMlhtbFg3N0cwcEJwRW"
111,Exhibiting Private Parts To Minor Child Not Sexual Assault But Sexual Harassment: Madras High Court...,Sexual Assault,2026-09-10,Madras,Madras,Tamil Nadu,13.0827,80.2707,Under Investigation,1,Live Law,https://news.google.com/rss/articles/CBMi0AFBVV95cUxOblB1OTBNZ29yazVXSnNWR0pMSnNSZm9SQk9QZTgzRUFWVTQ0MF9DQ19pTGFuVkh6aTdPaVU3ZnRsTVlBM3FEZnp4RHVBX0NYcDFmTFZIaU03VjJ1X0UwdDk0SVUwbk5FWDJ4U3k4bXluZkhqZTdFNTR3OEZsRkhpWk8tZUtNb0gyYTFFaGk0X1NLak8zNEplMm9JTU05Q0JQcUlnXzJ0WnUxUmFoSGZNYWRHTmplb2pLdlJ3czhSWHZpa1RRdUhYMmV2N3V2QXhP0gHWAUFVX3lxTE1UTGJwcTZ0VHJvaXVuOHRfd3hEWUtxRE4wUG9hbFJQTXJ6N2lSc3JacTRXTTRwQklOMkxRVC03NzlTcEJsY3pDWVpYeHlUN1V1NVE1c09TUUZoOU1DQUhmQzlfSi1oRnlVUkd1MWpxWFJ4R1ZlcEpBZFktQVBBcWtlMWw0NTFNakxweGtHQmFiX3lNZmctY2FjR2RuZGZzMFp4Q05hWl9wdmkxaC1PRlBqNWRZdThYN1dZLTB2dGlSUHowMUE4Rm9PY2N5NThzVlY2YnF5Tnc?oc=5,"<a href=""https://news.google.com/rss/articles/CBMi0AFBVV95cUxOblB1OTBNZ29yazVXSnNWR0pMSnNSZm9SQk9QZTgzRUFWVTQ0MF9DQ19pTGFuVkh6aTdPaVU3ZnRsTVlBM3FEZnp4RHVBX0NYcDFmTFZIaU03VjJ1X0UwdDk0SVUwbk5FWDJ4U3k4bXluZkhqZTdFNTR3OEZsRkhpWk8tZUtNb0gyYTFFaGk0X1NLak8zNEplMm9JTU05Q0JQcUlnXzJ0WnUxUmFoSGZNYWRHTmplb2pLdlJ3czhSWHZpa1RRdUhYMmV2N3V2QXhP0gHWAUFVX3lxTE1UTGJwcTZ0VHJvaXVuOHRfd3hEWUtxRE4wUG9hbFJQTXJ6N2lSc3JacTRXTTRwQklOMkxRVC03NzlTcEJsY3pDWVpYeHlUN1V1NVE1c09TUUZoOU1DQUhmQzlfSi1oRnlVUkd1MWpxWFJ4R1ZlcEpBZFktQV"
109,JPMorgan to respond to Rana’s sexual assault lawsuit in coming days,Sexual Assault,2026-09-10,,,,,,Under Investigation,1,TheBanker.com,https://news.google.com/rss/articles/CBMiekFVX3lxTFBOcWhaSmFRci1mZkdRWFBSYU5qcW1LNUpHaXU3aEV1X1pFYS1sUFdpTmFMa09TV0FlTGRkT1Y2YmpyUHdJNlQwVjNpVTZTTzJVVEFGdVBsU1FOOE9URWYwV0haNDVPODBLd0QwS2V2OWZTRkFPM28wTGVB?oc=5,"<a href=""https://news.google.com/rss/articles/CBMiekFVX3lxTFBOcWhaSmFRci1mZkdRWFBSYU5qcW1LNUpHaXU3aEV1X1pFYS1sUFdpTmFMa09TV0FlTGRkT1Y2YmpyUHdJNlQwVjNpVTZTTzJVVEFGdVBsU1FOOE9URWYwV0haNDVPODBLd0QwS2V2OWZTRkFPM28wTGVB?oc=5"" target=""_blank"">JPMorgan to respond to Rana’s sexual assault lawsuit in coming days</a>&nbsp;&nbsp;<font color=""#6f6f6f"">TheBanker.com</font>"
625,Man Sentenced to 34 Years for Sexual Assault of Nine-Year-Old Girl in Kodakara,Sexual Assault,2026-09-09,,,,,,Convicted,1,Deshabhimani,https://news.google.com/rss/articles/CBMiugFBVV95cUxPdDBzRktaQmMxTWtHMWhrSG1ibTQ0YjlqakFXM1ozc2hZLVR6SlZUTXFTVUhmdG5hQXpqOXp4blktSm5tTFdwOGVrd19CX0d4dXduYS04c0t2TzVsVXVMeGltV3lnemh0SF9GVllkVUo4TGpWVGhJbFhVOUtqRWtEU1p2M2RMS2YxeUR0Nk1mMDI3czlpZm9UMDBHaGRVRGVDZG5LYnAwMVpxd3I0RHR4ZnM3U3RNa1JxbGc?oc=5,"<a href=""https://news.google.com/rss/articles/CBMiugFBVV95cUxPdDBzRktaQmMxTWtHMWhrSG1ibTQ0YjlqakFXM1ozc2hZLVR6SlZUTXFTVUhmdG5hQXpqOXp4blktSm5tTFdwOGVrd19CX0d4dXduYS04c0t2TzVsVXVMeGltV3lnemh0SF9GVllkVUo4TGpWVGhJbFhVOUtqRWtEU1p2M2RMS2YxeUR0Nk1mMDI3czlpZm9UMDBHaGRVRGVDZG5LYnAwMVpxd3I0RHR4ZnM3U3RNa1JxbGc?oc=5"" target=""_blank"">Man Sentenced to 34 Years for Sexual Assault of Nine-Year-Old Girl in Kodakara</a>&nbsp;&nbsp;<font color=""#6f6f6f"">Deshabhimani</font>"
574,"Woman accuses lover of rape after he reneged on marriage promise, married another",Sexual Assault,2026-09-09,,,,,,Under Investigation,1,The Times of India,https://news.google.com/rss/articles/CBMi7gFBVV95cUxORzVkQmRvcVRWdTd3SjduZkJXX2VHSVoyRVZNSVI0TmlwekttVkNiZ1Vfc2lZZG1idndMYm5oZTgxR3pzcmV5MWtRU2FvLU9MaFM3dkVTMWpQVkJjUlF3ekRrZE9EUlpDYzA2ZHBXM192SGxlckNIQ01jTlFkb2M4QW9uTjJWVldkYW5OUVRKdjlORTJfVFc1NkM1MDJZT0pNa3BYMXNwZ1NGdWRyOVJ5Q1FMWmREQ0NSeGY2UnVpbjRIY25Za2VobHl6eFlvRTZhZFdBZG5MbWFya29qRGdOYWFDQ2pNdU1RWkZZZlZB0gHzAUFVX3lxTE1pMDhPVW85YWYtWlZlYUl5ZHZteGJDUnFMT3hLckVMNnExcndVQzNHcUlGQU1pRVlSNDZlcG96cXNmaFpHTEpYbEI0dWh1T1Bqd0NQdU9xM1RTa2hhNzNSek9VTXFxM1dWZm9qMEJHZzlkZWkxVURIdEVKTkhXT1dwNS1yNDdvYWFiM0RNTU13SWhqZjd5YlpoUTZWZURkZTFWcS1paVF4cnNidnh4cXBqem5rcWo3T1h2UVRLb0tfVnQ5anJlUzhXdy01dVY1a3BRWXVqSXUwODh5NWRRdzgzSUhlSWMxN3RzSVpLZF9IMkxRaw?oc=5,"<a href=""https://news.google.com/rss/articles/CBMi7gFBVV95cUxORzVkQmRvcVRWdTd3SjduZkJXX2VHSVoyRVZNSVI0TmlwekttVkNiZ1Vfc2lZZG1idndMYm5oZTgxR3pzcmV5MWtRU2FvLU9MaFM3dkVTMWpQVkJjUlF3ekRrZE9EUlpDYzA2ZHBXM192SGxlckNIQ01jTlFkb2M4QW9uTjJWVldkYW5OUVRKdjlORTJfVFc1NkM1MDJZT0pNa3BYMXNwZ1NGdWRyOVJ5Q1FMWmREQ0NSeGY2UnVpbjRIY25Za2VobHl6eFlvRTZhZFdBZG5MbWFya29qRGdOYWFDQ2pNdU1RWkZZZlZB0gHzAUFVX3lxTE1pMDhPVW85YWYtWlZlYUl5ZHZteGJDUnFMT3hLckVMNnExcndVQzNHcUlGQU1pRVlSNDZlcG96cXNmaFpHTEpYbEI0dWh1T1Bqd0NQdU9xM1RTa2hhNz"
569,"Nurse alleges rape at hotel, OT; hospital operator and nephew arrested",Sexual Assault,2026-09-09,,,,,,Arrest Made,1,The Times of India,https://news.google.com/rss/articles/CBMi2gFBVV95cUxORWZaQ2R2ZFdxbnQ3UDNRenJST1FxdUdwUnBhVzlXRDI2YmlfVEV0TEVNYjBKQ1Y3TlRkVWFRWXFIV2ZTSlZQZW41cFYxNWNXaHI4UE00MXUxTW5pZU42Q0xZbkhVUVVvRlhlUUhRMTlPUC02YjAzc0kxSkNXbmw5VVdpWXJfZ2FCaHVoVk16VFRPR2xHWE9fNFJrZXFWWEpYaFZ5TXJYZkx6TG1kNTdEcnJvUVd1eFJmMmNQUnJySDR2NzFCWTJEa0l5bmY5dEFJdU0xVDE1NWZsd9IB3wFBVV95cUxOb0x0RjlFTkVwQlVveWVjRU9TdG1HZ3FXbFliZ0NGX3VLS0hDMXhHa0cwODF2dmFSTlZyME1QZTZNcEJ6LS1aQTlWYkQyS0Q2OTBBXzl5bmxCbUMxT294WUZ3M1M0Wnp1Q3Q0MGw1cjg2UFZCRnk1NW91ekRacncwNUNrLUt4b1dlLU5URFVodGdXX0dzUDA2SU1KdzA2b2wxcXVybGZDcUpyTGZpVFoyNDNLM1ZZYXdqY1lSRHVXR3I4VVZvVDBwZ0xVcW1kczhMQ2t0T3BTUFFoSlhJU0Zr?oc=5,"<a href=""https://news.google.com/rss/articles/CBMi2gFBVV95cUxORWZaQ2R2ZFdxbnQ3UDNRenJST1FxdUdwUnBhVzlXRDI2YmlfVEV0TEVNYjBKQ1Y3TlRkVWFRWXFIV2ZTSlZQZW41cFYxNWNXaHI4UE00MXUxTW5pZU42Q0xZbkhVUVVvRlhlUUhRMTlPUC02YjAzc0kxSkNXbmw5VVdpWXJfZ2FCaHVoVk16VFRPR2xHWE9fNFJrZXFWWEpYaFZ5TXJYZkx6TG1kNTdEcnJvUVd1eFJmMmNQUnJySDR2NzFCWTJEa0l5bmY5dEFJdU0xVDE1NWZsd9IB3wFBVV95cUxOb0x0RjlFTkVwQlVveWVjRU9TdG1HZ3FXbFliZ0NGX3VLS0hDMXhHa0cwODF2dmFSTlZyME1QZTZNcEJ6LS1aQTlWYkQyS0Q2OTBBXzl5bmxCbUMxT294WUZ3M1M0Wnp1Q3Q0MGw1cjg2UF"
565,Man who tried to rape 11-year-old given 10 years’ RI,Sexual Assault,2026-09-09,,,,,,Under Investigation,1,The Times of India,https://news.google.com/rss/articles/CBMiwwFBVV95cUxOdlMzbVhOZjZKNm95S1k5RnE4Vld6TGp1UXhYZ1ZqWWg0MXRORFpWQU1icVBzZjJsWmJqX1pybjF2blcxMU5xSmEwTlFSU0o3ekdXMzF4OHVfTUlqa3dmX0RaS0hwZ1pTUzI5ZEczaU1DQXJHcWFRQkNUZ2dSSVF1bzBFOHNyV3hPUzB5SjRqR2lVbkJ5bDAzV2c3MS1yTEFGalFLZUVabGVDczByYURnbUpJUUgzVVFnNGtwNEdfeDlRdk3SAcgBQVVfeXFMUFJXQTNWZ0JqSHREd2FaNEZVcm9RaGdSdjRXLS0zcHV3UFlqMnV2NUpacjBlZHJqazUyWkFfb1BTUFM1QUpaTlhraXVXcDhORFdaZjFaSTE1TFNKbHJMQm5fbENyZzIzM0JjSDRrWWJ5MTNlanNEYk45QVV2SVBoM2NzcGkxNWNBNUpmOXdQWjdVd2lXRGkxcE8xaHJkd0lGT19hb1AtWjEwMmpyRFBBei02R1JQTjBfaWcxWS1aT2ktVTlEcU5CUUw?oc=5,"<a href=""https://news.google.com/rss/articles/CBMiwwFBVV95cUxOdlMzbVhOZjZKNm95S1k5RnE4Vld6TGp1UXhYZ1ZqWWg0MXRORFpWQU1icVBzZjJsWmJqX1pybjF2blcxMU5xSmEwTlFSU0o3ekdXMzF4OHVfTUlqa3dmX0RaS0hwZ1pTUzI5ZEczaU1DQXJHcWFRQkNUZ2dSSVF1bzBFOHNyV3hPUzB5SjRqR2lVbkJ5bDAzV2c3MS1yTEFGalFLZUVabGVDczByYURnbUpJUUgzVVFnNGtwNEdfeDlRdk3SAcgBQVVfeXFMUFJXQTNWZ0JqSHREd2FaNEZVcm9RaGdSdjRXLS0zcHV3UFlqMnV2NUpacjBlZHJqazUyWkFfb1BTUFM1QUpaTlhraXVXcDhORFdaZjFaSTE1TFNKbHJMQm5fbENyZzIzM0JjSDRrWWJ5MTNlanNEYk45QVV2SVBoM2NzcGkxNWNBNU"
554,‘How can husband be prosecuted for rape of wife when marital rape exception exists?’ asks SC,Domestic Violence,2026-09-09,,,,,,Under Investigation,1,The New Indian Express,https://news.google.com/rss/articles/CBMi5AFBVV95cUxQcVl6VUVOU1NLN2o1UHhTTDZsZmNobkZJTDhvbEhrT0swSGpuMFVuRkVhdmdFYXc2eU14LTlHSlh5eEVWWGdXVEkyOTJhc2hRMU15cXlCdWFEbjVCT2QxcDhSLUUyRUFyMXE3Y0FDZ1NSTHpuWEZISDc2OWhERUk2RVJod0NSSHhFNWVUXzRjOFIzRy1VZUZvck5sZFNDeFhIYUttaW05Y0dTcjdvaWhVMkVqOUpCUm82UkNIUW1MRmhySkMtU2N5Q2tuX1dDSmFWWHozaVdPd2lFcGxqdW42STBXUlPSAeQBQVVfeXFMUHFZelVFTlNTSzdqNVB4U0w2bGZjaG5GSUw4b2xIa09LMEhqbjBVbkZFYXZnRWF3NnlNeC05R0pYeXhFVlhnV1RJMjkyYXNoUTFNeXF5QnVhRG41Qk9kMXA4Ui1FMkVBcjFxN2NBQ2dTUkx6blhGSEg3NjloREVJNkVSaHdDUkh4RTVlVF80YzhSM0ctVWVGb3JObGRTQ3hYSGFLbWltOWNHU3I3b2loVTJFajlKQlJvNlJDSFFtTEZockpDLVNjeUNrbl9XQ0phVlh6M2lXT3dpRXBsanVuNkkwV1JT?oc=5,"<a href=""https://news.google.com/rss/articles/CBMi5AFBVV95cUxQcVl6VUVOU1NLN2o1UHhTTDZsZmNobkZJTDhvbEhrT0swSGpuMFVuRkVhdmdFYXc2eU14LTlHSlh5eEVWWGdXVEkyOTJhc2hRMU15cXlCdWFEbjVCT2QxcDhSLUUyRUFyMXE3Y0FDZ1NSTHpuWEZISDc2OWhERUk2RVJod0NSSHhFNWVUXzRjOFIzRy1VZUZvck5sZFNDeFhIYUttaW05Y0dTcjdvaWhVMkVqOUpCUm82UkNIUW1MRmhySkMtU2N5Q2tuX1dDSmFWWHozaVdPd2lFcGxqdW42STBXUlPSAeQBQVVfeXFMUHFZelVFTlNTSzdqNVB4U0w2bGZjaG5GSUw4b2xIa09LMEhqbjBVbkZFYXZnRWF3NnlNeC05R0pYeXhFVlhnV1RJMjkyYXNoUTFNeXF5QnVhRG41Qk9kMXA4Ui1FMkVBcj"
528,Two youths arrested in Phansidewa over alleged rape of minor,Sexual Assault,2026-09-09,,,,,,Arrest Made,1,siliguritimes.com,https://news.google.com/rss/articles/CBMikAFBVV95cUxOZDVWLVRBZERnVDNqUloxaHdwUlJiZ0tuUU9NRzJLMkFMS1VzN3VpRmlkbTRYS2JWNjcwS3ZLWWVPaTQwcHdIQ3d2R2RHTVg2aFMwVzVmYnBPbTE2ZnFtLXRrSjJmUFg2eWQ0aVcxNTJlY2QwNEJTel9ZYUZQQmZMU0tQNmQ2aUFLUVhKV1NzZUw?oc=5,"<a href=""https://news.google.com/rss/articles/CBMikAFBVV95cUxOZDVWLVRBZERnVDNqUloxaHdwUlJiZ0tuUU9NRzJLMkFMS1VzN3VpRmlkbTRYS2JWNjcwS3ZLWWVPaTQwcHdIQ3d2R2RHTVg2aFMwVzVmYnBPbTE2ZnFtLXRrSjJmUFg2eWQ0aVcxNTJlY2QwNEJTel9ZYUZQQmZMU0tQNmQ2aUFLUVhKV1NzZUw?oc=5"" target=""_blank"">Two youths arrested in Phansidewa over alleged rape of minor</a>&nbsp;&nbsp;<font color=""#6f6f6f"">siliguritimes.com</font>"
480,"Rape-accused Bengal man found living in Vrindavan as sadhu for over 30yrs, held",Sexual Assault,2026-09-09,,,,,,Arrest Made,1,The Times of India,https://news.google.com/rss/articles/CBMi5AFBVV95cUxQX3JkTzRzR0NhcXI3S2c1ZWxmQWpxQVE3SWpmUXVNdURsUGttRUZDX1czZlZRMW5LRTNlTjF6UmdFeEJ5eWhEMlExUDdKbkY2cENVX0NBQ0R6QUF1b1NGQkk3TFdabE13a0lxWlhTRVV2LUU0N3JKenlpM1F0WkZjVUpJQkdFV2Rab1VtY19UZDBZcFBNLS0wY243YzRnZWVVSW0zaFRNdWhMR0FWR0w4QkZaZGFya0FrSkdaOUJNa1d6YzBtc0hyam8xSkRYcmZMUlFQdGczcS1EVzA2dzM4Ymk0MlDSAeoBQVVfeXFMTmVoUzM4bkJCS1pXNTlfUGg2amZ0VjM1bTh2Z05wVTl2cktBSVlFZXBaMEVJRFFFQkkwS2F2dTNFaU9Qai15QWFUbVJlclIwWjAzZDY3UlMwV2Q3RDNMMVZRUk5XN1ZtRkxaT0s4amdhUnBGQmx0ZE9tdlE2RS1DSHlPa0RaTzJDZ3gxNEg0SDExZ1Q0czN2MmNaRGZya2FkajhRSDV0ZnVQbzN1U3FaVGJRcWtZc0xoTkx0ZHA4T2F2c25TVXpNOHRtYkE4Y0VnZllhTUQ5SVZ5WHJhcWJKeVk0QW9JdXlkdWVB?oc=5,"<a href=""https://news.google.com/rss/articles/CBMi5AFBVV95cUxQX3JkTzRzR0NhcXI3S2c1ZWxmQWpxQVE3SWpmUXVNdURsUGttRUZDX1czZlZRMW5LRTNlTjF6UmdFeEJ5eWhEMlExUDdKbkY2cENVX0NBQ0R6QUF1b1NGQkk3TFdabE13a0lxWlhTRVV2LUU0N3JKenlpM1F0WkZjVUpJQkdFV2Rab1VtY19UZDBZcFBNLS0wY243YzRnZWVVSW0zaFRNdWhMR0FWR0w4QkZaZGFya0FrSkdaOUJNa1d6YzBtc0hyam8xSkRYcmZMUlFQdGczcS1EVzA2dzM4Ymk0MlDSAeoBQVVfeXFMTmVoUzM4bkJCS1pXNTlfUGg2amZ0VjM1bTh2Z05wVTl2cktBSVlFZXBaMEVJRFFFQkkwS2F2dTNFaU9Qai15QWFUbVJlclIwWjAzZDY3UlMwV2Q3RDNMMVZRUk5XN1ZtRk"
466,Marital Rape Case: Why Supreme Court Will First Hear Karnataka ‘S*x Slave’ Appeal,Domestic Violence,2026-09-09,Karnataka,Karnataka,Karnataka,15.3173,75.7139,Under Investigation,1,LatestLY,https://news.google.com/rss/articles/CBMiygFBVV95cUxOZTZ3QlFObzJSUHVwU21DN1VEUG5OOGJrVUhGbDZBT2tzbWtPQzdUZXpXLUhlTTRYaVdWMDJmUXJtZzFVLUVpMkZPYTNHc3R1UVpKZUgtakxLU01FMVc4OVI1X1dRcjhCWEVNdFllbkNUTEp4djRxbFlmNXBaZ1NmdkhGeVY5djk0V0pvR0hYM3lYSmlKa3hXQmEwUDVYNFFEOXUyVGVaSTc1OGVnaHA0a0l1bUxOTFU1QUhXMEFMN1NHTmEwWi01aDdR0gHKAUFVX3lxTE5lNndCUU5vMlJQdXBTbUM3VURQbk44YmtVSEZsNkFPa3Nta09DN1RlelctSGVNNFhpV1YwMmZRcm1nMVUtRWkyRk9hM0dzdHVRWkplSC1qTEtTTUUxVzg5UjVfV1FyOEJYRU10WWVuQ1RMSnh2NHFsWWY1cFpnU2Z2SEZ5Vjl2OTRXSm9HSFgzeVhKaUpreFdCYTBQNVg0UUQ5dTJUZVpJNzU4ZWdocDRrSXVtTE5MVTVBSFcwQUw3U0dOYTBaLTVoN1E?oc=5,"<a href=""https://news.google.com/rss/articles/CBMiygFBVV95cUxOZTZ3QlFObzJSUHVwU21DN1VEUG5OOGJrVUhGbDZBT2tzbWtPQzdUZXpXLUhlTTRYaVdWMDJmUXJtZzFVLUVpMkZPYTNHc3R1UVpKZUgtakxLU01FMVc4OVI1X1dRcjhCWEVNdFllbkNUTEp4djRxbFlmNXBaZ1NmdkhGeVY5djk0V0pvR0hYM3lYSmlKa3hXQmEwUDVYNFFEOXUyVGVaSTc1OGVnaHA0a0l1bUxOTFU1QUhXMEFMN1NHTmEwWi01aDdR0gHKAUFVX3lxTE5lNndCUU5vMlJQdXBTbUM3VURQbk44YmtVSEZsNkFPa3Nta09DN1RlelctSGVNNFhpV1YwMmZRcm1nMVUtRWkyRk9hM0dzdHVRWkplSC1qTEtTTUUxVzg5UjVfV1FyOEJYRU10WWVuQ1RMSnh2NHFsWWY1cFpnU2Z2SE"
463,"Can A Husband Be Charged With Rape? Supreme Court Takes Up ‘Sex Slave’ Case, Bigger Marital Rape Battle Next",Domestic Violence,2026-09-09,,,,,,Under Investigation,1,NewsX,https://news.google.com/rss/articles/CBMi1gFBVV95cUxQOTR6ZGVQSmpuOEV6VFZNWmR3TGVsM1FBVi1tSmlSbUxzWjN0QTZHbEp2bHZhODhYQzZJdUFkbF8tZmpIZklaRF92MDZzRmFqa0hFaDNfSVY3dlR0azB3V29VejF6MUxzM0Rzdm00bGtXSVM2YWJtMGRYYkkyTmJKd1V3OTZ6OERoYlpnWFlJNnlnQ00ySmpoMnZvbzJESHBDSlkzbXhVQXJwVTF0T0V5OFFZSHE4XzJEZE1UMHQybnlhbV91c1FERXV3SGZRRkcwRTFFVVdR0gHbAUFVX3lxTE04MzVzbE5rLU82SXU2RTAxSjJxa3M1Y1owaElJeFk1bTNlemJjM0wyWkxSdWl0UFFhWXZtZ2pxX2tVZUhORkFiekFBOXQxWkVpaks5em1hVVBIQ2RoeWxXWk1jQVdqSm01WnBubUp1Vi1FV09JU1J5SVNsS1F5RlVjQTNHUTNIbXdOUWNRSkYyeGF1bUxRcVB3RlN0UVFJUW5MclhfaDc5azZLVnRqZkE4QlFhV0RZbWNwTnhyQmtYTHU2S3BmMmNpMG1fa0tOM3JsR1dMQkxzb1ZYdw?oc=5,"<a href=""https://news.google.com/rss/articles/CBMi1gFBVV95cUxQOTR6ZGVQSmpuOEV6VFZNWmR3TGVsM1FBVi1tSmlSbUxzWjN0QTZHbEp2bHZhODhYQzZJdUFkbF8tZmpIZklaRF92MDZzRmFqa0hFaDNfSVY3dlR0azB3V29VejF6MUxzM0Rzdm00bGtXSVM2YWJtMGRYYkkyTmJKd1V3OTZ6OERoYlpnWFlJNnlnQ00ySmpoMnZvbzJESHBDSlkzbXhVQXJwVTF0T0V5OFFZSHE4XzJEZE1UMHQybnlhbV91c1FERXV3SGZRRkcwRTFFVVdR0gHbAUFVX3lxTE04MzVzbE5rLU82SXU2RTAxSjJxa3M1Y1owaElJeFk1bTNlemJjM0wyWkxSdWl0UFFhWXZtZ2pxX2tVZUhORkFiekFBOXQxWkVpaks5em1hVVBIQ2RoeWxXWk1jQVdqSm01WnBubUp1Vi1FV09JU1"
462,Marital rape: Supreme Court to examine constitutional validity,Domestic Violence,2026-09-09,,,,,,Under Investigation,1,Asianet Newsable,https://news.google.com/rss/articles/CBMiwgFBVV95cUxNWUdyLTc1WUpDM3lNUWJ1d1RXa2h2Wm5JVmo3WmVldC1zODRXYnVwU0xHRUwzZ2xoaUJxZXZFMkxMMURnQlBwdG1NdHprcVdYbGVaeVVPWnJQT25UajEwc0lGdmVScUFMQ0VwZVQxbXVfN3FGTVQwY3hTYWkwbDFGUTk4R0pjRDlVZEVMbTdaT1hQdk9wdHJmSUxBVVNIbndncFYzaHNjbjN6M3R5YVl5Q1ZzVWlaamM2aXdNb2dGa2ZrZ9IBwgFBVV95cUxNWUdyLTc1WUpDM3lNUWJ1d1RXa2h2Wm5JVmo3WmVldC1zODRXYnVwU0xHRUwzZ2xoaUJxZXZFMkxMMURnQlBwdG1NdHprcVdYbGVaeVVPWnJQT25UajEwc0lGdmVScUFMQ0VwZVQxbXVfN3FGTVQwY3hTYWkwbDFGUTk4R0pjRDlVZEVMbTdaT1hQdk9wdHJmSUxBVVNIbndncFYzaHNjbjN6M3R5YVl5Q1ZzVWlaamM2aXdNb2dGa2ZrZw?oc=5,"<a href=""https://news.google.com/rss/articles/CBMiwgFBVV95cUxNWUdyLTc1WUpDM3lNUWJ1d1RXa2h2Wm5JVmo3WmVldC1zODRXYnVwU0xHRUwzZ2xoaUJxZXZFMkxMMURnQlBwdG1NdHprcVdYbGVaeVVPWnJQT25UajEwc0lGdmVScUFMQ0VwZVQxbXVfN3FGTVQwY3hTYWkwbDFGUTk4R0pjRDlVZEVMbTdaT1hQdk9wdHJmSUxBVVNIbndncFYzaHNjbjN6M3R5YVl5Q1ZzVWlaamM2aXdNb2dGa2ZrZ9IBwgFBVV95cUxNWUdyLTc1WUpDM3lNUWJ1d1RXa2h2Wm5JVmo3WmVldC1zODRXYnVwU0xHRUwzZ2xoaUJxZXZFMkxMMURnQlBwdG1NdHprcVdYbGVaeVVPWnJQT25UajEwc0lGdmVScUFMQ0VwZVQxbXVfN3FGTVQwY3hTYWkwbDFGUTk4R0pjRDlVZE"
454,Can A Husband Be Prosecuted While Marital Rape Exception Stands? Supreme Court Frames The Question,Domestic Violence,2026-09-09,,,,,,Under Investigation,1,lawchakra.in,https://news.google.com/rss/articles/CBMizgFBVV95cUxNWENUZTZjajZRYW9MWEItZWVVRU5TSHIzLXFjMGxTSzF5Zmc3aEZtM2l1M1pNZlNVeVFVcXBieUktZU9yUFJwSGFPRHB1bkxLcFdqWTJRbFhvYUlwOEMxeXo3RGxmZ2dFa1RPbDZsWm9rcV9KcEdrTFJpZi1oaEZ3U2hJcHhBcXVFWnE3bHkzcGNfTnI4SVdLeUpnMlAzOUhNSWNKdEViMlh0RUJ1Y2I2Vl9zWm56TjRMQ2dkcEpaV1dvWjlfSWp4RURacnk4UQ?oc=5,"<a href=""https://news.google.com/rss/articles/CBMizgFBVV95cUxNWENUZTZjajZRYW9MWEItZWVVRU5TSHIzLXFjMGxTSzF5Zmc3aEZtM2l1M1pNZlNVeVFVcXBieUktZU9yUFJwSGFPRHB1bkxLcFdqWTJRbFhvYUlwOEMxeXo3RGxmZ2dFa1RPbDZsWm9rcV9KcEdrTFJpZi1oaEZ3U2hJcHhBcXVFWnE3bHkzcGNfTnI4SVdLeUpnMlAzOUhNSWNKdEViMlh0RUJ1Y2I2Vl9zWm56TjRMQ2dkcEpaV1dvWjlfSWp4RURacnk4UQ?oc=5"" target=""_blank"">Can A Husband Be Prosecuted While Marital Rape Exception Stands? Supreme Court Frames The Question</a>&nbsp;&nbsp;<font color=""#6f6f6f"">lawchakra.in<"
450,"Marital rape exception under constitutional scrutiny: Supreme Court to examine provisions in IPC, BNS",Domestic Violence,2026-09-09,,,,,,Under Investigation,1,The Economic Times,https://news.google.com/rss/articles/CBMi9wFBVV95cUxQa2VhcFVWbkg3a0o4SnBZdFpHZU5wZDVjb0JhTkd2Z3puSUVpMWJreGxPTzd2VVFqY1lEMGxfdFFUaVdGVmZFUHhsemliT1QtaWQxM0d6V1VlWURReDJLdTl4RlVMTmNwV3BSQUhpRXNWd1dzWVFWb204MzY5cjlyMlJfSmdjT2RRRDhKdVhnRHNnNmpPUUtHbndwV2pLMTYtN2YwRUQ3bTMySXFpM18tdzExcDNkekppY2VHMUdYbG0xeVdnZzZQNkFMSU9sblVVci1LUjA0N3UxNTNmSlpPWW9hdVloeEFoS1BTbENoTkc4MjdsS2NF0gH8AUFVX3lxTE5CWVp6V0xYUzhKc2hjajBmT3JCbjJZUVJPSTFaQ0Q3aFVrbWwtbENCRXJVa1U1R3VIN1E3UFNYVDlYd2JEbTlvQjVyTkVFTDF4eFI3NDdGYU8tWXdhdmZueHdVVjNzdnFES2UzbXFCdlpyQzlsczJyS21WeTZ6ajJ6Rm1CcDlEX3l6a0NLVjNaRG52dHVmMzZSemJYTnMxaFZnYlRVM0ZOOUtkLTl5RnczcEtDdm4yYVpnU3ZOZ3I2cmRzWjBnYktTOEJHUVkwbkpKYkgzVENIQ24tRk9pRnF6TmUtWjNIbmlJaE04ZkZES3VxVmtGWWt5WkNDMQ?oc=5,"<a href=""https://news.google.com/rss/articles/CBMi9wFBVV95cUxQa2VhcFVWbkg3a0o4SnBZdFpHZU5wZDVjb0JhTkd2Z3puSUVpMWJreGxPTzd2VVFqY1lEMGxfdFFUaVdGVmZFUHhsemliT1QtaWQxM0d6V1VlWURReDJLdTl4RlVMTmNwV3BSQUhpRXNWd1dzWVFWb204MzY5cjlyMlJfSmdjT2RRRDhKdVhnRHNnNmpPUUtHbndwV2pLMTYtN2YwRUQ3bTMySXFpM18tdzExcDNkekppY2VHMUdYbG0xeVdnZzZQNkFMSU9sblVVci1LUjA0N3UxNTNmSlpPWW9hdVloeEFoS1BTbENoTkc4MjdsS2NF0gH8AUFVX3lxTE5CWVp6V0xYUzhKc2hjajBmT3JCbjJZUVJPSTFaQ0Q3aFVrbWwtbENCRXJVa1U1R3VIN1E3UFNYVDlYd2JEbTlvQjVyTkVFTDF4eFI3ND"
447,Supreme Court to consider constitutional validity of marital rape exception under IPC and BNS,Domestic Violence,2026-09-09,,,,,,Under Investigation,1,The News Mill,https://news.google.com/rss/articles/CBMixAFBVV95cUxOX2RFRXVrRlZNbXUxXzl5NEdUd2ltN3hWNF9WY0JXQnhRSGZJUjRGRUpPR203NEh6R3ZzSDhobzlfd1dPSTA4eFFTXzBSZHVkVGN4TnBhLVY0UXM5RDRfZUFxZzdpNXlqdU13TU80Tko2OTRseGxNZzBfU1R6SE1Nd1lxc2Vpclo0YXJKVGQycEtoOXFuajlSNGZ0d2cxeC1zRGVCeTUzMXE5ZEhkUnRIWm9rZER6YTFLajdvenh6cHp3UGYw?oc=5,"<a href=""https://news.google.com/rss/articles/CBMixAFBVV95cUxOX2RFRXVrRlZNbXUxXzl5NEdUd2ltN3hWNF9WY0JXQnhRSGZJUjRGRUpPR203NEh6R3ZzSDhobzlfd1dPSTA4eFFTXzBSZHVkVGN4TnBhLVY0UXM5RDRfZUFxZzdpNXlqdU13TU80Tko2OTRseGxNZzBfU1R6SE1Nd1lxc2Vpclo0YXJKVGQycEtoOXFuajlSNGZ0d2cxeC1zRGVCeTUzMXE5ZEhkUnRIWm9rZER6YTFLajdvenh6cHp3UGYw?oc=5"" target=""_blank"">Supreme Court to consider constitutional validity of marital rape exception under IPC and BNS</a>&nbsp;&nbsp;<font color=""#6f6f6f"">The News Mill</font>"
441,"Supreme Court to examine marital rape exception under IPC, BNS",Domestic Violence,2026-09-09,,,,,,Under Investigation,1,The Times of India,https://news.google.com/rss/articles/CBMiyAFBVV95cUxPQ3ljcmtQNW5sblc2TTRLeFRfRFpEWUJWVGpwNEtiUDZtNG9XbkJSZl9XZTV3MmhkNmZMMmEyOHJkbkt5Qk1kQS16enc2ZFRWWWZBNVNrb3lEamRBRmJiS1ZqYkU3V3k2WHpKYzJ1alBCV3Q1ZUI5X0syR2NTWGNNWWE0UTg1MmxpT0VzeGlZNDVmbHZUalJwSkE1NnB1N2JyRV9JRDBMd3BIREV6S21CZTBXVWsybFRyZFdnX3k5YjJHLXQwdU5VZtIBzgFBVV95cUxQb1NNRlhublNOdVVibHdTWEdDS1FrcjRzVDd3OVh1VEk4WGthMnVhNjJGQkZaejJJaS1GSW0zYXp0eUpaeXpsTUpxMmJSU29YOTIyQU1jVTByX0Q3ZjNKa215RTlRU0RXcjJZTEQwZFVORmM4eU9mUk1HSXpibnRwX0poQzdCT0pocmlNZjNrS3gweVMzczlCUFdNWVByeWZETWxNUWxJbS1uRzNpZjZ3ZmY5b1RYY1dpaFB1dzJBUW5SSEViSG5RdFZXS2gxUQ?oc=5,"<a href=""https://news.google.com/rss/articles/CBMiyAFBVV95cUxPQ3ljcmtQNW5sblc2TTRLeFRfRFpEWUJWVGpwNEtiUDZtNG9XbkJSZl9XZTV3MmhkNmZMMmEyOHJkbkt5Qk1kQS16enc2ZFRWWWZBNVNrb3lEamRBRmJiS1ZqYkU3V3k2WHpKYzJ1alBCV3Q1ZUI5X0syR2NTWGNNWWE0UTg1MmxpT0VzeGlZNDVmbHZUalJwSkE1NnB1N2JyRV9JRDBMd3BIREV6S21CZTBXVWsybFRyZFdnX3k5YjJHLXQwdU5VZtIBzgFBVV95cUxQb1NNRlhublNOdVVibHdTWEdDS1FrcjRzVDd3OVh1VEk4WGthMnVhNjJGQkZaejJJaS1GSW0zYXp0eUpaeXpsTUpxMmJSU29YOTIyQU1jVTByX0Q3ZjNKa215RTlRU0RXcjJZTEQwZFVORmM4eU9mUk1HSXpibnRwX0poQz"
433,Can marriage override consent? Supreme Court takes up India’s marital rape debate,Domestic Violence,2026-09-09,,,,,,Under Investigation,1,Open Magazine,https://news.google.com/rss/articles/CBMiswFBVV95cUxQQVB6MG9xbmhmV0pLWVhWa3dLWjZJY1o1Ym54ei1VbGJyd0lkbkMxeFNyWnVKWHIyV1pVUHo2RmdzRXI2ejVRTUNkMzhyRjd5Z0FTZjVlUDdVS3JGTDZEVncwTFU0T0dwS1I3ZjVsbUczZ2xzZ2NmdGMxWVhTdGdib0xSS3lkNV92QTQxcGF1R3pLQjMyZ1lRZVFRdm1RcmtyMENISlBmR2hGMlhzR1AtWEE1TQ?oc=5,"<a href=""https://news.google.com/rss/articles/CBMiswFBVV95cUxQQVB6MG9xbmhmV0pLWVhWa3dLWjZJY1o1Ym54ei1VbGJyd0lkbkMxeFNyWnVKWHIyV1pVUHo2RmdzRXI2ejVRTUNkMzhyRjd5Z0FTZjVlUDdVS3JGTDZEVncwTFU0T0dwS1I3ZjVsbUczZ2xzZ2NmdGMxWVhTdGdib0xSS3lkNV92QTQxcGF1R3pLQjMyZ1lRZVFRdm1RcmtyMENISlBmR2hGMlhzR1AtWEE1TQ?oc=5"" target=""_blank"">Can marriage override consent? Supreme Court takes up India’s marital rape debate</a>&nbsp;&nbsp;<font color=""#6f6f6f"">Open Magazine</font>"
431,"SC to Check Legal Validity of Marital Rape Exception Under IPC, BNS",Domestic Violence,2026-09-09,,,,,,Under Investigation,1,Deccan Chronicle,https://news.google.com/rss/articles/CBMitwFBVV95cUxQYVM3Xzlzby1RcXVFS25TY1Azam1pMTJqdDdDOVU0eFgzLWlEa3ZhOXBJNGM1d0F6TVNPbUhfRl94OTdQSF9xRVgwa3RMSHJOWnZHMG9EM282a01mMWpsYWJUVTRJN1NNSVd4bVI1NW0yX1pPTFdZcDNOOF9jNVljTG1NY2lBbGp4T0owQXVjdk5RS2dOZFJ0VHRIblVVdU0tZjF3TWJFZFFZb2J3bjFmS3VGam1OS1nSAbwBQVVfeXFMTVYxVzBZdUxGZzlnNW5WempoYmJQWGxlMUZrcGRDNGVjeUM4MW9Bd1lFUTV2UVpycFg3TjVCMUowVG9aV0xDV1NkTjFXcDVPUGtTX1NCV0stWFZWY2J3UUhiVm14R3Y3LXFpUUhyVEwtdkV6elc5RVNqZjdxcThzdERhUGwybkdpeFZGUzhSX0lVM0s5cWUzeU03TkRoVWdUYUJiV2lHMmo1eEx2QnJUbUd0YU5QUEdPWkZQMnE?oc=5,"<a href=""https://news.google.com/rss/articles/CBMitwFBVV95cUxQYVM3Xzlzby1RcXVFS25TY1Azam1pMTJqdDdDOVU0eFgzLWlEa3ZhOXBJNGM1d0F6TVNPbUhfRl94OTdQSF9xRVgwa3RMSHJOWnZHMG9EM282a01mMWpsYWJUVTRJN1NNSVd4bVI1NW0yX1pPTFdZcDNOOF9jNVljTG1NY2lBbGp4T0owQXVjdk5RS2dOZFJ0VHRIblVVdU0tZjF3TWJFZFFZb2J3bjFmS3VGam1OS1nSAbwBQVVfeXFMTVYxVzBZdUxGZzlnNW5WempoYmJQWGxlMUZrcGRDNGVjeUM4MW9Bd1lFUTV2UVpycFg3TjVCMUowVG9aV0xDV1NkTjFXcDVPUGtTX1NCV0stWFZWY2J3UUhiVm14R3Y3LXFpUUhyVEwtdkV6elc5RVNqZjdxcThzdERhUGwybkdpeFZGUzhSX0lVM0s5cW"
424,"Supreme Court examines marital rape, says marriage does not mean loss of individual autonomy",Domestic Violence,2026-09-09,,,,,,Under Investigation,1,indiatoday.in,https://news.google.com/rss/articles/CBMiogJBVV95cUxPZjRKWFBhajNCaklpcWNZREpVVU5KQ3JuOHdQd1gyQ1Q0N3ZSN1NhN2gyazRmcWdJeEtFZjRvd3N1dlZoNkFUM3ZrM0tZTkRuRVBhWXRuQUxrUnFRajY4YUNEV3BVQjVYcFBxTEM0QnVEMjdsZlRiYkFXUEJENjNRWVFZNkNFOENoV0FzZFRVQ2JGNzZPRTV6UXFLQlBSVk0wRFpQaHN3Q2tfMElGY1pDSVppRDdfN3hDdGY1UUVqaUt2c2V0Z0Y4T0FWcFIySC00NTB2YUt5NmtrX0JBN1pwMGFMdHduT1ppMU9QZkRTNlBhNlI2NkkybFNmRkdrclpJaF9mSjFZS3B3S1dtZW41MFZDQmk4NmUzQzBlM2FDVmNBUdIBogJBVV95cUxPZjRKWFBhajNCaklpcWNZREpVVU5KQ3JuOHdQd1gyQ1Q0N3ZSN1NhN2gyazRmcWdJeEtFZjRvd3N1dlZoNkFUM3ZrM0tZTkRuRVBhWXRuQUxrUnFRajY4YUNEV3BVQjVYcFBxTEM0QnVEMjdsZlRiYkFXUEJENjNRWVFZNkNFOENoV0FzZFRVQ2JGNzZPRTV6UXFLQlBSVk0wRFpQaHN3Q2tfMElGY1pDSVppRDdfN3hDdGY1UUVqaUt2c2V0Z0Y4T0FWcFIySC00NTB2YUt5NmtrX0JBN1pwMGFMdHduT1ppMU9QZkRTNlBhNlI2NkkybFNmRkdrclpJaF9mSjFZS3B3S1dtZW41MFZDQmk4NmUzQzBlM2FDVmNBUQ?oc=5,"<a href=""https://news.google.com/rss/articles/CBMiogJBVV95cUxPZjRKWFBhajNCaklpcWNZREpVVU5KQ3JuOHdQd1gyQ1Q0N3ZSN1NhN2gyazRmcWdJeEtFZjRvd3N1dlZoNkFUM3ZrM0tZTkRuRVBhWXRuQUxrUnFRajY4YUNEV3BVQjVYcFBxTEM0QnVEMjdsZlRiYkFXUEJENjNRWVFZNkNFOENoV0FzZFRVQ2JGNzZPRTV6UXFLQlBSVk0wRFpQaHN3Q2tfMElGY1pDSVppRDdfN3hDdGY1UUVqaUt2c2V0Z0Y4T0FWcFIySC00NTB2YUt5NmtrX0JBN1pwMGFMdHduT1ppMU9QZkRTNlBhNlI2NkkybFNmRkdrclpJaF9mSjFZS3B3S1dtZW41MFZDQmk4NmUzQzBlM2FDVmNBUdIBogJBVV95cUxPZjRKWFBhajNCaklpcWNZREpVVU5KQ3JuOHdQd1gyQ1Q0N3"
417,How Can Husband Be Prosecuted For Rape Of Wife When Marital Rape Exception Exists In Law? Supreme Court...,Domestic Violence,2026-09-09,,,,,,Under Investigation,1,Live Law,https://news.google.com/rss/articles/CBMikgJBVV95cUxOakhGRTYzSEFta0l1RGpnM0lCRVc3djM4TzlGOVhVemZNLVppclZ5cUNiczVBa3RmWmZnb3BwdGpVZWpJMk9sWkdFM0RiY1RiRHpPa0cxc2dqSVR1VkdYNDVNMFMxaWZOejdHTHVxcGo1VG5PTVVfRmdHSVBZV29HeEQ5UDBCTVZRNmpSekg4Sl83RXQ1VHJOa0hhcUJwdlpFTzEyYTVsLXVZMGZiRnViQWxfZEhSb2JTS2FkX2tmR0t3ZU5PZGt1NWU4aDZIRmt1MURzMUFYcjRKLWgtbzhYZG55c3JpcEgtNDZkRFlwcUJKN2JnTnJTSzJ6NmdpUEhhcm1IYmJpSmEteTAzZDVMcUFR0gGXAkFVX3lxTE5MREZWd2RpaDhLbjEyTTFWdFJDYmlQVGtORnZfdEh1b1pTM1pBZmJJNHBCSWtRbjF0SXlFemh6WUZzTG9wT3R6YkJISldmZVNZU0tuUUxXdkZNRmtsNTlqRlA0TkRzNmw4bi1vVVc5YWVIVDZFLWpCOGNqMzBqVUpEWHNvZTBjZld5QnVpa2tfSmFabkhXaExXZnZUOTl0ZlBoZFl3MTlGOFBQTFFrOHhac2l4aU0yOTctaGZhZ3VIU21wS3gwaHpHNVhHT1p0MjIxTFBtU2NsQXBRSVI0Rzh0OTFXaU1uMnI5Y1BtTFhmN3lhbUZCOTJrVjhpeEk5Y3VfeWR6aEtPX3k5dVl2dGI5VXRHUEFIbw?oc=5,"<a href=""https://news.google.com/rss/articles/CBMikgJBVV95cUxOakhGRTYzSEFta0l1RGpnM0lCRVc3djM4TzlGOVhVemZNLVppclZ5cUNiczVBa3RmWmZnb3BwdGpVZWpJMk9sWkdFM0RiY1RiRHpPa0cxc2dqSVR1VkdYNDVNMFMxaWZOejdHTHVxcGo1VG5PTVVfRmdHSVBZV29HeEQ5UDBCTVZRNmpSekg4Sl83RXQ1VHJOa0hhcUJwdlpFTzEyYTVsLXVZMGZiRnViQWxfZEhSb2JTS2FkX2tmR0t3ZU5PZGt1NWU4aDZIRmt1MURzMUFYcjRKLWgtbzhYZG55c3JpcEgtNDZkRFlwcUJKN2JnTnJTSzJ6NmdpUEhhcm1IYmJpSmEteTAzZDVMcUFR0gGXAkFVX3lxTE5MREZWd2RpaDhLbjEyTTFWdFJDYmlQVGtORnZfdEh1b1pTM1pBZmJJNHBCSWtRbjF0SX"
390,"Maharashtra To Boost Engineering, Polytechnic Students Employability With AI Skilling, Centralised Placements",Other GBV,2026-09-09,Maharashtra,Maharashtra,Maharashtra,19.7515,75.7139,Under Investigation,4,"Free Press Journal, Free Press Journal, Free Press Journal, Free Press Journal",https://news.google.com/rss/articles/CBMi3wFBVV95cUxOY21uVFRzRHZOZXZqNlFHM3IwOUdZS0x6eUlHNi1MTG9xWmhKRDk5OGJuSm82cXhOMnV6bDhyQzhtd1VJbUN3QkFYa1lZc3IwT3lHYmlCWnUwQ2dOeW1TWEFWZ3d1Ylk1emU4YmRHZ3RBVDBIS0hLdTl1OHpFYmdsVkJIakdLU0tiSkxqZWExVzQxZTZLamVCNGxNLUt3UC0yV2J6RnNzNllYc245MENodkp3U29xRFV4ZDd5V0tTY1gwR3plRHYxY25FQWlyNWMtYW1BVGtRa1llZXZtbWpV0gHkAUFVX3lxTFBXZGJJcXVxZ0pGTUIxOVRnSk1Za09RSkZ4UjdPRTVRRVlmZnluZUctRE8zU3VWenhaWEIyMGYtUFU3TUpuV0JYTm0tZ2ZUdC1rNE1RZllOZURLeTlKYW13OXNzUFEzbmotcUxFbjJjdVpoUjJKYzlpQjdHbzZrdDUyZXdHSGRWV3BZbnFWUm1HcExkQU93UGc2WGYwNnUxa3drWm1TUlNYaUJrbFNYUHNpSl9UMWhrc1ExcTQyb0p5Y3dGRnVqWDl5ak8xQWo2MnNHOUJzajVaZEF1MDhGLUhkdV9YOQ?oc=5,"<a href=""https://news.google.com/rss/articles/CBMi3wFBVV95cUxOY21uVFRzRHZOZXZqNlFHM3IwOUdZS0x6eUlHNi1MTG9xWmhKRDk5OGJuSm82cXhOMnV6bDhyQzhtd1VJbUN3QkFYa1lZc3IwT3lHYmlCWnUwQ2dOeW1TWEFWZ3d1Ylk1emU4YmRHZ3RBVDBIS0hLdTl1OHpFYmdsVkJIakdLU0tiSkxqZWExVzQxZTZLamVCNGxNLUt3UC0yV2J6RnNzNllYc245MENodkp3U29xRFV4ZDd5V0tTY1gwR3plRHYxY25FQWlyNWMtYW1BVGtRa1llZXZtbWpV0gHkAUFVX3lxTFBXZGJJcXVxZ0pGTUIxOVRnSk1Za09RSkZ4UjdPRTVRRVlmZnluZUctRE8zU3VWenhaWEIyMGYtUFU3TUpuV0JYTm0tZ2ZUdC1rNE1RZllOZURLeTlKYW13OXNzUFEzbmotcUxFbj"
388,Amravati SNCU Fire: Maharashtra Government Orders Strict Action Against Officials After Probe Finds Serious,Other GBV,2026-09-09,Amravati,Amravati,Maharashtra,20.9374,77.7796,Under Investigation,1,Free Press Journal,https://news.google.com/rss/articles/CBMi8AFBVV95cUxNVkZEbkJPcjlMd052aWNFcW04emxOanprcmttc2VCbDU3RE9PeW8yeURfVWtTNnNublFiVVZ1bXIxV1JGUkRtOFNSRG9YaDJKS3BvVFVMUGNpeUhGbmF6dGdQTVZqclZoY3BUOVFoUlM3TGdsYUsxbnQzeTJZUGlsd2t2UXlEZndlSE9LekFFaWdpalJUblZ6aWpsMlUzR3U5ZHY3RFMtT19FamVpMFBkU1ZKcklqb2d4elNkZUFwS0tVMnBSaDFaSnVSLS1GRzNobWJqcml3dzBFSGtyMVhnR3lhUWlOZ0d6M2lyN2hTMXTSAfYBQVVfeXFMUHBsREc1WGlFZ3lFTVBYZHZmdVFyX3RzQ05RaVpIOGhUSFU0TXpMLTUyWTlXdFpXMVFOQjVFR3o1eUxxaHpqVHRURlYwQnBkTmtSYWp1VDV4SnMyNUpETVBjWVktaHdpTVI3c3J6d0FNblRtemlNQkRVZU9nMkRMaXpnTTlHVGpJQ0h2ZDNZbG1YanJpV3lrS0RubzBIOVZOOWE3NlZQanQtaTgySFdkWnBkeGNacWlJdm4zUnlUeHIxTDJrZ0NJblg5QTB0OWVFd2NvMy1ZM0FDWXM3Q1p2Y2JpVXdFbTBXYkFNRDJ1ZVVHdzhLcjJB?oc=5,"<a href=""https://news.google.com/rss/articles/CBMi8AFBVV95cUxNVkZEbkJPcjlMd052aWNFcW04emxOanprcmttc2VCbDU3RE9PeW8yeURfVWtTNnNublFiVVZ1bXIxV1JGUkRtOFNSRG9YaDJKS3BvVFVMUGNpeUhGbmF6dGdQTVZqclZoY3BUOVFoUlM3TGdsYUsxbnQzeTJZUGlsd2t2UXlEZndlSE9LekFFaWdpalJUblZ6aWpsMlUzR3U5ZHY3RFMtT19FamVpMFBkU1ZKcklqb2d4elNkZUFwS0tVMnBSaDFaSnVSLS1GRzNobWJqcml3dzBFSGtyMVhnR3lhUWlOZ0d6M2lyN2hTMXTSAfYBQVVfeXFMUHBsREc1WGlFZ3lFTVBYZHZmdVFyX3RzQ05RaVpIOGhUSFU0TXpMLTUyWTlXdFpXMVFOQjVFR3o1eUxxaHpqVHRURlYwQnBkTmtSYWp1VDV4SnMyNU"
330,"CJP worker Nishu Azad receives rape threat in Ghaziabad: Abusive messages sent to her father; says, ‘I am s...",Sexual Assault,2026-09-09,Ghaziabad,Ghaziabad,Uttar Pradesh,28.6692,77.4538,Under Investigation,2,"Bhaskar English, Bhaskar English",https://news.google.com/rss/articles/CBMiwAFBVV95cUxPc3JIcncwc3dIaExuSGlWb0xKU0dyUXJEYl9sb25TR3R0WFB4RXpfOThScURoR1otZkR6akxYTURWRzRzQXBoY1R5V21pR3Y4amFvMnY5LU9KX3FUWGFDak1RSmotekQ4QjBoRFM2cW5XRlpEd0w1OFpva3BNcmJVbUEtZ1h0elFJQWk5VXdydkc0bzFZXzlVZXNSR014aWxOWC00ZXF2NEZ3cDgzb3pVYkxZbENoR3pYQ21Oa2JfLXjSAcYBQVVfeXFMTUdEYU1uUlh4cTNoZ0RvZHZDbjl5WmtibnhOTXFEbTF5TVMtaUpObFVXRmFoUDhwaVJGRnFfNDZXblRsTEVaZVJ4VmdvTnZpSUVlWkpjU0Q0eXR1WmtYeXMwQ2ozamFzTE5Sdy1BckVZZFQ0Wi1iQnFsOUdZcllndUtBT2xkZ1RpZXQxU205MHVzTjhPei1EM2IxbXpNSFRHTko5cmFMZEs0ZmVUYXJ6cFZBclhRMThpVGpHOWpmVFFiN3FlOXRB?oc=5,"<a href=""https://news.google.com/rss/articles/CBMi1AFBVV95cUxQRi1sVVBDczNHVUtaR3JVa0tpM3VVWVp3Njh0aFpnQ192Nk1NVnB3U01PS0R2Sk9FemNjUlBPWXRVdzR0bHJVelM0QmZOWE1jd2xCNTlPUXE2NFE0NWowTklrdE1pMFdvY0dFc0lSaG9Kemk5SlkyRi1CdUFWX3VQLS1PRnhfX3hjUGNSTTNBeVQ1cy1oWEI4eWlTT1JEd3dpVWhpYk5fY2J5alE2Z19IU09fZjZFRTlWWjllemxRRFhoM1ZSNzl3QkYwWk5zVTBobDBCadIB1AFBVV95cUxQRi1sVVBDczNHVUtaR3JVa0tpM3VVWVp3Njh0aFpnQ192Nk1NVnB3U01PS0R2Sk9FemNjUlBPWXRVdzR0bHJVelM0QmZOWE1jd2xCNTlPUXE2NFE0NWowTklrdE1pMFdvY0dFc0lSaG9Kemk5SlkyRi"
317,Uttar Pradesh: FIR against 31 over misleading court in 2020 Bhadohi gangrape case,Other GBV,2026-09-09,Uttar Pradesh,Uttar Pradesh,Uttar Pradesh,26.8467,80.9462,Under Investigation,2,"The New Indian Express, Daily Pioneer",https://news.google.com/rss/articles/CBMi7AFBVV95cUxOcm5qS2w5MzhaRU1BaWRDaUFfNERhTmRoLUFDSzBfQ1dWSDBYd2tVWVRDcWYtLThQUEZERk41b3dYbkFOa0hNby15c0JRNGtFZktXNHY1eXBQVVFYWmtpbk9kXzUwVXVIUWVaQmM2N05zWG9USndfd202M0pIZzlteEdQUUVSSExOVEJiRWJVVkYyQUNtWFAtMzNOUUVIUUlTWURGYzdJODZ5M2hrYXZ3NjhQenVYZ2tQa2FPWU82QWpETThWRjY1UkgtVHpOZXBlZF9ic0xKTUNCb0NlbG56NXRmMUhNMkNzQzFhTdIB7AFBVV95cUxOcm5qS2w5MzhaRU1BaWRDaUFfNERhTmRoLUFDSzBfQ1dWSDBYd2tVWVRDcWYtLThQUEZERk41b3dYbkFOa0hNby15c0JRNGtFZktXNHY1eXBQVVFYWmtpbk9kXzUwVXVIUWVaQmM2N05zWG9USndfd202M0pIZzlteEdQUUVSSExOVEJiRWJVVkYyQUNtWFAtMzNOUUVIUUlTWURGYzdJODZ5M2hrYXZ3NjhQenVYZ2tQa2FPWU82QWpETThWRjY1UkgtVHpOZXBlZF9ic0xKTUNCb0NlbG56NXRmMUhNMkNzQzFhTQ?oc=5,"<a href=""https://news.google.com/rss/articles/CBMi7AFBVV95cUxOcm5qS2w5MzhaRU1BaWRDaUFfNERhTmRoLUFDSzBfQ1dWSDBYd2tVWVRDcWYtLThQUEZERk41b3dYbkFOa0hNby15c0JRNGtFZktXNHY1eXBQVVFYWmtpbk9kXzUwVXVIUWVaQmM2N05zWG9USndfd202M0pIZzlteEdQUUVSSExOVEJiRWJVVkYyQUNtWFAtMzNOUUVIUUlTWURGYzdJODZ5M2hrYXZ3NjhQenVYZ2tQa2FPWU82QWpETThWRjY1UkgtVHpOZXBlZF9ic0xKTUNCb0NlbG56NXRmMUhNMkNzQzFhTdIB7AFBVV95cUxOcm5qS2w5MzhaRU1BaWRDaUFfNERhTmRoLUFDSzBfQ1dWSDBYd2tVWVRDcWYtLThQUEZERk41b3dYbkFOa0hNby15c0JRNGtFZktXNHY1eXBQVVFYWmtpbk"
190,Suspect Arrested Following Sexual Assault in the Eliot Neighborhood,Sexual Assault,2026-09-09,,,,,,Arrest Made,1,portland.gov,https://news.google.com/rss/articles/CBMiqgFBVV95cUxOQk9EQUo0YnBHMGFwdmN6NFg2aS1ycTBPWlJReERLNEF3MHZpVDZQTjRsVUZWRUtHeC1kZGh3eTh1R2ltOHFSWGExSXZYeEZkX0tlZEFZeHZ3cWpiNmpGMjFncTk4SXF6MWFycWtDV01VdHdyNG11SlFLbFdyREwwNnZXWG9ra004dC1BeElCYmdIRGlWQzAyTGFsN1FpY0tnSnloQnVIWlZrdw?oc=5,"<a href=""https://news.google.com/rss/articles/CBMiqgFBVV95cUxOQk9EQUo0YnBHMGFwdmN6NFg2aS1ycTBPWlJReERLNEF3MHZpVDZQTjRsVUZWRUtHeC1kZGh3eTh1R2ltOHFSWGExSXZYeEZkX0tlZEFZeHZ3cWpiNmpGMjFncTk4SXF6MWFycWtDV01VdHdyNG11SlFLbFdyREwwNnZXWG9ra004dC1BeElCYmdIRGlWQzAyTGFsN1FpY0tnSnloQnVIWlZrdw?oc=5"" target=""_blank"">Suspect Arrested Following Sexual Assault in the Eliot Neighborhood</a>&nbsp;&nbsp;<font color=""#6f6f6f"">portland.gov</font>"
181,"Noel Clarke Charged With Sexual Assault, Voyeurism and Exposure",Sexual Assault,2026-09-09,,,,,,Under Investigation,1,Variety,https://news.google.com/rss/articles/CBMiqAFBVV95cUxQSGRLanE4bThaNjhzYU91WlpsbHRtaGpxS2pzSDV0VEF0M1FRbGhfaERCX1ZfVWJKME1vSXRJVVR6c0wwOFhfYnNtTk54em1vVWpraGMyME5aRE55QTZhN1d3c19JbGM1REYtT2JxZFY3YzVzN3U2OWxTZ0lnMmgxT2VDcENsdTBKLXZaYlQ2Qm1NSXVmZmRONnV4b2t1dUZkUTIxRDQ1Wmc?oc=5,"<a href=""https://news.google.com/rss/articles/CBMiqAFBVV95cUxQSGRLanE4bThaNjhzYU91WlpsbHRtaGpxS2pzSDV0VEF0M1FRbGhfaERCX1ZfVWJKME1vSXRJVVR6c0wwOFhfYnNtTk54em1vVWpraGMyME5aRE55QTZhN1d3c19JbGM1REYtT2JxZFY3YzVzN3U2OWxTZ0lnMmgxT2VDcENsdTBKLXZaYlQ2Qm1NSXVmZmRONnV4b2t1dUZkUTIxRDQ1Wmc?oc=5"" target=""_blank"">Noel Clarke Charged With Sexual Assault, Voyeurism and Exposure</a>&nbsp;&nbsp;<font color=""#6f6f6f"">Variety</font>"
178,Woman who falsely accused 10 men of rape has jail term increased,Sexual Assault,2026-09-09,,,,,,Under Investigation,1,BBC,https://news.google.com/rss/articles/CBMiXEFVX3lxTE1YeEgybjR3Vkc4ZFRUeW9WbVpielNqU2E2cjZnb21nRm1HWUtqVGdYS205SEtGNEVadHpZRFplNlZ5MWNVWmpRTV9GRmdLVVFfX3kwV09FdzhhR2Ji?oc=5,"<a href=""https://news.google.com/rss/articles/CBMiXEFVX3lxTE1YeEgybjR3Vkc4ZFRUeW9WbVpielNqU2E2cjZnb21nRm1HWUtqVGdYS205SEtGNEVadHpZRFplNlZ5MWNVWmpRTV9GRmdLVVFfX3kwV09FdzhhR2Ji?oc=5"" target=""_blank"">Woman who falsely accused 10 men of rape has jail term increased</a>&nbsp;&nbsp;<font color=""#6f6f6f"">BBC</font>"
169,Rape Arrest- Wilkins,Sexual Assault,2026-09-09,,,,,,Under Investigation,1,Fort Wayne City (.gov),https://news.google.com/rss/articles/CBMibkFVX3lxTE4yMUxhUG90NWtLdEt1ZDRrYU5OeXU3dEpINFZKMzZmXzBKN290WGhDdXJiVjdSZGFvUmVBdXFmTUtxQW14UHV1ZUNVZzdJMzIyWUdxQ3FEekgxQlVtaEp6cmdmSVI5MkZmQS1Ucmp3?oc=5,"<a href=""https://news.google.com/rss/articles/CBMibkFVX3lxTE4yMUxhUG90NWtLdEt1ZDRrYU5OeXU3dEpINFZKMzZmXzBKN290WGhDdXJiVjdSZGFvUmVBdXFmTUtxQW14UHV1ZUNVZzdJMzIyWUdxQ3FEekgxQlVtaEp6cmdmSVI5MkZmQS1Ucmp3?oc=5"" target=""_blank"">Rape Arrest- Wilkins</a>&nbsp;&nbsp;<font color=""#6f6f6f"">Fort Wayne City (.gov)</font>"
160,How Forseti and AWS connect domestic violence survivors to services in real time,Domestic Violence,2026-09-09,,,,,,Under Investigation,1,Amazon Web Services (AWS),https://news.google.com/rss/articles/CBMiwAFBVV95cUxPX3FHT0pTVXJnSHd2YmFZSUpnREF3bEJnc2luUmJaZXRNTXVzclc5TUlhVmdvZVduWHJwV0ZYd1FzdEZaTVBpUUpmUmRtdW16WmtmQ3QzRVYzaTVncUF2UllGU1Z1VjJjTjBTeTZyODhtdGwzUDY3MGhpSmt2ZUt1VnAxeWZFX180ZElDMXZ6OEp0N0RON3lqQmwwTDlldDEtd0d0TUxXLWdjUVVTajFQajBGdGt0MHBKSWktcDdOQk0?oc=5,"<a href=""https://news.google.com/rss/articles/CBMiwAFBVV95cUxPX3FHT0pTVXJnSHd2YmFZSUpnREF3bEJnc2luUmJaZXRNTXVzclc5TUlhVmdvZVduWHJwV0ZYd1FzdEZaTVBpUUpmUmRtdW16WmtmQ3QzRVYzaTVncUF2UllGU1Z1VjJjTjBTeTZyODhtdGwzUDY3MGhpSmt2ZUt1VnAxeWZFX180ZElDMXZ6OEp0N0RON3lqQmwwTDlldDEtd0d0TUxXLWdjUVVTajFQajBGdGt0MHBKSWktcDdOQk0?oc=5"" target=""_blank"">How Forseti and AWS connect domestic violence survivors to services in real time</a>&nbsp;&nbsp;<font color=""#6f6f6f"">Amazon Web Services (AWS)</font>"
152,"Ex-Murray High teacher pleads guilty to rape, sex abuse",Sexual Assault,2026-09-09,,,,,,Under Investigation,1,WPSD Local 6,https://news.google.com/rss/articles/CBMiywFBVV95cUxPOEJWOWdNUk1rUG9qQlpUNWE0OFlzNHhQTThwUEVLWEZ3Q0FnY21fbUl1eFJRakN2N0hRYkI5TTFFRjlGX1p6NzhEZFBwby1HZW5acFpxbl9fempWREQ0OFo4YVAzX2kyODRmc2pOY3lmamJmRUw3LXJHUGp3dUZ3bHZxakw1UWhMTTB5STFteXk5ai14NGJjd0Q1SW1CZkdSMWJnNlgxc0VXUVBQa0hFY1MwMGd0NnFBaVhMd0JaTGlNM1lsOXZpcy1NWQ?oc=5,"<a href=""https://news.google.com/rss/articles/CBMiywFBVV95cUxPOEJWOWdNUk1rUG9qQlpUNWE0OFlzNHhQTThwUEVLWEZ3Q0FnY21fbUl1eFJRakN2N0hRYkI5TTFFRjlGX1p6NzhEZFBwby1HZW5acFpxbl9fempWREQ0OFo4YVAzX2kyODRmc2pOY3lmamJmRUw3LXJHUGp3dUZ3bHZxakw1UWhMTTB5STFteXk5ai14NGJjd0Q1SW1CZkdSMWJnNlgxc0VXUVBQa0hFY1MwMGd0NnFBaVhMd0JaTGlNM1lsOXZpcy1NWQ?oc=5"" target=""_blank"">Ex-Murray High teacher pleads guilty to rape, sex abuse</a>&nbsp;&nbsp;<font color=""#6f6f6f"">WPSD Local 6</font>"
146,Every Victim Counts: NNEDV to Conduct 21st Annual Domestic Violence Counts Survey,Domestic Violence,2026-09-09,,,,,,Under Investigation,1,NNEDV,https://news.google.com/rss/articles/CBMiswFBVV95cUxPZ0hRNHYybXRRWW9qbUpaYnU5bWp4elczNzYwazQycldfODgzejRIMzRORDlNQU9uNjBNNThlNGV2ZXpRMmVQR1ZSMnBXYmhTRk5rLWdQMnJLZ2I2cWRNaUo4RmUyZ3VNVFZUY2c3VmxvMTZaZFRSVXZ2Rnp1d0Fmb3dPNVNINDNwb1B0WjRUUzVvbmZPYWNObE1rLUxvMEpKU3NkdzVZOFVmRHY5RVdtSm1hOA?oc=5,"<a href=""https://news.google.com/rss/articles/CBMiswFBVV95cUxPZ0hRNHYybXRRWW9qbUpaYnU5bWp4elczNzYwazQycldfODgzejRIMzRORDlNQU9uNjBNNThlNGV2ZXpRMmVQR1ZSMnBXYmhTRk5rLWdQMnJLZ2I2cWRNaUo4RmUyZ3VNVFZUY2c3VmxvMTZaZFRSVXZ2Rnp1d0Fmb3dPNVNINDNwb1B0WjRUUzVvbmZPYWNObE1rLUxvMEpKU3NkdzVZOFVmRHY5RVdtSm1hOA?oc=5"" target=""_blank"">Every Victim Counts: NNEDV to Conduct 21st Annual Domestic Violence Counts Survey</a>&nbsp;&nbsp;<font color=""#6f6f6f"">NNEDV</font>"
129,Nottingham sexual assault prompts warning from police,Sexual Assault,2026-09-09,,,,,,Under Investigation,1,BBC,https://news.google.com/rss/articles/CBMiWkFVX3lxTFBhZ0J5OUhaQWp6VnJ6YU9vS2RyYjlteF80dkhDaGpFZEs5WlJaS0c2UnVkaTc2Zm5yNWVKX2tHUExvdzYxb2o0QWVQOE13N0hrUWhPMUVxc1hLZw?oc=5,"<a href=""https://news.google.com/rss/articles/CBMiWkFVX3lxTFBhZ0J5OUhaQWp6VnJ6YU9vS2RyYjlteF80dkhDaGpFZEs5WlJaS0c2UnVkaTc2Zm5yNWVKX2tHUExvdzYxb2o0QWVQOE13N0hrUWhPMUVxc1hLZw?oc=5"" target=""_blank"">Nottingham sexual assault prompts warning from police</a>&nbsp;&nbsp;<font color=""#6f6f6f"">BBC</font>"
122,Woman’s sentence increased after multiple false rape allegations,Sexual Assault,2026-09-09,,,,,,Under Investigation,1,GOV.UK,https://news.google.com/rss/articles/CBMinwFBVV95cUxPLXo1TUxhM29VWkUyMS1UbXlOc0lubE43OWxBT1NuY0hWa3FrVEg4ck9EZDZISnhTbFZFV0VBa3hsclUxUWhBNENZLTZOalE0Rkhfb01GM0YwNWY3XzJtS2FJUFhqRlBJbzEyOVF4UEhfa2JYbUZVTzFUckpXSThrdzU1V3Z5M3l0OFJaZlk5bkIwQ1JJNERTQmdhYTl1YUU?oc=5,"<a href=""https://news.google.com/rss/articles/CBMinwFBVV95cUxPLXo1TUxhM29VWkUyMS1UbXlOc0lubE43OWxBT1NuY0hWa3FrVEg4ck9EZDZISnhTbFZFV0VBa3hsclUxUWhBNENZLTZOalE0Rkhfb01GM0YwNWY3XzJtS2FJUFhqRlBJbzEyOVF4UEhfa2JYbUZVTzFUckpXSThrdzU1V3Z5M3l0OFJaZlk5bkIwQ1JJNERTQmdhYTl1YUU?oc=5"" target=""_blank"">Woman’s sentence increased after multiple false rape allegations</a>&nbsp;&nbsp;<font color=""#6f6f6f"">GOV.UK</font>"
102,"Marital Rape: Supreme Court To Re-Examine Law, Its Constitutional Validity",Domestic Violence,2026-09-09,,,,,,Under Investigation,1,NDTV,https://news.google.com/rss/articles/CBMirwFBVV95cUxNTUVPaFFPOUpWWXNXbU9sVDhaYmtWakc5QW1COG9hM3dqNm5Td2RncFNoNEVSQVpreWlnSC1UamhVMGVEdzlObURPWExiSVBtNTdHTlBFMVJCR2R2M0tuNmJ2SndETk9DQ3dpWVM1MnUyZmxLOE5lYWg2Qnczemk1TkUtTHM2THBFU1lfRUUxZ0FuenR1VFA2UW5vZlR5SFd4cldwZXN5bXBlalFXaFVN0gG3AUFVX3lxTE4yR3IxSXpYTzN4Z0NVTmRLbGp2dEptaGZVRE9Md2NJY0hDalYtblp4NFR4d1AycEN6Tnd5WHNOM3ZXNmRRVEt1SHRJbG93S24zWXdJNWNoajN5TlNMNk9PZDVaR2RKeXpWdEdoRDI5NnQ0UF9GOUtvcmVxVWlNSXdHREYwSTNlN2gyb255WGl4T3JPV3lCa2FvMHVjMnQzY3l4cDFBN0hLVEZib00teVhMRXhmSVAyaw?oc=5,"<a href=""https://news.google.com/rss/articles/CBMirwFBVV95cUxNTUVPaFFPOUpWWXNXbU9sVDhaYmtWakc5QW1COG9hM3dqNm5Td2RncFNoNEVSQVpreWlnSC1UamhVMGVEdzlObURPWExiSVBtNTdHTlBFMVJCR2R2M0tuNmJ2SndETk9DQ3dpWVM1MnUyZmxLOE5lYWg2Qnczemk1TkUtTHM2THBFU1lfRUUxZ0FuenR1VFA2UW5vZlR5SFd4cldwZXN5bXBlalFXaFVN0gG3AUFVX3lxTE4yR3IxSXpYTzN4Z0NVTmRLbGp2dEptaGZVRE9Md2NJY0hDalYtblp4NFR4d1AycEN6Tnd5WHNOM3ZXNmRRVEt1SHRJbG93S24zWXdJNWNoajN5TlNMNk9PZDVaR2RKeXpWdEdoRDI5NnQ0UF9GOUtvcmVxVWlNSXdHREYwSTNlN2gyb255WGl4T3JPV3lCa2FvMHVjMn"
101,"On marital rape, Supreme Court asks if courts can prosecute what State does not define as ‘rape’",Domestic Violence,2026-09-09,,,,,,Under Investigation,1,The Hindu,https://news.google.com/rss/articles/CBMi5wFBVV95cUxNTTVyNVhhcEd2WGp2ZFVRaV9UNWlJNHBiNFRPYkY1c2R5SmxYM0V6ZkFNNDZhcG9IaDdiRy1ESWJaZEVRZV9LQU1rX3IyMVpSOWVpMFR2RGUxaDJPWmtQeDdzZXZ1ZHM4QVFyUzhvR1F3a1dYQTZlTXN5RUdYNkgyNzdPZkJWbWpxYkJtU1owMS1rREcxdDkzY1ppRjRMOHI3OEI4VzlqZTdhZnVNNktYSjFqY0dRTERxOFhvaWtoMkd1a09qaVB5M2Y5MzFNRU5uUWljSE50NWt3Q3VJTk9rQUVrZGQwTEXSAe4BQVVfeXFMUDBZaXVYUnIxaWJSNXQyWFBNc1hKSENQOGJhRVRrejhhM1U4cmxPVDhQSk00d0s0Y1NKb3c4WnRrUTZQNVVmMU1ZM0psS3VONTdxVHVZRU5Dcl9OWkg5U0FwSjZkdWVFSjJ6eE9zTlZ3T0F6OUw0c3pnb2JZcHNCLWFGZFFyTUNpWHRvZWRIcHRUYjZwX2tadjltSHdRaG9aeS1ZOW56UV8xSkVQZ2hvcmwwaHJJT0ttUThKOW5nbDk4dW1tUzZXRmRBenpnTFJxbkZJQWx5WjJQVUlLS2FCeTBOeEJqa0ZXTWNBV2luQQ?oc=5,"<a href=""https://news.google.com/rss/articles/CBMi5wFBVV95cUxNTTVyNVhhcEd2WGp2ZFVRaV9UNWlJNHBiNFRPYkY1c2R5SmxYM0V6ZkFNNDZhcG9IaDdiRy1ESWJaZEVRZV9LQU1rX3IyMVpSOWVpMFR2RGUxaDJPWmtQeDdzZXZ1ZHM4QVFyUzhvR1F3a1dYQTZlTXN5RUdYNkgyNzdPZkJWbWpxYkJtU1owMS1rREcxdDkzY1ppRjRMOHI3OEI4VzlqZTdhZnVNNktYSjFqY0dRTERxOFhvaWtoMkd1a09qaVB5M2Y5MzFNRU5uUWljSE50NWt3Q3VJTk9rQUVrZGQwTEXSAe4BQVVfeXFMUDBZaXVYUnIxaWJSNXQyWFBNc1hKSENQOGJhRVRrejhhM1U4cmxPVDhQSk00d0s0Y1NKb3c4WnRrUTZQNVVmMU1ZM0psS3VONTdxVHVZRU5Dcl9OWkg5U0FwSjZkdW"
589,"Applying mouth to a child’s private part constitutes penetrative sexual assault under S. 3(d), POCSO Act; Kerala HC upholds conviction",POCSO / Minor,2026-09-08,Kerala,Kerala,Kerala,10.8505,76.2711,Under Investigation,1,SCC Online,https://news.google.com/rss/articles/CBMizwFBVV95cUxQbnFaTkl5NjZINmZCcm5BS3ZUQnpuRF92YTBPYXNGZW41VjJ0aGUxWmV0T2padkZWVU5ZX1dhM1FNUE9JcDluUkFpY0Nubm1UempSbmhMZHpnZ2JtV1FqTlY1OHVodHIwTUlhc2E4dDNEb1d4SFZLZHJlWlBhd3FfTEdsdHFmZkVtSTZ1YklPUWRPY2xWb2tEb3RwWkVaMWNBeVNQYWFfbV9KVDlYTjBFVjBwQ3Z3SUNXc3dxRk5pVDhJeU5PT0dWNy1IRHNGTTg?oc=5,"<a href=""https://news.google.com/rss/articles/CBMizwFBVV95cUxQbnFaTkl5NjZINmZCcm5BS3ZUQnpuRF92YTBPYXNGZW41VjJ0aGUxWmV0T2padkZWVU5ZX1dhM1FNUE9JcDluUkFpY0Nubm1UempSbmhMZHpnZ2JtV1FqTlY1OHVodHIwTUlhc2E4dDNEb1d4SFZLZHJlWlBhd3FfTEdsdHFmZkVtSTZ1YklPUWRPY2xWb2tEb3RwWkVaMWNBeVNQYWFfbV9KVDlYTjBFVjBwQ3Z3SUNXc3dxRk5pVDhJeU5PT0dWNy1IRHNGTTg?oc=5"" target=""_blank"">Applying mouth to a child’s private part constitutes penetrative sexual assault under S. 3(d), POCSO Act; Kerala HC upholds conviction</a>&nbsp;&nbs"
544,"Plus-Two student gang rape case: Three convicted; one gets death sentence, prison terms for other two accused",Sexual Assault,2026-09-08,,,,,,Convicted,1,DT Next,https://news.google.com/rss/articles/CBMi2wFBVV95cUxNY1VfVU4wai1ZX2RpajVSRmRid1U4bkNCUm5vVzh5bkduemNDYWZ6V2xqVkR1V3Nrci02dWZCbHF3Wkx6R1NKMWVzMTByNVpKOTRHMGtkc1RGZUgwaDNCNVpKNDZJYVRzOFA5eHdiem1oaHNKZ281ZXF5LTN1aHJOXzRvLXFnLWJraGFmb0t4dWFlQ1NTNklhTWpQQWFqZXpVcENvdlNzeVNYel9BT1ZVclBNWWVSWmhNTTQ5VUJiTEk1bHd4TV90RUlzNDV2Mm5QTzJldUs2cVRyejDSAegBQVVfeXFMT1FwQnc2UmRTajhSNlBTd3dGMDJxNXdEcGhuRU1XaEt1VURPWUhyNmlaVTJYNEg2OS1odWhoZ29LMjk2UW84a1c1a2ZLRWkzRmNnem9Za1p0aENvLUQzUzUxdjFXbTI1bFA3S1RGMndGTWYybERMMmdrNi1oXy1MMGVFNnR0MHdKMzlNS0w0UkRZLVBRbFRwVDJzVGtOM3Z4cXVqdlJCalUybHJCMTRkZFE1TjdCLVdmR0doRzJUcXp0dE1sVXlSQUhBdlRhNlQ0VXZ1eURDNlhNOEtfX2dLYmJWWExYZVZraQ?oc=5,"<a href=""https://news.google.com/rss/articles/CBMi2wFBVV95cUxNY1VfVU4wai1ZX2RpajVSRmRid1U4bkNCUm5vVzh5bkduemNDYWZ6V2xqVkR1V3Nrci02dWZCbHF3Wkx6R1NKMWVzMTByNVpKOTRHMGtkc1RGZUgwaDNCNVpKNDZJYVRzOFA5eHdiem1oaHNKZ281ZXF5LTN1aHJOXzRvLXFnLWJraGFmb0t4dWFlQ1NTNklhTWpQQWFqZXpVcENvdlNzeVNYel9BT1ZVclBNWWVSWmhNTTQ5VUJiTEk1bHd4TV90RUlzNDV2Mm5QTzJldUs2cVRyejDSAegBQVVfeXFMT1FwQnc2UmRTajhSNlBTd3dGMDJxNXdEcGhuRU1XaEt1VURPWUhyNmlaVTJYNEg2OS1odWhoZ29LMjk2UW84a1c1a2ZLRWkzRmNnem9Za1p0aENvLUQzUzUxdjFXbTI1bFA3S1RGMndGTW"
531,"Death Penalty For 1, Jail For 2 In 2022 Tamil Nadu Minor Gang-Rape Case",Sexual Assault,2026-09-08,Tamil Nadu,Tamil Nadu,Tamil Nadu,11.1271,78.6569,Convicted,2,"NDTV, ETV Bharat",https://news.google.com/rss/articles/CBMisAFBVV95cUxOV1V4WDZkbk1QanJSOExTNE5ad2NNR2thN1ZYYm5GN3otNTZZQm40QmhCSHVvMmRfUWdVVTRmUm5XWE1zdUJQQXpVcDlCSEM3SWdYd0t1T1BiaUZodkVvUlM0OW1lY2ZpZlkzLUlmZXlBU1U5NktOa29xTGduMm01NVJhMmJ2S2JfbFNwbHlvX3RJdG9CV1dWM19iSmp0bV93X1JhWmZCOElMZm5JalR4cNIBuAFBVV95cUxPNFZULTBBQ3phYmd1ZmRKVm1xY2JfOHVnYlBuVWFPMV9Ua3lFclZKUXp1MHdSWHI4WWJwLWpaQ2JnTTJXMEpRVVVqYVpJUjl6NWV2QkFORFFMVjVXXzFUT2Nac2Y2dncySjlPeFZTeXpLWmEwZlFNaHBlWEJRaThpcjVIazZzUmJfV3FwM0xoakNWSlhDQmc0VW9GUzQ3NS1vU2xhRHZPYmtZOVNUNVpibmxKQ0tBdVVJ?oc=5,"<a href=""https://news.google.com/rss/articles/CBMisAFBVV95cUxOV1V4WDZkbk1QanJSOExTNE5ad2NNR2thN1ZYYm5GN3otNTZZQm40QmhCSHVvMmRfUWdVVTRmUm5XWE1zdUJQQXpVcDlCSEM3SWdYd0t1T1BiaUZodkVvUlM0OW1lY2ZpZlkzLUlmZXlBU1U5NktOa29xTGduMm01NVJhMmJ2S2JfbFNwbHlvX3RJdG9CV1dWM19iSmp0bV93X1JhWmZCOElMZm5JalR4cNIBuAFBVV95cUxPNFZULTBBQ3phYmd1ZmRKVm1xY2JfOHVnYlBuVWFPMV9Ua3lFclZKUXp1MHdSWHI4WWJwLWpaQ2JnTTJXMEpRVVVqYVpJUjl6NWV2QkFORFFMVjVXXzFUT2Nac2Y2dncySjlPeFZTeXpLWmEwZlFNaHBlWEJRaThpcjVIazZzUmJfV3FwM0xoakNWSlhDQmc0VW9GUz"
529,Gang rape of minor in Tamil Nadu's Tirunelveli: One sentenced to death; two others get 20 and 13 years in prison,Sexual Assault,2026-09-08,Tirunelveli,Tirunelveli,Tamil Nadu,8.7139,77.7567,Convicted,1,The Hindu,https://news.google.com/rss/articles/CBMi9AFBVV95cUxNZDQwR1J6SGNLdUVSWjNjY0p3X3dBNWZRVkhNZU5yRGV3TXNneXZnRlZlbXEtQUdsNFUzeThKWDRxeXJsa3pwSEl3UG81ckpoWFJaZ3MwVllvLVBLUjJ5a1lQMUxFcmRYNE9yenBvUXdqQW1fZlVtRWQzOWw2YXc3Si1OQTdMNEhDc2xSb1cwUTQ3QXVRNFZ5RGxfSkpXVGlsby1jazYxeXN3QkphZFlxYXEtaWl1cE1uRUN5bUdETUJVd3N2S0k4UENIWXBzdGMyNEZhYVFwMDI1dU1VdVctUTFOQjhHc0c2SW9JUEUtNE5mQXpS0gH7AUFVX3lxTE5kTHQ2NFNZZzlGYktVRGRvVnFJbVpHTlMxVEN5NlBSbS1KYXB5SjZpaGVETXBQRXlMOFlzZlBjbVVya1pSelV6Q1F3anNPU1VYcEVfRTV3RnN0M2pheHl5RkxHNFI4R2JuUFdBaXNIc2g3MS1hcEVkSnRmMkV3Nzh0V01hMG1fcThXaG5YVTRJY1VyOFc5dWdkcXZtNXZIYTBXNVNMaWtyTlRtaXFjUmhCS1ZILXk1cVk0QXBXM253cFFQQk1QSFNzclVWa0djX2ZDZjY2UXQtT2RULWR3SlN2RmVQVkhDZ1lZcVhYaFZqdVdNeF9zeWNnckQw?oc=5,"<a href=""https://news.google.com/rss/articles/CBMi9AFBVV95cUxNZDQwR1J6SGNLdUVSWjNjY0p3X3dBNWZRVkhNZU5yRGV3TXNneXZnRlZlbXEtQUdsNFUzeThKWDRxeXJsa3pwSEl3UG81ckpoWFJaZ3MwVllvLVBLUjJ5a1lQMUxFcmRYNE9yenBvUXdqQW1fZlVtRWQzOWw2YXc3Si1OQTdMNEhDc2xSb1cwUTQ3QXVRNFZ5RGxfSkpXVGlsby1jazYxeXN3QkphZFlxYXEtaWl1cE1uRUN5bUdETUJVd3N2S0k4UENIWXBzdGMyNEZhYVFwMDI1dU1VdVctUTFOQjhHc0c2SW9JUEUtNE5mQXpS0gH7AUFVX3lxTE5kTHQ2NFNZZzlGYktVRGRvVnFJbVpHTlMxVEN5NlBSbS1KYXB5SjZpaGVETXBQRXlMOFlzZlBjbVVya1pSelV6Q1F3anNPU1VYcEVfRTV3Rn"
493,"West Bengal: Hundreds Protest Alleged Rape of 14-Year-Old Tribal Girl, Block Highway for 7 Hours",Sexual Assault,2026-09-08,West Bengal,West Bengal,West Bengal,22.9868,87.855,Under Investigation,1,The Observer Post,https://news.google.com/rss/articles/CBMiwAFBVV95cUxPNG16eHB6Y1ZEb0xwTkNZT0UxOXlYNWZvVXFoenM5T1ZQRmh1SnI0N0tFVVlldVhCODBCNktrNFZqZmRaenBNZU5KZTZuUi1BWnRSMWN2RF9hOVptcGo1Wi1Jdmt0M0ZFaHAwS2JDV25HSGVkNUJXVGgxdnpGSlJhcExXYXlvV21GUUxqM3FTVWtmN2swVDFrdThoeEpwdGh2bjVXTVVQbDNDTlF6aElSQVZMaEQycjhvT3RHR0xhcFg?oc=5,"<a href=""https://news.google.com/rss/articles/CBMiwAFBVV95cUxPNG16eHB6Y1ZEb0xwTkNZT0UxOXlYNWZvVXFoenM5T1ZQRmh1SnI0N0tFVVlldVhCODBCNktrNFZqZmRaenBNZU5KZTZuUi1BWnRSMWN2RF9hOVptcGo1Wi1Jdmt0M0ZFaHAwS2JDV25HSGVkNUJXVGgxdnpGSlJhcExXYXlvV21GUUxqM3FTVWtmN2swVDFrdThoeEpwdGh2bjVXTVVQbDNDTlF6aElSQVZMaEQycjhvT3RHR0xhcFg?oc=5"" target=""_blank"">West Bengal: Hundreds Protest Alleged Rape of 14-Year-Old Tribal Girl, Block Highway for 7 Hours</a>&nbsp;&nbsp;<font color=""#6f6f6f"">The Observer Post</font>"
468,Six cases registered over alleged sexual assault of minor in Bantwal,Sexual Assault,2026-09-08,,,,,,Under Investigation,1,newskarnataka.com,https://news.google.com/rss/articles/CBMitAFBVV95cUxOdGptNV92THlZQU1oVkJvWWoyRjZULXcwdGxmSzhBQm1ORF9lU1pkQk1yN3I5T3I2THZvc2FWUnJZVnc4dHBnaXQ4TjlHclBPZmZsR1pVaEJnbmVIN0xURzZpM09HbkpoemtRbi1kOU5DMExjaGZiWDdfRDN2Y25oMlpUN2NmdlQ1WXN6WDhkRlFNaWtQS3dHT2oxWndFelRaT0NnU0Q1c24xSnNlSUNpTUl5OFQ?oc=5,"<a href=""https://news.google.com/rss/articles/CBMitAFBVV95cUxOdGptNV92THlZQU1oVkJvWWoyRjZULXcwdGxmSzhBQm1ORF9lU1pkQk1yN3I5T3I2THZvc2FWUnJZVnc4dHBnaXQ4TjlHclBPZmZsR1pVaEJnbmVIN0xURzZpM09HbkpoemtRbi1kOU5DMExjaGZiWDdfRDN2Y25oMlpUN2NmdlQ1WXN6WDhkRlFNaWtQS3dHT2oxWndFelRaT0NnU0Q1c24xSnNlSUNpTUl5OFQ?oc=5"" target=""_blank"">Six cases registered over alleged sexual assault of minor in Bantwal</a>&nbsp;&nbsp;<font color=""#6f6f6f"">newskarnataka.com</font>"
440,Karnataka: 3 held for ‘repeated’ sexual assault of minor boy,Sexual Assault,2026-09-08,Karnataka,Karnataka,Karnataka,15.3173,75.7139,Arrest Made,1,The Siasat Daily,https://news.google.com/rss/articles/CBMikwFBVV95cUxOVWI4dG1vbmQxamhodzB5d0plUl8tMnlGN2RoTkRRcjRXbzBYVzhPeWprWHlrdXdneTJrTi0zVm1pckVFZUMwdHhiLVJycEN4ZHRFdnRhOEJhVzM3UlFacDA0MFl4VElIU21lZTVPVHVEZzZhY245ZEZOaFFGZ1AwT3NzR0pWYzBaWDdHaEM3Ym1FUHfSAZgBQVVfeXFMT216aVhmX0VMVzB2cncyMWtPYjY5ZE9xVFU2MFY1WW5qZnNLbmpiZktZZjlpckhBN0NDVXNhZE5TN1BQMm1ocWo0UUpGNlNjeWV2Y2lEMk1QVUx0UXUyYk5zcm9Uc01XbFlqNGtoR2hJdmV1T3o3OHR5M1ZzYTBLZ1VCejk2WFcteVVESVBpNVZRZks5b0dTN2Y?oc=5,"<a href=""https://news.google.com/rss/articles/CBMikwFBVV95cUxOVWI4dG1vbmQxamhodzB5d0plUl8tMnlGN2RoTkRRcjRXbzBYVzhPeWprWHlrdXdneTJrTi0zVm1pckVFZUMwdHhiLVJycEN4ZHRFdnRhOEJhVzM3UlFacDA0MFl4VElIU21lZTVPVHVEZzZhY245ZEZOaFFGZ1AwT3NzR0pWYzBaWDdHaEM3Ym1FUHfSAZgBQVVfeXFMT216aVhmX0VMVzB2cncyMWtPYjY5ZE9xVFU2MFY1WW5qZnNLbmpiZktZZjlpckhBN0NDVXNhZE5TN1BQMm1ocWo0UUpGNlNjeWV2Y2lEMk1QVUx0UXUyYk5zcm9Uc01XbFlqNGtoR2hJdmV1T3o3OHR5M1ZzYTBLZ1VCejk2WFcteVVESVBpNVZRZks5b0dTN2Y?oc=5"" target=""_blank"">Karnataka: 3 held fo"
435,"Bengaluru doctor accused of rape, blackmail, and casteist abuse by former employee",Sexual Assault,2026-09-08,Bengaluru,Bengaluru,Karnataka,12.9716,77.5946,Under Investigation,3,"The News Minute, Udayavani, The Hans India",https://news.google.com/rss/articles/CBMivAFBVV95cUxOMkc5U055UlJJaTZIMzh4UjFjV2Z1RUI2YThRaGlhbUd0eE1YWmVuaWU4N3ZZVDlPZUc1VGRBMVpaZkc1MTMwYi1IVjg5U3E2TFliRkdsYllNTnNpeng4ci1uUktQb1N4TndvVmJidUVPbmxyVG10YkZlR1lnZkpRZ2t1RV91WUE1YVJ6RTFHRXljS0MyeDNVM203X1FueXloYklrM0VXRERaVWNHUFlSNHpaZS16S0V0Mm5MWNIBygFBVV95cUxOUVZ5STY4c1ctd0J2NnZRX0ozZ3ZiVk5lV0V2TXJ3alYzNXNKNm9DNU11UGxwZU1XcWdFbE9vaTd5WTFUdlNVZWFDTjlRLThfc1hzZFJtZlhIVEhCSzBqQXNkWGE3R2txeGpHS2t1SjVkLTJrZmdPbWU1eVd4SHB2dGNidG96UzU2N2hIVXRLZWFaZ05PbUtuR05uakRVUXNWQ29EcmxmS19aUWYzUTczbndBYkxWOEVBdzNxdzIyRk5RaDdwTHV0akNR?oc=5,"<a href=""https://news.google.com/rss/articles/CBMivAFBVV95cUxOMkc5U055UlJJaTZIMzh4UjFjV2Z1RUI2YThRaGlhbUd0eE1YWmVuaWU4N3ZZVDlPZUc1VGRBMVpaZkc1MTMwYi1IVjg5U3E2TFliRkdsYllNTnNpeng4ci1uUktQb1N4TndvVmJidUVPbmxyVG10YkZlR1lnZkpRZ2t1RV91WUE1YVJ6RTFHRXljS0MyeDNVM203X1FueXloYklrM0VXRERaVWNHUFlSNHpaZS16S0V0Mm5MWNIBygFBVV95cUxOUVZ5STY4c1ctd0J2NnZRX0ozZ3ZiVk5lV0V2TXJ3alYzNXNKNm9DNU11UGxwZU1XcWdFbE9vaTd5WTFUdlNVZWFDTjlRLThfc1hzZFJtZlhIVEhCSzBqQXNkWGE3R2txeGpHS2t1SjVkLTJrZmdPbWU1eVd4SHB2dGNidG96UzU2N2hIVXRLZW"
403,Gwalior Tantrik Rape Case: Tantrik Woman Seeking Cure For Husband’s Alcohol Addiction Raped By Tantrik After,Sexual Assault,2026-09-08,Gwalior,Gwalior,Madhya Pradesh,26.2183,78.1828,Under Investigation,1,Free Press Journal,https://news.google.com/rss/articles/CBMigAJBVV95cUxPV3pfVklUbVlLbm9RTG1lREJOWnh0Q2UwUkQ5d3o4ZFpfY1VxdTR4LWp4NXBnTVFJSndoZGtLR1c5MnE3SVEyM0N0VUctVjVoRFJoUFhOWGdabWZUeWVoeE1HaTB1NTFMZFlncl9VblZRMldZZ2dzdFRpbUNFVEhGYmdUNmF2QWRMZ09VN29BakhCX2tIdlFEeE9IU2hqT2ZtM2FzQ05FNlFRajZOYzMzbmRWZm9ZVWpjclhUeE9aTXJQZDhGbWZNWTAwQkZXYUJqUFo2THR4TVRYak1WbW9OR3B1MGttOGdELVVDbFpnZHV2NDN1SjZkNlAzZ01iRGFf0gGGAkFVX3lxTFBKLXQ5Rk81X2IwWjFrTEVtUk1lZDVKWnlxdG16VV93ZGtpUDAzYTJHYUY0aG96U2RVTGgtVUtIdlV3dFJTakJKS210WnV3M2paMEJxQmw4TW1VSlNFVU5ZYzUzaDFlYTExM2VZdHE5LXNycjdsUWtoYmJRcC1OV0hNZTY4eU9iQ2J1T2x2VEFZOVhyMnpQWV9PMThvaHhhQ2otRlgtVzB5Ymgza0p0VWhXZ3lUNTE3R0RYeDVDbnY4XzFVVGs3TVJFMGF2THZqWE5rS25jMGFsY3V1R2ZNcHEzMDhtOVU3dG1WaHFiYlBRTWUtY0NjZC11UTU5X05jbU56SUNKVWc?oc=5,"<a href=""https://news.google.com/rss/articles/CBMigAJBVV95cUxPV3pfVklUbVlLbm9RTG1lREJOWnh0Q2UwUkQ5d3o4ZFpfY1VxdTR4LWp4NXBnTVFJSndoZGtLR1c5MnE3SVEyM0N0VUctVjVoRFJoUFhOWGdabWZUeWVoeE1HaTB1NTFMZFlncl9VblZRMldZZ2dzdFRpbUNFVEhGYmdUNmF2QWRMZ09VN29BakhCX2tIdlFEeE9IU2hqT2ZtM2FzQ05FNlFRajZOYzMzbmRWZm9ZVWpjclhUeE9aTXJQZDhGbWZNWTAwQkZXYUJqUFo2THR4TVRYak1WbW9OR3B1MGttOGdELVVDbFpnZHV2NDN1SjZkNlAzZ01iRGFf0gGGAkFVX3lxTFBKLXQ5Rk81X2IwWjFrTEVtUk1lZDVKWnlxdG16VV93ZGtpUDAzYTJHYUY0aG96U2RVTGgtVUtIdlV3dFJTakJKS210Wn"
354,Gondia road accident leaves six dead in Maharashtra,Other GBV,2026-09-08,Assam,Assam,Assam,26.2006,92.9376,Under Investigation,2,"The Assam Tribune, The Assam Tribune",https://news.google.com/rss/articles/CBMimAFBVV95cUxPSzNibENOMmlhT0pXQzZWWkIyWmp2amt4TGhJNlloenZZeXVQWTVjSlNUTU5sSlkwT0NYU1dpcXdhNHpGU0NuYlB6ZU1WNVZVY1ZhZkloSnY3ODVHX1RIT1pQSGMyNDM3R2NaUnhOYzNod01Ca0gwby1Ta2k2S0lDeExIT2puVnFGWndKakZkMEdZVjhRMVBvdtIBngFBVV95cUxPQVYwOHIweVNPRDI3aHE3NXhfa3IzbFhGOFpMRnpDT0ZxTzhuVkFiQ3NsVGdRSW55eEllMFlWQkJXc2FZcGZmeGFGWnRaOWZNcTZyZkhZLWxmTm1oNVZwMkdIRVg2bHdUZXlvUVZIN2JTTm5HLWFrX2NSdXoya3ZOODhqM25kX1A5bFpvOFRfT1NZUzU0ZlFrZWQzUEJnUQ?oc=5,"<a href=""https://news.google.com/rss/articles/CBMimAFBVV95cUxPSzNibENOMmlhT0pXQzZWWkIyWmp2amt4TGhJNlloenZZeXVQWTVjSlNUTU5sSlkwT0NYU1dpcXdhNHpGU0NuYlB6ZU1WNVZVY1ZhZkloSnY3ODVHX1RIT1pQSGMyNDM3R2NaUnhOYzNod01Ca0gwby1Ta2k2S0lDeExIT2puVnFGWndKakZkMEdZVjhRMVBvdtIBngFBVV95cUxPQVYwOHIweVNPRDI3aHE3NXhfa3IzbFhGOFpMRnpDT0ZxTzhuVkFiQ3NsVGdRSW55eEllMFlWQkJXc2FZcGZmeGFGWnRaOWZNcTZyZkhZLWxmTm1oNVZwMkdIRVg2bHdUZXlvUVZIN2JTTm5HLWFrX2NSdXoya3ZOODhqM25kX1A5bFpvOFRfT1NZUzU0ZlFrZWQzUEJnUQ?oc=5"" target=""_blank"">Gondi"
229,"There Was No Misuse Of Power, Wealth, Status Or Age: Delhi High Court Directs Release Of Man In 2009...",Other GBV,2026-09-08,Delhi,Delhi,Delhi,28.7041,77.1025,Under Investigation,4,"Newslaundry, Verdictum, The Times of India, Live Law",https://news.google.com/rss/articles/CBMi3gFBVV95cUxQODIyTGtRTXhVdWwxQnNXdXM0LXo4R3ZhTlFGZ241YjZnamw3MEZRSG0yVml5RzVISF9zMzRvWWJwYnozS3gyeVlhX3RjakRJOEgwZ2gyelRVQk9fcXRnOXFlcjZLTmE0T1YxUXVCcnFiMXVvVkRja1dxbi1WbzQxZl9MUGhWOUFsWWZwN1pPbFZuWjVKVHl2bHEtNElLenMza1oxM3I4cTRYamZvTWNDRjNVSEdnV1B3ZWd4bnZWNlFpZWxxbG56Z3JTN3lNbVZ2V1JzR3VOaGk1TnBIaHfSAd4BQVVfeXFMUDgyMkxrUU14VXVsMUJzV3VzNC16OEd2YU5RRmduNWI2Z2psNzBGUUhtMlZpeUc1SEhfczM0b1licGJ6M0t4MnlZYV90Y2pESThIMGdoMnpUVUJPX3F0ZzlxZXI2S05hNE9WMVF1QnJxYjF1b1ZEY2tXcW4tVm80MWZfTFBoVjlBbFlmcDdaT2xWblo1SlR5dmxxLTRJS3pzM2taMTNyOHE0WGpmb01jQ0YzVUhHZ1dQd2VneG52VjZRaWVscWxuemdyUzd5TW1WdldSc0d1TmhpNU5wSGh3?oc=5,"<a href=""https://news.google.com/rss/articles/CBMi2wFBVV95cUxPRVJTZ2VRRGRmeEduVmpOZHlzYmVlTlZCZVgxOXlFb0c4S2Z4VnlSTjlkNDMwR3k4S1BiMWFnSWliVnRPOXZtb2dBZlpfSHo0allvTjhNekwtLURHclBUaTBTRmpHWUx6YmhOMF83clhmYVp0dDlGYVY0empISTJzR1ExSmZrOEM2UXNtYl9yelRsQ1JxNmJjZ003SHFJbW56OXJPdUM1a1ZySFZpNWpGRDFfYl9NTnpPQVlZWlFPWmtLUW1hWU1TMmY0LVlzcGJtVVd3eUV5VUp5WjjSAeABQVVfeXFMUGlOSVItX0U4RFNXMml2UlVsbWsya2ZBdllDeDNfcTZPS05TaU9oRGdUS3Q1bV8xQjZqMzNWTldRc3U0cGdJbFJDMENfVUNsaGNieV9vdUFIQUFpZ1FuMHVpWVRyRU9zdjFrem03Ul9mND"
199,Upper Darby man guilty on all counts in rape case,Sexual Assault,2026-09-08,,,,,,Under Investigation,1,Delco Times,https://news.google.com/rss/articles/CBMikgFBVV95cUxPYmpVVEdMUDVCWF8xdXhSbzBtV190WTh1TjlSUFhrblpsRVBjaFNocDdIQ3hmeEIzeVU4akFvUlgxb0I3MHd6YUZmUFJPeVYxTzlUbWJUUlRmaDZmNmlTSGN6TDBhY2dwTk1FSGlyWEo2WTc2VThkQ0F5ZTAyOEs1ZTU5NG5vTllYc1RPZ1lJRkdFdw?oc=5,"<a href=""https://news.google.com/rss/articles/CBMikgFBVV95cUxPYmpVVEdMUDVCWF8xdXhSbzBtV190WTh1TjlSUFhrblpsRVBjaFNocDdIQ3hmeEIzeVU4akFvUlgxb0I3MHd6YUZmUFJPeVYxTzlUbWJUUlRmaDZmNmlTSGN6TDBhY2dwTk1FSGlyWEo2WTc2VThkQ0F5ZTAyOEs1ZTU5NG5vTllYc1RPZ1lJRkdFdw?oc=5"" target=""_blank"">Upper Darby man guilty on all counts in rape case</a>&nbsp;&nbsp;<font color=""#6f6f6f"">Delco Times</font>"
198,Former Arkansas lawmaker pleads not guilty to felony domestic violence charges,Domestic Violence,2026-09-08,,,,,,Under Investigation,1,Arkansas Advocate,https://news.google.com/rss/articles/CBMiuwFBVV95cUxQWjZmbWZpd2hubUYwXzk4RDdVc2c5alY0YXloZ2xIVklCQjJjTzR0c1FGR2lMdUxqTm5NVF9DdGdyVHp5czAwcHQwRG9OeU82RUVBWFF2V3VhNUlHMkZvZjE5OGpvalMtdmRzVFF6d3c3cm4wSm9UZzJDeHJWY2lVUG1KeE4xWWxDUUpMMnBoTFp2VzlXYUMxX2NvUmVrZHlpcFZId1AxOTl1cnlWUTZWakJxeVJ6MVZUcnMw?oc=5,"<a href=""https://news.google.com/rss/articles/CBMiuwFBVV95cUxQWjZmbWZpd2hubUYwXzk4RDdVc2c5alY0YXloZ2xIVklCQjJjTzR0c1FGR2lMdUxqTm5NVF9DdGdyVHp5czAwcHQwRG9OeU82RUVBWFF2V3VhNUlHMkZvZjE5OGpvalMtdmRzVFF6d3c3cm4wSm9UZzJDeHJWY2lVUG1KeE4xWWxDUUpMMnBoTFp2VzlXYUMxX2NvUmVrZHlpcFZId1AxOTl1cnlWUTZWakJxeVJ6MVZUcnMw?oc=5"" target=""_blank"">Former Arkansas lawmaker pleads not guilty to felony domestic violence charges</a>&nbsp;&nbsp;<font color=""#6f6f6f"">Arkansas Advocate</font>"
180,Man accused of rape in University of Arkansas fraternity house to appear in court Wednesday,Sexual Assault,2026-09-08,,,,,,Under Investigation,1,nwahomepage.com,https://news.google.com/rss/articles/CBMi3AFBVV95cUxQcUhJc3dURDF3dXdCN0F5LU90MER4LVhrLTBUWUs1QkV3RWJuZUFNZWhBaVdIZmZRd0ZsYmNsNmZtWkxTQUptVnVNaldlc2hFTWQtQnRCb3pUQnlFdXZGbldUdDZicVlsSkdFbWNNdlhCekhWaGUwbXlabHpNS0FaRTFxX1dnMVBleG9ELU53eHNjZGo0X1MtUmlZMFFDRFhNcC1rODQzR0JLSzdZYVBZSC10S0gwdEd4SUg3MEZsZ191Qk10eVl6aHpNSWZiU0w4bE8wWmpEZzh3S0tu0gHiAUFVX3lxTFBVZHVoU05IcU45RjdVTmN5U1BYVXlRZkktRXBBa3JWRVc3VlZWNkQzWVpFckMzU090clpOeHJMWnRJRTZJMS1QbE5zbTdLdUl1eDFrZmI0MV9BQVN3WDhTSzRCSHFjNjAxejFrNjZXbVRmNXl2eF9PbDJlNlBKVFdJS3VCYmZtZlB5Q3lBeUswdm5reEcyUFhHTnhHV1hoUmZJZlQ2ZkpOWHJZT0UyVkxnM3ZLVG41SUxsbl9FUnBUWkN4WlFTTERrYTc3R1ZnalVicUwxZ3N4X2pRcm5sRmx0ckE?oc=5,"<a href=""https://news.google.com/rss/articles/CBMi3AFBVV95cUxQcUhJc3dURDF3dXdCN0F5LU90MER4LVhrLTBUWUs1QkV3RWJuZUFNZWhBaVdIZmZRd0ZsYmNsNmZtWkxTQUptVnVNaldlc2hFTWQtQnRCb3pUQnlFdXZGbldUdDZicVlsSkdFbWNNdlhCekhWaGUwbXlabHpNS0FaRTFxX1dnMVBleG9ELU53eHNjZGo0X1MtUmlZMFFDRFhNcC1rODQzR0JLSzdZYVBZSC10S0gwdEd4SUg3MEZsZ191Qk10eVl6aHpNSWZiU0w4bE8wWmpEZzh3S0tu0gHiAUFVX3lxTFBVZHVoU05IcU45RjdVTmN5U1BYVXlRZkktRXBBa3JWRVc3VlZWNkQzWVpFckMzU090clpOeHJMWnRJRTZJMS1QbE5zbTdLdUl1eDFrZmI0MV9BQVN3WDhTSzRCSHFjNjAxejFrNjZXbV"
176,"Docs: Greenwood man threatened to rape, kill woman while pointing firearm at her",Sexual Assault,2026-09-08,,,,,,Under Investigation,1,Fox 59,https://news.google.com/rss/articles/CBMipAFBVV95cUxPVi1QdjVLbklKVkNhWmZnamhZal9kSmFfNzhsOHhJVjlIc3dxTE1LdEd1WENVUzltd1JsQVNPVTZBb01jWmRGRm5IMGdsdnFieUZhVENyTFNKMjBZRnU1amFlY094dDFNbjlwNjBrSVBHeUNJWnBQbmp3Y0pNMWtLSG9QWUlNdHdEanNVMl9fc292VzJiNFJkbjY2Ukt1eWJlcUdVYtIBqgFBVV95cUxOWmlJd3Z1RVo4bkx0NndGczROTDdFRUFKOFFOUGxBYy1pVUdOZlZ3OW56R1FqRm5zSGQwcVpUeTAwaThnVDBCUmJ1cDNQSThoY1JlQ01kc1A2X0VTYVNnVnJEazU0UklZaEtiSnZKck9vTTA0T2MxQk5JOThBUUhQMUxhcUUtQXZoQWkwMGJPc0JVTnppQkJSUmJpaVVqWWZLYkdoV0lvc25rUQ?oc=5,"<a href=""https://news.google.com/rss/articles/CBMipAFBVV95cUxPVi1QdjVLbklKVkNhWmZnamhZal9kSmFfNzhsOHhJVjlIc3dxTE1LdEd1WENVUzltd1JsQVNPVTZBb01jWmRGRm5IMGdsdnFieUZhVENyTFNKMjBZRnU1amFlY094dDFNbjlwNjBrSVBHeUNJWnBQbmp3Y0pNMWtLSG9QWUlNdHdEanNVMl9fc292VzJiNFJkbjY2Ukt1eWJlcUdVYtIBqgFBVV95cUxOWmlJd3Z1RVo4bkx0NndGczROTDdFRUFKOFFOUGxBYy1pVUdOZlZ3OW56R1FqRm5zSGQwcVpUeTAwaThnVDBCUmJ1cDNQSThoY1JlQ01kc1A2X0VTYVNnVnJEazU0UklZaEtiSnZKck9vTTA0T2MxQk5JOThBUUhQMUxhcUUtQXZoQWkwMGJPc0JVTnppQkJSUmJpaVVqWWZLYkdoV0lvc2"
159,“What Forgiveness Means to Me” — A Story of Healing From Domestic Violence,Domestic Violence,2026-09-08,,,,,,Under Investigation,1,Minnesota Women's Press,https://news.google.com/rss/articles/CBMioAFBVV95cUxOZXBlR0lhdHJSTTh6akRpRC1Gc3QtdTlfNXc1emxuZFlMQm9PU0NBaEdYUGtRNnRKN0J2bWdVUHl4THFjU2pUYUdINXU1WWhLSkVNY3hPQUJfS0VHSUhxQUVyZUIwVGFwaWlEZkhYcUdTQ0ZTSG9heHhNTjl3VUhWMTlQMDFiUnVpb3ppeVJNSUQxemNKR24wNHdnaFNMdVFw?oc=5,"<a href=""https://news.google.com/rss/articles/CBMioAFBVV95cUxOZXBlR0lhdHJSTTh6akRpRC1Gc3QtdTlfNXc1emxuZFlMQm9PU0NBaEdYUGtRNnRKN0J2bWdVUHl4THFjU2pUYUdINXU1WWhLSkVNY3hPQUJfS0VHSUhxQUVyZUIwVGFwaWlEZkhYcUdTQ0ZTSG9heHhNTjl3VUhWMTlQMDFiUnVpb3ppeVJNSUQxemNKR24wNHdnaFNMdVFw?oc=5"" target=""_blank"">“What Forgiveness Means to Me” — A Story of Healing From Domestic Violence</a>&nbsp;&nbsp;<font color=""#6f6f6f"">Minnesota Women's Press</font>"
119,"Journalist Omar Rashid Moves Delhi HC Against Woman Over Rape, Forced Beef-Eating Allegations",Sexual Assault,2026-09-08,Delhi,Delhi,Delhi,28.7041,77.1025,Under Investigation,8,"LawBeat, NDTV, Bar and Bench, LawBeat, NDTV, ThePrint, The Indian Express, The Times of India",https://news.google.com/rss/articles/CBMizAFBVV95cUxQUXhlaEsxN0RiRW92dmYtdk5SYjNheEZITmt0S0prMTNGUGNXa0E0RGo2c3g3STJQZEI2cThrVTZ5QUMxUFJPY0pra0tndnBKMXZ3ZUFBSktxaDE2ZEcxZ1R6OHBUb0JLd0N4allzcGtXWkNUTkxtRUlFeFhJTWM5c2hTUGthVHZfVHJ0YmtxSTFwUjBvQkxINzRWOW1RNE1ibXRwVnRZOC1jZ0w0cnRtcm83SUZIVERLSmV3ZVlkeWF1SmJSS2w4c2VDUXLSAdIBQVVfeXFMTzdMcERjbUZKa2FxWm1Rakd2MnRlM21lSW5NTWV6ZU9SWkNJV1NrR1Zqbi0tRW5zMWxzQ2VPc0dRb0lfNFI3NnkwY3JIeGVkNm15OFEtNnNlQ1dWX0Zza2ZKcDFLQTJQX3hCdVJsOV9sSnh6aXJIaV9QbUtxWHRJamdPNm5iTmZiWXVodkxjNUN1ZXdXRnNHaTNOenFhTDFXMUY4UEpsWG9tVGNITXl6ZGdJS2sxdzR1WmhYNjl6RWtoUkFDWWUtYkpDb1Y2SnlnTjd3?oc=5,"<a href=""https://news.google.com/rss/articles/CBMizAFBVV95cUxQUXhlaEsxN0RiRW92dmYtdk5SYjNheEZITmt0S0prMTNGUGNXa0E0RGo2c3g3STJQZEI2cThrVTZ5QUMxUFJPY0pra0tndnBKMXZ3ZUFBSktxaDE2ZEcxZ1R6OHBUb0JLd0N4allzcGtXWkNUTkxtRUlFeFhJTWM5c2hTUGthVHZfVHJ0YmtxSTFwUjBvQkxINzRWOW1RNE1ibXRwVnRZOC1jZ0w0cnRtcm83SUZIVERLSmV3ZVlkeWF1SmJSS2w4c2VDUXLSAdIBQVVfeXFMTzdMcERjbUZKa2FxWm1Rakd2MnRlM21lSW5NTWV6ZU9SWkNJV1NrR1Zqbi0tRW5zMWxzQ2VPc0dRb0lfNFI3NnkwY3JIeGVkNm15OFEtNnNlQ1dWX0Zza2ZKcDFLQTJQX3hCdVJsOV9sSnh6aXJIaV9QbUtxWHRJam"
112,Write to End Violence Against Women Awards,Sexual Assault,2026-09-08,,,,,,Under Investigation,1,Rape Crisis England & Wales,https://news.google.com/rss/articles/CBMif0FVX3lxTFB3ZnZaaGt0VEthZFpkUk1rVkktT21DNmc3aVNKYUNobkEwZE1QNEZNZGxjVjR2dDRVMElwdHdRakxUU2tKSlJsbjNBaHFnS255R2lScDdVZXpuaVBIWXYwQ2pVQTFqcWlMM0QyMkJMcjYyTk9WaVBYajhHTUJCT1E?oc=5,"<a href=""https://news.google.com/rss/articles/CBMif0FVX3lxTFB3ZnZaaGt0VEthZFpkUk1rVkktT21DNmc3aVNKYUNobkEwZE1QNEZNZGxjVjR2dDRVMElwdHdRakxUU2tKSlJsbjNBaHFnS255R2lScDdVZXpuaVBIWXYwQ2pVQTFqcWlMM0QyMkJMcjYyTk9WaVBYajhHTUJCT1E?oc=5"" target=""_blank"">Write to End Violence Against Women Awards</a>&nbsp;&nbsp;<font color=""#6f6f6f"">Rape Crisis England & Wales</font>"
538,Telangana CM Revanth orders magisterial inquiry into nurse’s rape-murder,Sexual Assault,2026-09-07,Telangana,Telangana,Telangana,18.1124,79.0193,Under Investigation,1,The News Minute,https://news.google.com/rss/articles/CBMisgFBVV95cUxOUjFwYVRNcVdaNzJteFBQZzZ2Q2pjTnlFRnMyZ3hhOEJtemtFcTFPWnBpQ2VKNXpmbXlSZzRBTmNxelhSSzR0RFk3cDY2XzV5MHdJamhBQXFjdWlGcF9UNGNibkVXR0hEMF9KMkdxZUNnMDNUbzZzUnMxXzdZcUxSWm1jbkhCWVRRM08weklDem5QV0hCcXdiUTNJWTRkb0kxOVdxSzR4dktqeDYzVUZlUkZB0gG_AUFVX3lxTFB3aDdGV1FCQkVZZlRtbllYTzM2NFF3VzdFT1lPU3ZibFFhT1BWbkJXRFowUzlOM0ZZUVpmbkNCTlF3N2FrRGdOdFB0RFZlS0p4VU00NThkRV83b2xLRzlmdTV0OU9OeEk4dFppSkVVQW1mT2hyYjVCX3ZGbWpRa2hpcmpWcmpZNjNwaXZDc2V5Yk45SjV2dHJBNm1WZVlrbTJ3MEJIcW1ReFBtQ24ycnJKdHZIYUszSTA0emh4TVA0?oc=5,"<a href=""https://news.google.com/rss/articles/CBMisgFBVV95cUxOUjFwYVRNcVdaNzJteFBQZzZ2Q2pjTnlFRnMyZ3hhOEJtemtFcTFPWnBpQ2VKNXpmbXlSZzRBTmNxelhSSzR0RFk3cDY2XzV5MHdJamhBQXFjdWlGcF9UNGNibkVXR0hEMF9KMkdxZUNnMDNUbzZzUnMxXzdZcUxSWm1jbkhCWVRRM08weklDem5QV0hCcXdiUTNJWTRkb0kxOVdxSzR4dktqeDYzVUZlUkZB0gG_AUFVX3lxTFB3aDdGV1FCQkVZZlRtbllYTzM2NFF3VzdFT1lPU3ZibFFhT1BWbkJXRFowUzlOM0ZZUVpmbkNCTlF3N2FrRGdOdFB0RFZlS0p4VU00NThkRV83b2xLRzlmdTV0OU9OeEk4dFppSkVVQW1mT2hyYjVCX3ZGbWpRa2hpcmpWcmpZNjNwaXZDc2V5Yk45SjV2dHJBNm"
500,Datanomics: Nearly 50% of rape cases in last 50 yrs reported post-Nirbhaya,Sexual Assault,2026-09-07,,,,,,Under Investigation,1,Business Standard,https://news.google.com/rss/articles/CBMi0wFBVV95cUxQM2t4VURWdnZZS04ySy0yR3RRX2RPN1RERllleFJ5RTFNYjgtaXVDVzdwdkM1RUtYa1NHaVcyQXBsU3FWbU4zZUd5c25Mdk1hZzFSWm80Vms1SVBSTmJQWTBwV0dmVGkyTWFHQ2tJMUpzRWF6N253TVRVUVB6YjZzTVlmYWo2b0ZIVi1rQTJ3MTh1VUZOZDEwWTRnQU9QWGwtV3QyMmI0MVRaU1RhT3A1bkxsUFFHWVdkUjNwN29EM2ROSklTaVRpQURQcUVteGVrMmQ40gHYAUFVX3lxTFBRVzhENXk1bkswamtPU3lpc3E4c2xDN0M4ZENoQVN2cENLOTRhVTgzR244bUJ1c2xMaDg5Y0cwZGhQcW5MbHlhVHliR2VaN29kLS1oODBRNDJ2MmdkczNMTThMY01yYm5RcEVkY2I1YnF2VUFhZ2NzRXlJcjZnSUhKTVdSZ3RKOUREYXFMNmFZVjBlZU5ZRmw5bl9jRmNXTDNFZ1ZscmFmaVljM1Z3N3dod0JkZ1lrSmVrWTRCZk1ZbGNoQjc2RDRlbkEtRzlRR3NEdXJhUzcxdw?oc=5,"<a href=""https://news.google.com/rss/articles/CBMi0wFBVV95cUxQM2t4VURWdnZZS04ySy0yR3RRX2RPN1RERllleFJ5RTFNYjgtaXVDVzdwdkM1RUtYa1NHaVcyQXBsU3FWbU4zZUd5c25Mdk1hZzFSWm80Vms1SVBSTmJQWTBwV0dmVGkyTWFHQ2tJMUpzRWF6N253TVRVUVB6YjZzTVlmYWo2b0ZIVi1rQTJ3MTh1VUZOZDEwWTRnQU9QWGwtV3QyMmI0MVRaU1RhT3A1bkxsUFFHWVdkUjNwN29EM2ROSklTaVRpQURQcUVteGVrMmQ40gHYAUFVX3lxTFBRVzhENXk1bkswamtPU3lpc3E4c2xDN0M4ZENoQVN2cENLOTRhVTgzR244bUJ1c2xMaDg5Y0cwZGhQcW5MbHlhVHliR2VaN29kLS1oODBRNDJ2MmdkczNMTThMY01yYm5RcEVkY2I1YnF2VUFhZ2NzRX"
481,"‘Encounter’ killing raises more posers on Baruipur rape-murder case, say criminal lawyers",Sexual Assault,2026-09-07,,,,,,Under Investigation,1,Telegraph India,https://news.google.com/rss/articles/CBMi2AFBVV95cUxNYnFUWXdZOHp2TGF1UXcweWV5MVM1WWxYTlNVQXBSb01ZMDNmV1lmenRFaDNTQ1dDVnlTaldDVWNpcURvSUhGamRWSXQyTWdMY2RoYUR6Tml2NWVVaE9mVnN6aGhvdmNwNVAzRFl6dVd4SHpRRmRmZnJxWXpjTFJzT19Ba2N1c1JhM3FNZUJJSzFGbUtMbV9HR0NlQXRhN3Fvb1R5OVN6LU44Y0d1RGFsY0lPa3dsdjdTWEFLMzREQUxHOTYwajY1SDRPdzJLX2VMcFpTbW9jOGrSAd4BQVVfeXFMUG9rSXRtODlMbW1hZGNVdWphU3VEM2dfaG03TEltcXBoQkxiY0FIVHRoYlNoOGF4M0l4OVdtUjFlbGVXUGVmOXBCRFVtSlg3anY2ZWZGMEcydG5iVl8zbmJMaERSY3VJNnNJX3dPX2NycENZWGVWc0xHeEZMeDFQeTdPdXRNVWQzSmZ5a1BWdFJfalRKcl9RQnB6NmdTcXZsV29PTGd4WWJuZXpJemwyWU93aGU0dkpHN0pRRTFoR1U0bk1Xc2dIRlVCUHhEcGU3TER3aHNOX3ZPXzVBdWJ3?oc=5,"<a href=""https://news.google.com/rss/articles/CBMi2AFBVV95cUxNYnFUWXdZOHp2TGF1UXcweWV5MVM1WWxYTlNVQXBSb01ZMDNmV1lmenRFaDNTQ1dDVnlTaldDVWNpcURvSUhGamRWSXQyTWdMY2RoYUR6Tml2NWVVaE9mVnN6aGhvdmNwNVAzRFl6dVd4SHpRRmRmZnJxWXpjTFJzT19Ba2N1c1JhM3FNZUJJSzFGbUtMbV9HR0NlQXRhN3Fvb1R5OVN6LU44Y0d1RGFsY0lPa3dsdjdTWEFLMzREQUxHOTYwajY1SDRPdzJLX2VMcFpTbW9jOGrSAd4BQVVfeXFMUG9rSXRtODlMbW1hZGNVdWphU3VEM2dfaG03TEltcXBoQkxiY0FIVHRoYlNoOGF4M0l4OVdtUjFlbGVXUGVmOXBCRFVtSlg3anY2ZWZGMEcydG5iVl8zbmJMaERSY3VJNnNJX3dPX2NycENZWG"
392,Manoj Jarange Patil Warns Of Maharashtra Shutdown If Protester Is Injured During Mumbai March,Other GBV,2026-09-07,Mumbai,Mumbai,Maharashtra,19.076,72.8777,Under Investigation,1,Free Press Journal,https://news.google.com/rss/articles/CBMizAFBVV95cUxOSmNHOXU1bUY1eHozZ0lJWUZYcXQ1eE5ha3RLYlItdkJRelByc2J3N1M3RmhOajYwZkhxdTVHLTJlcDQ1MDJoSTBWV2FPR1Bvc045MWVLNkJULWdoWi15Q3RFTVI2bUF2OWtVNWxlX1dLLUNTTkR5aDBzaHhvQko0eWUybXZ1YlM4QnlUZnVwSXB6VDAxa1p6Z201bGJLTDgxclBWOUFta2tEN3dmUWxnVkVJLTd6X1BqM2NkbUotZ0tEUGlPSktBREVZNGLSAdIBQVVfeXFMT09PWlAxX1pUVk9FRXN4ckxYc29lWHFwZ0QtbzZ1V01UdFV5TTNHUVpGUHN6Sy1qVzBUS1JsenpHZEtqOVVDZ0hLLWdVNnFURHZXTm1odU95ajJDYlRiZVUwUllOa3dQNHM5MG9GeEttRVo1UzlrMHFTOFZpblpjV2NHR3JCWVdJeXk3d2FvTEZNazA2aUItV205NmxaRkxVUDl2TnBvQ1l3eC1ZbUVyQTdPdVJLcm42ZWtQOHhsSU53V0stUGxFUnZBbVFfTncwWkhB?oc=5,"<a href=""https://news.google.com/rss/articles/CBMizAFBVV95cUxOSmNHOXU1bUY1eHozZ0lJWUZYcXQ1eE5ha3RLYlItdkJRelByc2J3N1M3RmhOajYwZkhxdTVHLTJlcDQ1MDJoSTBWV2FPR1Bvc045MWVLNkJULWdoWi15Q3RFTVI2bUF2OWtVNWxlX1dLLUNTTkR5aDBzaHhvQko0eWUybXZ1YlM4QnlUZnVwSXB6VDAxa1p6Z201bGJLTDgxclBWOUFta2tEN3dmUWxnVkVJLTd6X1BqM2NkbUotZ0tEUGlPSktBREVZNGLSAdIBQVVfeXFMT09PWlAxX1pUVk9FRXN4ckxYc29lWHFwZ0QtbzZ1V01UdFV5TTNHUVpGUHN6Sy1qVzBUS1JsenpHZEtqOVVDZ0hLLWdVNnFURHZXTm1odU95ajJDYlRiZVUwUllOa3dQNHM5MG9GeEttRVo1UzlrMHFTOFZpblpjV2"
383,Bombay HC Sets Aside Death Sentence Of Man Convicted In 2016 Physiotherapist Rape-Murder Case,Sexual Assault,2026-09-07,Bombay,Bombay,Maharashtra,19.076,72.8777,Convicted,2,"Free Press Journal, The Times of India",https://news.google.com/rss/articles/CBMizAFBVV95cUxNLVl2M0tPVUx1Mjl3VGZTeTJNRWVSQmtoZGhJa2FuWDQtdFJ1NEczN2R4OWZzYTRubWM0RjVQZWhOMjhDbWhheGFoVGljRjYwMGlpYk5UbkNQUExVcm5HNW94b0pmQzNuVDRKbzNvdUZSQlZSNkg2aE9tSllpRmF5NVlLSjBNZGdubWQ4UmZXNDU3Vzh2aFBUMUIzdzZ2cTlibVVYREE3ZUhYZWRXcWpHeXdmMW5zR29CeFhzS1pkcDNlclRER3gwLTJtRHnSAdIBQVVfeXFMTWZQMHlTNV8xaG1pQm12ZEpWRWlHTnpIREFjMXJraGVtNUsyOEhsYmlJQTdPSG0xRlBfOG1nZFBQb2pTdWdEZTJuMzdHSDBlUmFhUlIwNVpHZjdKbF9kLURSRDJnMjFGTUF3TnJsb2JvMUxXWlA5NDJITldXZWRvMjdkS3VibkFsbzZfdWkwSmRmZEl6dFBxQjVmc1diMWRXZ01tYnNkYy0yTmo2STNPR2NfaHAxTmVJTjduRS1lemttNnJvZjE0ODdGaFExUmlGeUhn?oc=5,"<a href=""https://news.google.com/rss/articles/CBMizAFBVV95cUxNLVl2M0tPVUx1Mjl3VGZTeTJNRWVSQmtoZGhJa2FuWDQtdFJ1NEczN2R4OWZzYTRubWM0RjVQZWhOMjhDbWhheGFoVGljRjYwMGlpYk5UbkNQUExVcm5HNW94b0pmQzNuVDRKbzNvdUZSQlZSNkg2aE9tSllpRmF5NVlLSjBNZGdubWQ4UmZXNDU3Vzh2aFBUMUIzdzZ2cTlibVVYREE3ZUhYZWRXcWpHeXdmMW5zR29CeFhzS1pkcDNlclRER3gwLTJtRHnSAdIBQVVfeXFMTWZQMHlTNV8xaG1pQm12ZEpWRWlHTnpIREFjMXJraGVtNUsyOEhsYmlJQTdPSG0xRlBfOG1nZFBQb2pTdWdEZTJuMzdHSDBlUmFhUlIwNVpHZjdKbF9kLURSRDJnMjFGTUF3TnJsb2JvMUxXWlA5NDJITldXZWRvMj"
302,"Jharkhand HC: Entering woman’s house, lifting clothes not attempt to rape without overt act",Sexual Assault,2026-09-07,Jharkhand,Jharkhand,Jharkhand,23.6102,85.2799,Under Investigation,1,The New Indian Express,https://news.google.com/rss/articles/CBMi1gFBVV95cUxObkFFUllkYUFVSTdHLVZjbGhfZUV2MUZKaXZnTFk5RWtyZXk3Y3ZodnB1b3hBU1ROOFZFRXNfWjdHWVhpbjB2QXpBUXludTRVS0RUc0NWMkFiT0FwOXItLVJfVnJZTWtwZW1EUktmOG11d1ZYSWlQa0xqVlJmN0VMcjc0c1dnRlU5Z3FKQnFxbGNETzJteGdBNl85ZFFDRmkwaV9Wb2dDSVdFTzc5WUZsb2NRNFE2SXNnaUxDdV9aRjZYS0JyT1F2YUo1TWpOT1J3Q04wb01n0gHjAUFVX3lxTFBBQjZfbXRCTWJUOTlEZXcwc3FocnhRRldEaHhUbHpDZUtDdkpoWWJweHdKcmlEUEFFY0V0NzlXdm10UXVsbG9XS0N0VUphSG9vVXBzWTN0eTVWeElCRjdBdnVGVFpuMGRWWHNOZmsxNjhFVW1zMHV5VDI4TjJYS0VjM2JnSE5zZHFISmd3VGp5SzNrd2xGa2VYc0w2ZnIwQmdWMUNvR3hTN0F5R3BOWHY1TjBJUVRNcFd0a2hSaFY4NDcxZ0swRmZtZDRkUzZKWU85SmV2NnlCRkVHXzdPYjk0Y1U4?oc=5,"<a href=""https://news.google.com/rss/articles/CBMi1gFBVV95cUxObkFFUllkYUFVSTdHLVZjbGhfZUV2MUZKaXZnTFk5RWtyZXk3Y3ZodnB1b3hBU1ROOFZFRXNfWjdHWVhpbjB2QXpBUXludTRVS0RUc0NWMkFiT0FwOXItLVJfVnJZTWtwZW1EUktmOG11d1ZYSWlQa0xqVlJmN0VMcjc0c1dnRlU5Z3FKQnFxbGNETzJteGdBNl85ZFFDRmkwaV9Wb2dDSVdFTzc5WUZsb2NRNFE2SXNnaUxDdV9aRjZYS0JyT1F2YUo1TWpOT1J3Q04wb01n0gHjAUFVX3lxTFBBQjZfbXRCTWJUOTlEZXcwc3FocnhRRldEaHhUbHpDZUtDdkpoWWJweHdKcmlEUEFFY0V0NzlXdm10UXVsbG9XS0N0VUphSG9vVXBzWTN0eTVWeElCRjdBdnVGVFpuMGRWWHNOZmsxNjhFVW1zMH"
276,Noida teen gang rape case: Bus registered in april had 12 traffic challans by July,Sexual Assault,2026-09-07,Noida,Noida,Uttar Pradesh,28.5355,77.391,Under Investigation,1,The Times of India,https://news.google.com/rss/articles/CBMi5wFBVV95cUxPREtLcjFwRFNKS1U3M3lraGVpM2FKSFNhQjBYZ2FYR3d6RlFxWmVFYUEzODZfMzRlcHdpR2JtOFhFUldHY2JVWTdlQWJMUk54WDRIZzhMRkdreXZMOE1TbFJjYUw3Ry1TaGl3c1E2eDJ2LXZVVHVXOFNXRXJZTXJSZFNIS0gwX0JRWUFGNmNaVHByeVY3TVhKNVNkeHdpcVBGeVVoS1IweHVjWUk4REd3WVZPc2tkN2pXcTUwU2FGMFBOci1kSHNWVVFrd0UzTE8wdjdpeUpyVXR2RzY0X1VFRDRxSzZlRkXSAewBQVVfeXFMT2g3T2Y4bE1JdlIzbTFKYUUwWk1hUndoOEd1aTRtQXZTQWI1VkJSeUJwekhCbnhBOEhBMmVUUGoxVUx5Sk4wb0VhcW9kRFhxYWl2QVo1YnI2STFHZ0dtOEppYTJRM3BNeWNQSUlRLUdGczBBSDBGeV9mem0tQU1yQ2J2SVJjVHFvdjdRWFV3b3I4N3JIcE1lc2dWd0lRQ1dJZWZlejFGYTlRRFdRNG5uNWZFVmoyWFRaZGx3UWhkMzRrV1VGZ2VwcnFRbUVMNkpyaTNwdmRTNS14akdjS1MwV3lucHJhUmZ3b3NSU1E?oc=5,"<a href=""https://news.google.com/rss/articles/CBMi5wFBVV95cUxPREtLcjFwRFNKS1U3M3lraGVpM2FKSFNhQjBYZ2FYR3d6RlFxWmVFYUEzODZfMzRlcHdpR2JtOFhFUldHY2JVWTdlQWJMUk54WDRIZzhMRkdreXZMOE1TbFJjYUw3Ry1TaGl3c1E2eDJ2LXZVVHVXOFNXRXJZTXJSZFNIS0gwX0JRWUFGNmNaVHByeVY3TVhKNVNkeHdpcVBGeVVoS1IweHVjWUk4REd3WVZPc2tkN2pXcTUwU2FGMFBOci1kSHNWVVFrd0UzTE8wdjdpeUpyVXR2RzY0X1VFRDRxSzZlRkXSAewBQVVfeXFMT2g3T2Y4bE1JdlIzbTFKYUUwWk1hUndoOEd1aTRtQXZTQWI1VkJSeUJwekhCbnhBOEhBMmVUUGoxVUx5Sk4wb0VhcW9kRFhxYWl2QVo1YnI2STFHZ0dtOEppYTJRM3"
197,"In court Tuesday: Benton County shooting, rape, sex offender suspects",Sexual Assault,2026-09-07,,,,,,Under Investigation,1,nwahomepage.com,https://news.google.com/rss/articles/CBMiuwFBVV95cUxPRm9lemdrV0NqZGd0MnlpNzlQNnNnSWt6aGtEcmpuQXNxcnY3SVlLc08tSjQtLXluUDBfcGs0Zjh4eVlfZDRpSWFSQUdXSFZyN0lhOUNBTkY2UmJuc1FfSE5tLXJPRWlsRUJLdjVaYVRTbjdfa1BmOXNkVzBPZkVyU29qcV9icHRKSWxMRzA4b2o1VHBrWXdQdHN4dllWZGZCYm1EZGcxSDBUMlM3eUttZk1DR19jeGNPdHBr0gHAAUFVX3lxTFBlRWEyckh1SlQyNHF4N3FlOTdrNzR5ZEdCLWVlWWJlb3VEOFg3clRrMGwwMEVCN2FPZEdjTFAtRDNKX1h4ZHB3bEtoUjRTWDdDOGFLV1BkSmprUjhNbE1UVVgxc2FPN2lCWEZIQmhMVjFsRnhKRm5HT284OGRJcVVJUERvaVVXel9kRXNVOGpzSmlEeGpQVmk3OG9WNnRieWxsYlI4alZueGdCaFFiTktBckJxekhMSDJ6VHhXOXZxZw?oc=5,"<a href=""https://news.google.com/rss/articles/CBMiuwFBVV95cUxPRm9lemdrV0NqZGd0MnlpNzlQNnNnSWt6aGtEcmpuQXNxcnY3SVlLc08tSjQtLXluUDBfcGs0Zjh4eVlfZDRpSWFSQUdXSFZyN0lhOUNBTkY2UmJuc1FfSE5tLXJPRWlsRUJLdjVaYVRTbjdfa1BmOXNkVzBPZkVyU29qcV9icHRKSWxMRzA4b2o1VHBrWXdQdHN4dllWZGZCYm1EZGcxSDBUMlM3eUttZk1DR19jeGNPdHBr0gHAAUFVX3lxTFBlRWEyckh1SlQyNHF4N3FlOTdrNzR5ZEdCLWVlWWJlb3VEOFg3clRrMGwwMEVCN2FPZEdjTFAtRDNKX1h4ZHB3bEtoUjRTWDdDOGFLV1BkSmprUjhNbE1UVVgxc2FPN2lCWEZIQmhMVjFsRnhKRm5HT284OGRJcVVJUERvaVVXel9kRXNVOGpzSm"
161,Two men accused of Galway rape remanded in custody,Sexual Assault,2026-09-07,,,,,,Arrest Made,1,RTE.ie,https://news.google.com/rss/articles/CBMiekFVX3lxTE5LeE5HbTNiSllWUDJ5c2NhSTZITFRKV2hHV2d3OExqRnJyTHluVDVlYkRMWHl3aEZfWFRELUxfUHFJUkJzaWJCR2owS1RqelJ0dUhGNHBkXzJkTjBiVFc2RkRmcENJVjE2d21OR3lyMGQxdVRXQ2RncGRB?oc=5,"<a href=""https://news.google.com/rss/articles/CBMiekFVX3lxTE5LeE5HbTNiSllWUDJ5c2NhSTZITFRKV2hHV2d3OExqRnJyTHluVDVlYkRMWHl3aEZfWFRELUxfUHFJUkJzaWJCR2owS1RqelJ0dUhGNHBkXzJkTjBiVFc2RkRmcENJVjE2d21OR3lyMGQxdVRXQ2RncGRB?oc=5"" target=""_blank"">Two men accused of Galway rape remanded in custody</a>&nbsp;&nbsp;<font color=""#6f6f6f"">RTE.ie</font>"
106,"""What Is Unions' Stand?"" Supreme Court Asks As Marital Rape Petitions To Be Heard On Sept 9",Domestic Violence,2026-09-07,,,,,,Under Investigation,1,LawBeat,https://news.google.com/rss/articles/CBMixAFBVV95cUxQbUhYM2l5RFNrRzRyeGJpeEN4MlI3WVk0cEJ6R2w3MW5hajhYZTdBalBsQzREN1hiTWpUeU9qNklCUjZtOG51Sk5mODVYRWRhODFkcWFXNF92XzZ4VGJHRG5lblpWYTUxN0V4dFhxd3cwbVhiSlY2b21HSUp1LW91MHRhOG5QSEhWUmx3dmtCaldzSV9sc3lLMTdTVUJFbmVwNzU4UUtTeXAtUWJzS1FsU3hpTXdLQklreURuN0x0T3RvejFi0gHKAUFVX3lxTE8xUTFPdG1JMUp5eUc0TGxPaVl1YUVETTVVenlHcVc3T0xpaXVWNi1EOGlwWGdzcHBvLTJxOUdGYTdYUTQ1UGlWSkVFTjhfeFFtbFpZOGE0OGhOY1FFTkJVQlEwRUlzSjRqZThuLXNLaGJPaDRocHpyWjZpVV90LXdqSHVJWmtoQmxtTWhfQ2xiT2dld2U3TzVjYWpZUVE4Z2Z5YWNwcjRwSi11VVQ5cHlfWFNwdVBUV083ZTdwZEtFUkxDaFowT0pkbEE?oc=5,"<a href=""https://news.google.com/rss/articles/CBMixAFBVV95cUxQbUhYM2l5RFNrRzRyeGJpeEN4MlI3WVk0cEJ6R2w3MW5hajhYZTdBalBsQzREN1hiTWpUeU9qNklCUjZtOG51Sk5mODVYRWRhODFkcWFXNF92XzZ4VGJHRG5lblpWYTUxN0V4dFhxd3cwbVhiSlY2b21HSUp1LW91MHRhOG5QSEhWUmx3dmtCaldzSV9sc3lLMTdTVUJFbmVwNzU4UUtTeXAtUWJzS1FsU3hpTXdLQklreURuN0x0T3RvejFi0gHKAUFVX3lxTE8xUTFPdG1JMUp5eUc0TGxPaVl1YUVETTVVenlHcVc3T0xpaXVWNi1EOGlwWGdzcHBvLTJxOUdGYTdYUTQ1UGlWSkVFTjhfeFFtbFpZOGE0OGhOY1FFTkJVQlEwRUlzSjRqZThuLXNLaGJPaDRocHpyWjZpVV90LXdqSHVJWmtoQm"
570,Study in Chennai's Choolai reveals hidden mental health burden of domestic violence,Domestic Violence,2026-09-06,Chennai,Chennai,Tamil Nadu,13.0827,80.2707,Under Investigation,1,DT Next,https://news.google.com/rss/articles/CBMisgFBVV95cUxPSFo2ejlLMHZLVUdOanQ1Y0FaZ1c1NXhLYUhjRGtWTm5OTnhnN1ptcEVfWHJZRFRDWmFtT2JwclRRalo4Z21GQWtxUmtYRC1QVG9XVXh6d0xHRjg3OENpOGMtTHZLeEtxWDBQUjBMUURjejk3Unk1NWhhZWRjdldYb0tlcTBxY1ZFR3c1bHY4RHlvSnl4Y0tJOEVtcUdPMXF6V0FtR19QLV9McnhzNGZpVWJR0gG_AUFVX3lxTFB0TTBsXy1jZFVSYkNhM0ltd2otbThlYktCUEFPX2NYNXB0UXV0elAxNW5KeENLbE00RDFtODJ4Ui1qXzlaMG5FNUs2OGxidlJZR0RXYXBRekZRUWNOQUpkN01MNS1Mc0RXcWNDX2gtNnVPY1hwMUk4cXQxYjJIN1d1dnptN2FXVVBnYXRSY21lRzFWQlJIZ1QzeVBJT25Sczh4OGotUXI1UlljRmVfZkUtYlgyNzdkbE8xMTRucXdr?oc=5,"<a href=""https://news.google.com/rss/articles/CBMisgFBVV95cUxPSFo2ejlLMHZLVUdOanQ1Y0FaZ1c1NXhLYUhjRGtWTm5OTnhnN1ptcEVfWHJZRFRDWmFtT2JwclRRalo4Z21GQWtxUmtYRC1QVG9XVXh6d0xHRjg3OENpOGMtTHZLeEtxWDBQUjBMUURjejk3Unk1NWhhZWRjdldYb0tlcTBxY1ZFR3c1bHY4RHlvSnl4Y0tJOEVtcUdPMXF6V0FtR19QLV9McnhzNGZpVWJR0gG_AUFVX3lxTFB0TTBsXy1jZFVSYkNhM0ltd2otbThlYktCUEFPX2NYNXB0UXV0elAxNW5KeENLbE00RDFtODJ4Ui1qXzlaMG5FNUs2OGxidlJZR0RXYXBRekZRUWNOQUpkN01MNS1Mc0RXcWNDX2gtNnVPY1hwMUk4cXQxYjJIN1d1dnptN2FXVVBnYXRSY21lRzFWQlJIZ1QzeV"
540,Four schoolboys held for sexual assault on girl in Tiruchy,Sexual Assault,2026-09-06,,,,,,Arrest Made,1,The New Indian Express,https://news.google.com/rss/articles/CBMivgFBVV95cUxQZm13X2JlbnhuVERGVTlmSjhDSFlvQ251YkdqRlZsWC1NQ0pCcEQ4RXpsZDZHY09Uc2Q2WjZ3em5nMU5MR1Z2d21QcTM3SGZlUVpHMG1UZy1hcGUxajVOMXZIZGxvUFRQdkhPbEJMdHJkc21MeUlvOW5CSk1vWTdPWUFSUXZvOWw4WXkzRlJZTmoyUW5lZEJFNkR6MEtlZm5WS0k3SnlTSThaSk5ZMWN5bGRlNDMzTE5nR19ScUNR0gHLAUFVX3lxTE5MZnB0b3dCWWNkZTNvNW90dzFObWV2MHNOdW9MT21IRFZWcFRfM2k5M0ZoTGhJQ0pBWFFlTnQ0ZEdwQ0piOWdITzhNTjlPRkxydkZINTE3M1ZWTS1mWDByUldycXNaOHB2SjZRT1hzR2ZJTnBtX01FVUdjVkNYZzlpcFV6VV9jSlB1UmtJV1Q2NnpXWXRuWmJmRG1Ta19mQUhZZHlsRWFTQ1pYSmtVYmp5dTc3M2tLeTRNbnpNWVQtY045bDhaT3RxY2Nn?oc=5,"<a href=""https://news.google.com/rss/articles/CBMivgFBVV95cUxQZm13X2JlbnhuVERGVTlmSjhDSFlvQ251YkdqRlZsWC1NQ0pCcEQ4RXpsZDZHY09Uc2Q2WjZ3em5nMU5MR1Z2d21QcTM3SGZlUVpHMG1UZy1hcGUxajVOMXZIZGxvUFRQdkhPbEJMdHJkc21MeUlvOW5CSk1vWTdPWUFSUXZvOWw4WXkzRlJZTmoyUW5lZEJFNkR6MEtlZm5WS0k3SnlTSThaSk5ZMWN5bGRlNDMzTE5nR19ScUNR0gHLAUFVX3lxTE5MZnB0b3dCWWNkZTNvNW90dzFObWV2MHNOdW9MT21IRFZWcFRfM2k5M0ZoTGhJQ0pBWFFlTnQ0ZEdwQ0piOWdITzhNTjlPRkxydkZINTE3M1ZWTS1mWDByUldycXNaOHB2SjZRT1hzR2ZJTnBtX01FVUdjVkNYZzlpcFV6VV9jSlB1UmtJV1"
525,Bengal Police start probe against Trinamool legislator after rape complaint,Sexual Assault,2026-09-06,Punjab,Punjab,Punjab,31.1471,75.3412,Under Investigation,1,Punjab Kesari English,https://news.google.com/rss/articles/CBMitgFBVV95cUxQZlhDQm9xd3hzTlFNbmlvUnJ4bF9DSG9CTFZQcUJMaGxoRDlrOHJKbjRTbXk4YWFwVndXUWtzRlZqTzctS3p3aWlRMTZsQ1pUTUV4TnFEYXpEY09zNy0yZkNhSTN6MGpHSFg5SU1WdHVoMTdRMkJSWXl2Qm14Qjdxa1VYVzVnRmp2bmF6aVZZU2hiZGZjYWNFSFMzS2VLdzJWLS1MazUxUkR0TWZnZm5rQVNlbzJPQdIBuwFBVV95cUxPcVlFckNlNjZKZ0UyZDB3VnhVMkNNUS1nanh6bEZ1M0tIQ3FieFVBOGpmTTE1czN5ZFJiMzlyQnBvVFRmelZlS3RLb0JYYTdrV3dvTjkyYTBzbW5Pc2xmSWtTYW1heU9HNmo5T052TXpyUnMxRFYzOGh1Sy1LQTZsVTZ3S3B1MnpnSlNIVGhfYjJ3Q3VBTTA1cWowQXh5MFViMHlUTW9DVXJfX3pHRUhKQzZmQ0VLM1I1QTJV?oc=5,"<a href=""https://news.google.com/rss/articles/CBMitgFBVV95cUxQZlhDQm9xd3hzTlFNbmlvUnJ4bF9DSG9CTFZQcUJMaGxoRDlrOHJKbjRTbXk4YWFwVndXUWtzRlZqTzctS3p3aWlRMTZsQ1pUTUV4TnFEYXpEY09zNy0yZkNhSTN6MGpHSFg5SU1WdHVoMTdRMkJSWXl2Qm14Qjdxa1VYVzVnRmp2bmF6aVZZU2hiZGZjYWNFSFMzS2VLdzJWLS1MazUxUkR0TWZnZm5rQVNlbzJPQdIBuwFBVV95cUxPcVlFckNlNjZKZ0UyZDB3VnhVMkNNUS1nanh6bEZ1M0tIQ3FieFVBOGpmTTE1czN5ZFJiMzlyQnBvVFRmelZlS3RLb0JYYTdrV3dvTjkyYTBzbW5Pc2xmSWtTYW1heU9HNmo5T052TXpyUnMxRFYzOGh1Sy1LQTZsVTZ3S3B1MnpnSlNIVGhfYjJ3Q3VBTT"
503,"RG Kar victim’s mother demands expansion of probe, asks why Mamata isn’t in jail",Other GBV,2026-09-06,,,,,,Under Investigation,1,The Indian Express,https://news.google.com/rss/articles/CBMi0gFBVV95cUxOc3dwc3luTjktRkdXa3ZybWlIYnhXM1VUMi12SENQRmE2M3NmeEVMOUt4MWRyRUYxUzlFdWV5RHo2VVlFTGlBdTM2dFlrM29ORmhUREhyU3VkMEd0cExnNzRoMnNGaVRUWDVJMlRiNXlaamVoaWQ0QzQ4OFpDNFl0eHpzd3JZRjBUMktnMXFaaFFGRERiZ21MZTRLNzEwWkVqOUFsLUF0WHlOR2lCY2F1VXhoLWo2WmpuTG40OXUwWlUza00xcEJMVXdKN185ZXhWX3fSAdgBQVVfeXFMUE5iaWx5el83a0xUWGRVcUQyQmhDM0xsYk95VUh3YWdBdGJlU2RzTUFMZDBiOXlfanFleXRtUEZsM29selpYZEJmWkJUeXA1SDlOOE1fVU5Ta1Bob2N2bkdLZ0xOeHdZSk40bGNHVVZWVU9VZVpsa3pBTkFmc0txcGl0ell0ckhQVTlvRm1zRi1ueHpQamlxU0tpZWY4d0hPRDZuc3UwellpRnpQYTlyWVd3Q0dVVll6NHpDNHBCRzdqQlRwcWxFVUN4SHpWWjJreElIS2FYVzhj?oc=5,"<a href=""https://news.google.com/rss/articles/CBMi0gFBVV95cUxOc3dwc3luTjktRkdXa3ZybWlIYnhXM1VUMi12SENQRmE2M3NmeEVMOUt4MWRyRUYxUzlFdWV5RHo2VVlFTGlBdTM2dFlrM29ORmhUREhyU3VkMEd0cExnNzRoMnNGaVRUWDVJMlRiNXlaamVoaWQ0QzQ4OFpDNFl0eHpzd3JZRjBUMktnMXFaaFFGRERiZ21MZTRLNzEwWkVqOUFsLUF0WHlOR2lCY2F1VXhoLWo2WmpuTG40OXUwWlUza00xcEJMVXdKN185ZXhWX3fSAdgBQVVfeXFMUE5iaWx5el83a0xUWGRVcUQyQmhDM0xsYk95VUh3YWdBdGJlU2RzTUFMZDBiOXlfanFleXRtUEZsM29selpYZEJmWkJUeXA1SDlOOE1fVU5Ta1Bob2N2bkdLZ0xOeHdZSk40bGNHVVZWVU9VZVpsa3pBTk"
483,"Woman Accuses Trinamool MLA Of Raping Her In 2023, Bengal Police Launches Probe",Other GBV,2026-09-06,,,,,,Under Investigation,1,ETV Bharat,https://news.google.com/rss/articles/CBMitAFBVV95cUxQSFR0V2xTUDNNbThyOE1GRVMxdjZhb0pYdFU2VVladDI3d09kVjQwTDh1VjBuRmNIb1ZYZzNtdUxINVJUUGRnbVJVWEEwQTBjODdnOW9ITm9UeHQ0S0dWcEJwSHpWSkJOOHBRZlYtSXd4emlSTWFYcTQ3RVgzbUEzb3E1cWhLZkhnQ1c0NER0YXFuMWlNWldIN2ttODgxUXMyUEs1VG5ITXBEUTB4eWpPTUNfQmrSAboBQVVfeXFMTlhUNU9QLUhfMW9UQWo5TFpjczhQV1E4bjBtTkl5NDVobkxnR0k2Sl9QOXZYbFpiUTRldXA4SHluMVhTX09ackNMSElxVmVWRnVKZ0tRVFFEekQ4OG4xTVhfbHA3OHpraHlfV2hhdWZ3LTBDYkxaQ1RuZEpNYWpGaHlYUGwzV2VNOXdzRjZ4MFVLYTVaRDVJZjJBQUEwZUVKVkN1VHlwTVZGYWQ2dncxbDhqNUwtN0tWeEN3?oc=5,"<a href=""https://news.google.com/rss/articles/CBMitAFBVV95cUxQSFR0V2xTUDNNbThyOE1GRVMxdjZhb0pYdFU2VVladDI3d09kVjQwTDh1VjBuRmNIb1ZYZzNtdUxINVJUUGRnbVJVWEEwQTBjODdnOW9ITm9UeHQ0S0dWcEJwSHpWSkJOOHBRZlYtSXd4emlSTWFYcTQ3RVgzbUEzb3E1cWhLZkhnQ1c0NER0YXFuMWlNWldIN2ttODgxUXMyUEs1VG5ITXBEUTB4eWpPTUNfQmrSAboBQVVfeXFMTlhUNU9QLUhfMW9UQWo5TFpjczhQV1E4bjBtTkl5NDVobkxnR0k2Sl9QOXZYbFpiUTRldXA4SHluMVhTX09ackNMSElxVmVWRnVKZ0tRVFFEekQ4OG4xTVhfbHA3OHpraHlfV2hhdWZ3LTBDYkxaQ1RuZEpNYWpGaHlYUGwzV2VNOXdzRjZ4MFVLYTVaRDVJZj"
476,"When the left ruled Bengal, how did Sutia become a ‘Rape village’? Do you know the story of Barun Biswas",Sexual Assault,2026-09-06,,,,,,Under Investigation,1,Organiser,https://news.google.com/rss/articles/CBMi0gFBVV95cUxQUVJZUWw4V0JWbzNNREdjal9JLU5TMXdCRWNMUkN5Tm55TkZFWHpJbnowUUo4N3MwUWlvLTdfZ1k1RjVoN2RlTm5za0h2c1dkYkIxTlZlbnZpbE9zcTcweWN0Unlyc3RyMkVMOW10U3FSRHpTbWVOVXJzZk9wSjhHdnFocmdlOTE3M09INlQ2NTMzc0t1dUpGT2hTdnczbGQ4MG52c0lXNlhacGlPRmdHOWV3aUNxREJCdGhiVDJKZ3hvWllJTWoyQ082bzhBNmlyaVHSAdcBQVVfeXFMTU9id0xVRVQ3ak92RllHYkJCUUd6UlViTzJJdUF4dUVBUlNCYmtabFlnMHROTUxRd0NVTEZLVUJuMDhleUJUNF9qU1JzMllhRUVTWHhaZVk0cnF6NW1hNWZXLTA2V24tWnduTXFxZjBZM0VIc2hiWGh6U1VsVUlwaFlyUWdSMVJnbHo1Vm1fQWVPcUxvZ2JSUml1WHFsdGJVbm5MdnRzQXVTanN3bUhBcWRxTFZpcTJvcEhsZzlXUGFvVHIyVTRfMFYzbmctRUNYSVNSN2lNQlE?oc=5,"<a href=""https://news.google.com/rss/articles/CBMi0gFBVV95cUxQUVJZUWw4V0JWbzNNREdjal9JLU5TMXdCRWNMUkN5Tm55TkZFWHpJbnowUUo4N3MwUWlvLTdfZ1k1RjVoN2RlTm5za0h2c1dkYkIxTlZlbnZpbE9zcTcweWN0Unlyc3RyMkVMOW10U3FSRHpTbWVOVXJzZk9wSjhHdnFocmdlOTE3M09INlQ2NTMzc0t1dUpGT2hTdnczbGQ4MG52c0lXNlhacGlPRmdHOWV3aUNxREJCdGhiVDJKZ3hvWllJTWoyQ082bzhBNmlyaVHSAdcBQVVfeXFMTU9id0xVRVQ3ak92RllHYkJCUUd6UlViTzJJdUF4dUVBUlNCYmtabFlnMHROTUxRd0NVTEZLVUJuMDhleUJUNF9qU1JzMllhRUVTWHhaZVk0cnF6NW1hNWZXLTA2V24tWnduTXFxZjBZM0VIc2hiWGh6U1"
473,"14-year-old gangraped in Durgapur, friend and 3 others held",Sexual Assault,2026-09-06,Durgapur,Durgapur,West Bengal,23.5204,87.3119,Arrest Made,1,Telegraph India,https://news.google.com/rss/articles/CBMitAFBVV95cUxOcXc1SGxWclJKWWJYNWdtVW9aOGx6cXlTa3RHOEh6ZWdITFlGR093NkFXMk1UYXRURERoQ1lyYlEzRUE5Z1BEN0E5M3pkZGdsTktqWlFpU0pvLUFDakJYVThjTW1lTEg0NVVUM2tBelZKTTNFQ1RZUXR5LThhN2FlbnYwZlhUaFN4QkJGWDY3Rjl6bGlLeXhxU1dpU2U2dk5XWWFJZlhubUNqMzhTQkw4M09udkLSAboBQVVfeXFMTUpCYVB6TXlfVkRibU8tSEVJdkZUNm1RWHk1YUJHMWZSRU9YMXQ1SGxqNGFWaHdFWWZRdWN2S0lPSDVaTkx0YXBUNDMxV0JTbjVLdlpDcUVacTgtMFRzNkZtX3J0cVhZN1lwdUpPeWRMRWpOTVd0dmc4QllwYnB4OVFnSk8xX1I1ZDlYeVIwM3FrbFZ2ZlpFNmYzX3dZc21kTWdDcXVjbHVrTFRzUW9OYXJ2Uy1SNEMxc19B?oc=5,"<a href=""https://news.google.com/rss/articles/CBMitAFBVV95cUxOcXc1SGxWclJKWWJYNWdtVW9aOGx6cXlTa3RHOEh6ZWdITFlGR093NkFXMk1UYXRURERoQ1lyYlEzRUE5Z1BEN0E5M3pkZGdsTktqWlFpU0pvLUFDakJYVThjTW1lTEg0NVVUM2tBelZKTTNFQ1RZUXR5LThhN2FlbnYwZlhUaFN4QkJGWDY3Rjl6bGlLeXhxU1dpU2U2dk5XWWFJZlhubUNqMzhTQkw4M09udkLSAboBQVVfeXFMTUpCYVB6TXlfVkRibU8tSEVJdkZUNm1RWHk1YUJHMWZSRU9YMXQ1SGxqNGFWaHdFWWZRdWN2S0lPSDVaTkx0YXBUNDMxV0JTbjVLdlpDcUVacTgtMFRzNkZtX3J0cVhZN1lwdUpPeWRMRWpOTVd0dmc4QllwYnB4OVFnSk8xX1I1ZDlYeVIwM3FrbFZ2ZlpFNm"
407,"MP Shuttlers Shine At Yonex-Sunrise West Zone Badminton Championship, Secure Overall 2nd Place",Other GBV,2026-09-06,Madhya Pradesh,Madhya Pradesh,Madhya Pradesh,22.9734,78.6569,Under Investigation,1,Free Press Journal,https://news.google.com/rss/articles/CBMizAFBVV95cUxOWnhOTmhfVzlGY0tVbFhGNERSWlFQTnExZ2hkR19ZR3E5b1FnTXI0OGtIdnEyX1dhMmxlMTFwcW0wdTN4VzZsSjRNeFdTUHRPTDJ2Yk5hTEFmcWJnRXBHREd1Z19na005djVZc1NiVU5vakdTdzFaYjBReW1sU29Pdk53My1nb2xpMFlyU21Nelp6MmM1WW0wZlpDOWlLSWZTRVJfbGZVTE5aS1FMS0xzekpuczNkd0tUUmJ5YjhYcGdENDhCWC04OVBrMXbSAdIBQVVfeXFMUHljVDVvT195aXFPQXM5My1uanpnaFBOdldpdnNwbjU1RjB1RWVyYmtaSXVabGlRdjNJOFJKZ2VNVmhSMHpfMThGb0hkY0hBXy02Vk03MmczTWZSSGVadTVyZTRvTUk4U0V4dk9saHh4alRyWC00UWxtSlM3SHp6TlNLc0NEd0dQQ0dXM0ExNnZSaS1QVjJLNFVXZHhhc21OWmgxN2ZWd2Q1d3l3TmRnSzh5WVFqZ1l4dEVqM2hnQ3BnWVM4SngwdXdIYU1Rd25nYjR3?oc=5,"<a href=""https://news.google.com/rss/articles/CBMizAFBVV95cUxOWnhOTmhfVzlGY0tVbFhGNERSWlFQTnExZ2hkR19ZR3E5b1FnTXI0OGtIdnEyX1dhMmxlMTFwcW0wdTN4VzZsSjRNeFdTUHRPTDJ2Yk5hTEFmcWJnRXBHREd1Z19na005djVZc1NiVU5vakdTdzFaYjBReW1sU29Pdk53My1nb2xpMFlyU21Nelp6MmM1WW0wZlpDOWlLSWZTRVJfbGZVTE5aS1FMS0xzekpuczNkd0tUUmJ5YjhYcGdENDhCWC04OVBrMXbSAdIBQVVfeXFMUHljVDVvT195aXFPQXM5My1uanpnaFBOdldpdnNwbjU1RjB1RWVyYmtaSXVabGlRdjNJOFJKZ2VNVmhSMHpfMThGb0hkY0hBXy02Vk03MmczTWZSSGVadTVyZTRvTUk4U0V4dk9saHh4alRyWC00UWxtSlM3SHp6Tl"
385,"Palghar: Nalasopara Women Get 24/7 Lifeline As Sakhi Centre Offers Medical, Legal Aid & Shelter",Other GBV,2026-09-06,Palghar,Palghar,Maharashtra,19.6967,72.7699,Under Investigation,1,Free Press Journal,https://news.google.com/rss/articles/CBMiyAFBVV95cUxNeTZLNS1MMWVBRlRTb2Y1SEpaYkVfVnEtWHV2eUxFaTJPeTkzdW92R2tEMm9kaEE2VHAtX2lCcnlXOUoxdk5BeklNX1A5MXktZ1ktb0dhb0dIclB6OFppTTZDMjlMckJiT1VVQkVwMmxxNFZVV290cy01YUszd1NpaUFkQkxraXNkUUlnR1BlRk1YdzlXTkpsMTNmeC1zVlZqaUx6TVVhcjJvLWVHN2k4M2c0TXJyUWIyeEFmS2pfVlE3WGVXWHFKRNIBzgFBVV95cUxPNElDNFlfZ2h0LXBqYWxNMjQ1dnpjNlVGN3ZEem9FbjVGTDhwYjRIZmlndjRsbDA0dmdCZVJQeGR6N0o4VTg3WUtGTUpCSm1yUlMxRzRZR0Q0cGRZdkN1bm5JNjBpNEd1Ylc2UXZEWXUySnV1WS1HTVFpaWlWTUtjbkdMazB5S0dtVDQ0Y09KZWNKRGVqX2VqeEtuakpOQjJWc1UwS3dOdkhndmhnWTZtQ2xoV0tsYmpzNG1Za3VTMEFRS3QzM1lqbkJfc3BpQQ?oc=5,"<a href=""https://news.google.com/rss/articles/CBMiyAFBVV95cUxNeTZLNS1MMWVBRlRTb2Y1SEpaYkVfVnEtWHV2eUxFaTJPeTkzdW92R2tEMm9kaEE2VHAtX2lCcnlXOUoxdk5BeklNX1A5MXktZ1ktb0dhb0dIclB6OFppTTZDMjlMckJiT1VVQkVwMmxxNFZVV290cy01YUszd1NpaUFkQkxraXNkUUlnR1BlRk1YdzlXTkpsMTNmeC1zVlZqaUx6TVVhcjJvLWVHN2k4M2c0TXJyUWIyeEFmS2pfVlE3WGVXWHFKRNIBzgFBVV95cUxPNElDNFlfZ2h0LXBqYWxNMjQ1dnpjNlVGN3ZEem9FbjVGTDhwYjRIZmlndjRsbDA0dmdCZVJQeGR6N0o4VTg3WUtGTUpCSm1yUlMxRzRZR0Q0cGRZdkN1bm5JNjBpNEd1Ylc2UXZEWXUySnV1WS1HTVFpaWlWTUtjbkdMaz"
306,Elderly Man Taken Into Custody Over Complaint Of Raping 4-year-old Girl In Uttar Pradesh's Lakhimpur Kheri,Other GBV,2026-09-06,Lakhimpur,Lakhimpur,Uttar Pradesh,27.9478,80.7788,Under Investigation,1,ETV Bharat,https://news.google.com/rss/articles/CBMi2wFBVV95cUxQYm9OVGRZR2ZMU2NuMi1HWXlTdGZXYWZSblFnWERQXzg2M0FDYzJPNjF3WHB3V0ozR3J3aDNaTVJMWFdVRG1RVnBRcDRhQmlFZkszWXR2Umt0Tml2VkxQRHlaYURPZkpXVXU5TkJmbm94NkZHcU9zQUhRZVpFVWJBZ3NaeUJnV21YWjNTS0ppWkFWZWlvd1NBSEUweWphUF9TV3dock1NNHNiTGlULVJLblpqYjFSUTlCTFRvVWVSejZhN0V3clp6UWxwY2tCUHZ2TGdkWlN6ZUtIRnPSAeABQVVfeXFMTmMyUnE4a21RTEVZQW1FUzdxZ2VJcElUb25hS19Qa2VvS1BzZ0pYWGVpYnUtT0R5b25Oc2g2M21JR0MtU2gzMHppMjN5VGtDTk1jU3FRY0J6Y2kwWnFjNFh0UDk1aUcxRkRod1JOU0dxdWNKV1NpcnhnNF9ha2Zvd3NxMkJ2QWY0TnVJcEhXZ1FvQnVkZzVtcmUtNHdYYTBWUDZ6UmpQOGQ4QnN0alU2c3ZwaWsyZHhGYjMwSXFJZ1FQcHJfd29RaDR2dFkyd2k1cW5SbUhxUjlSeFAwSWdaSzk?oc=5,"<a href=""https://news.google.com/rss/articles/CBMi2wFBVV95cUxQYm9OVGRZR2ZMU2NuMi1HWXlTdGZXYWZSblFnWERQXzg2M0FDYzJPNjF3WHB3V0ozR3J3aDNaTVJMWFdVRG1RVnBRcDRhQmlFZkszWXR2Umt0Tml2VkxQRHlaYURPZkpXVXU5TkJmbm94NkZHcU9zQUhRZVpFVWJBZ3NaeUJnV21YWjNTS0ppWkFWZWlvd1NBSEUweWphUF9TV3dock1NNHNiTGlULVJLblpqYjFSUTlCTFRvVWVSejZhN0V3clp6UWxwY2tCUHZ2TGdkWlN6ZUtIRnPSAeABQVVfeXFMTmMyUnE4a21RTEVZQW1FUzdxZ2VJcElUb25hS19Qa2VvS1BzZ0pYWGVpYnUtT0R5b25Oc2g2M21JR0MtU2gzMHppMjN5VGtDTk1jU3FRY0J6Y2kwWnFjNFh0UDk1aUcxRkRod1JOU0dxdW"
301,"UP horror: Minor girl visiting temple on Janmashtami night abducted, raped in Muzaffarnagar",POCSO / Minor,2026-09-06,Muzaffarnagar,Muzaffarnagar,Uttar Pradesh,29.4727,77.7085,Under Investigation,1,theweek.in,https://news.google.com/rss/articles/CBMiuAFBVV95cUxPRV9hRGtQWkk2RmJPRlZKMGFYY1FSeFR0ejk1WXVRbUVSMlVVVlI0QUEyaUVCcmJvZWNKUm9GQVpJOUdsUXJqU19DME43RW9KZDdHN2ZRS0RMTlFEdWhTYnZyREQySXQxWXVrb2h4UExWdHdFa01CVGhIODVEYWd4eWI1cmdOXzFQd2hoT1VYV2R3eFhoMWJUM2hDZTZpSVlTd3JYRldRT3hIRHFDQ25jYUVINXFMZWRU0gG-AUFVX3lxTE5UQ2VHaWpHb3dodUYwMUVqY3lZcGhuZExPSGtuN3pOMzI4WnBBN1VoVHE1eTZrMldQb2NuOTZZTWo3U0NIc3JoRUFjWU9xRjRUTnpjNmdwcGdQZTJYY25HQ2JqQmhWdzZXZEdTVjFDS1dLek9FZ21RWWdfTHRwazBfMkI3SkZaZThvU09ueDhiWEpQMFF1WTlTSFZUbXJDakRaWHlYbUN5blQ4VldWMjhUTGRXWHhNTm8wWUpYcFE?oc=5,"<a href=""https://news.google.com/rss/articles/CBMiuAFBVV95cUxPRV9hRGtQWkk2RmJPRlZKMGFYY1FSeFR0ejk1WXVRbUVSMlVVVlI0QUEyaUVCcmJvZWNKUm9GQVpJOUdsUXJqU19DME43RW9KZDdHN2ZRS0RMTlFEdWhTYnZyREQySXQxWXVrb2h4UExWdHdFa01CVGhIODVEYWd4eWI1cmdOXzFQd2hoT1VYV2R3eFhoMWJUM2hDZTZpSVlTd3JYRldRT3hIRHFDQ25jYUVINXFMZWRU0gG-AUFVX3lxTE5UQ2VHaWpHb3dodUYwMUVqY3lZcGhuZExPSGtuN3pOMzI4WnBBN1VoVHE1eTZrMldQb2NuOTZZTWo3U0NIc3JoRUFjWU9xRjRUTnpjNmdwcGdQZTJYY25HQ2JqQmhWdzZXZEdTVjFDS1dLek9FZ21RWWdfTHRwazBfMkI3SkZaZThvU09ueDhiWEpQMF"
300,"Two men who abducted, raped minor arrested after encounter in UP's Muzaffaragar",Sexual Assault,2026-09-06,Uttar Pradesh,Uttar Pradesh,Uttar Pradesh,26.8467,80.9462,Arrest Made,2,"indiatoday.in, Organiser",https://news.google.com/rss/articles/CBMi4AFBVV95cUxOUU42aEUyS1JRLURzZVZjdkJBRTUzdkVJb3l6cWZnRGVrcE1DdlJQcXd1SHNXcWtDOUpPYUxRQ1VWZllhVTE5TkRER3RNS3JRY2VuSjhFeEFKRDNTcVprVVJqQmxpa185XzlyVFFhSGlhUmdmcFF1UEprdGxwSkFLbEVLV1JFWHNGNUwwaEVna2E4NW1wWEQ5aV9BN3dLVnV5YjlzNTdVRWgzMXdNM0gzNkdUVmZPUmkxQ01pYVpyeTg2RHdLbG41MTdWb2puNlRYaF9HSWJXMmFYMXlKamJjSNIB5gFBVV95cUxNOUFmX1FTU2htMndLallpMzY4SWc3anhjQUt4aTUzOUJyZEJoQUQ0VVZ1SG5DczZ1UlgwQjV3T0RVM05UblVxZllvNlRoTU1xX1VLNko5X1dyV3FfX3FFMzBsWkJnZU1NcTg5cnA4blZjcFZ3cENsRThFenF6RGU4cURkUTFsMlBOVUFEV0YxeGg2aDQtX0NqOG84WTFaTVM4UHBDNzA4clRzYm9rWXY2SlQ0QXE0aUhGaWFmZXh3RWdvZnVjNkZVTC0wNTJHUzFwdTRrQnV6X2h2c3hmNWl1ZFdMbVdvZw?oc=5,"<a href=""https://news.google.com/rss/articles/CBMi4AFBVV95cUxOUU42aEUyS1JRLURzZVZjdkJBRTUzdkVJb3l6cWZnRGVrcE1DdlJQcXd1SHNXcWtDOUpPYUxRQ1VWZllhVTE5TkRER3RNS3JRY2VuSjhFeEFKRDNTcVprVVJqQmxpa185XzlyVFFhSGlhUmdmcFF1UEprdGxwSkFLbEVLV1JFWHNGNUwwaEVna2E4NW1wWEQ5aV9BN3dLVnV5YjlzNTdVRWgzMXdNM0gzNkdUVmZPUmkxQ01pYVpyeTg2RHdLbG41MTdWb2puNlRYaF9HSWJXMmFYMXlKamJjSNIB5gFBVV95cUxNOUFmX1FTU2htMndLallpMzY4SWc3anhjQUt4aTUzOUJyZEJoQUQ0VVZ1SG5DczZ1UlgwQjV3T0RVM05UblVxZllvNlRoTU1xX1VLNko5X1dyV3FfX3FFMzBsWkJnZU1NcTg5cn"
188,"LONG-SOUGHT MOST WANTED PERSON ARRESTED IN BUKIDNON RAPE CASE INVOLVING MINOR Police authorities in Bukidnon arrested the No. 5 Regional Most Wanted Person on September 5, 2026, in connection with mul",Sexual Assault,2026-09-06,,,,,,Arrest Made,1,facebook.com,https://news.google.com/rss/articles/CBMi0wFBVV95cUxOMk9XZFMxclZRbjZJUm91UVVmRlRaSkdCbzZoTDM4RVMxR2tDT05UM2hUNHJCMjNjbnljcGJBc1Y1R1VCcTF3S1o2dkxNU1NsWURjUnBieE12a3MxZW9KUUlYbkgya0FTQlVCUEJuc1dod1ZfSTllN21aekxZWmg1elNNd2RKSEJ2NHdDMHhWTTlsMjJzTUlybmNacndCN0Y1cXF3czRLX2VMa3NsV2NJdldlbU5tYjRxMU1qbHRBb0N6ZUVUZW16SVJEOTlHYTF6dE53?oc=5,"<a href=""https://news.google.com/rss/articles/CBMi0wFBVV95cUxOMk9XZFMxclZRbjZJUm91UVVmRlRaSkdCbzZoTDM4RVMxR2tDT05UM2hUNHJCMjNjbnljcGJBc1Y1R1VCcTF3S1o2dkxNU1NsWURjUnBieE12a3MxZW9KUUlYbkgya0FTQlVCUEJuc1dod1ZfSTllN21aekxZWmg1elNNd2RKSEJ2NHdDMHhWTTlsMjJzTUlybmNacndCN0Y1cXF3czRLX2VMa3NsV2NJdldlbU5tYjRxMU1qbHRBb0N6ZUVUZW16SVJEOTlHYTF6dE53?oc=5"" target=""_blank"">LONG-SOUGHT MOST WANTED PERSON ARRESTED IN BUKIDNON RAPE CASE INVOLVING MINOR Police authorities in Bukidnon arrested the No. 5 Regional Most W"
598,"Rape Case That Rocked Catholic Church in Kerala — Franco Mulakkal Still a Bishop, Diocese stop’s Survivor Nun’s Support",Sexual Assault,2026-09-05,Kerala,Kerala,Kerala,10.8505,76.2711,Under Investigation,1,Organiser,https://news.google.com/rss/articles/CBMi-AFBVV95cUxOQlctTTNEd1A3cHlIUjRGVEpGOGR0OWc5cVU1MnBMQjZYSnowaXRHb0tCUldsLTVqSkZZSFR2b1VnbEd0VkV3cy1ZaWd1SGFZRDZJQlhvWms5TUI0dXFpTTh3NDBLdm00SG81ekVtNVhnSXYyVFVJTFZDN2Nxc3lsT2hOcnotLU9Db3VrTzJpVGo0M0pIQVBNeXo0RjJFekFJcDlxaUxiLU5nLWNDMFhuWDVTc1FpRUN5a2dRZzBDRmdkWkFoaVpJQlNwc3FocFh1ZWQ0UVZfTmViMWx3bnh2RWpwenlyRm9NX19FRU1RRDdFQTFLT0puM9IB_gFBVV95cUxONXdfelpyNGdiZHQxYm5YdXJKV3JKZXdrVEFvZkdCUkhjTjlEU2NUNlhfS1dVUFhWMkNLcnRLQVZzWHYzWTBRV09ZODgtYkM2TG82UEVPbkRYSFNTMHZkMW15RThOMTdZeENGQWtNOTI4b2I5aW5kMk9GYnROR1JTTU9JX1dNRW45bTZ0OWNZc21WQ19EcnVjY2FyQlJzMVllekwtTi00S2ZpdmVrdGk1U0NFRU52N2p4LXVCcG0tWTB4aExJSHJLaTdpTUp5b21wUFZvc2JJOGt4alZfUk5Ib29oc1J4SHMzSHdDcXQ0ZkFqb2hrNVhiQVJ6cXVDQQ?oc=5,"<a href=""https://news.google.com/rss/articles/CBMi-AFBVV95cUxOQlctTTNEd1A3cHlIUjRGVEpGOGR0OWc5cVU1MnBMQjZYSnowaXRHb0tCUldsLTVqSkZZSFR2b1VnbEd0VkV3cy1ZaWd1SGFZRDZJQlhvWms5TUI0dXFpTTh3NDBLdm00SG81ekVtNVhnSXYyVFVJTFZDN2Nxc3lsT2hOcnotLU9Db3VrTzJpVGo0M0pIQVBNeXo0RjJFekFJcDlxaUxiLU5nLWNDMFhuWDVTc1FpRUN5a2dRZzBDRmdkWkFoaVpJQlNwc3FocFh1ZWQ0UVZfTmViMWx3bnh2RWpwenlyRm9NX19FRU1RRDdFQTFLT0puM9IB_gFBVV95cUxONXdfelpyNGdiZHQxYm5YdXJKV3JKZXdrVEFvZkdCUkhjTjlEU2NUNlhfS1dVUFhWMkNLcnRLQVZzWHYzWTBRV09ZODgtYkM2TG82UE"
582,Stray dogs rescue woman from rape attempt in Coimbatore,Sexual Assault,2026-09-05,Coimbatore,Coimbatore,Tamil Nadu,11.0168,76.9558,Under Investigation,1,The Siasat Daily,https://news.google.com/rss/articles/CBMikAFBVV95cUxOZWhYaXF4MEFsLWhLdWxxejdkNXd1czB5Tm8zdXNmb0k5aHFyRENqUkRVUUNXcl93R212M0NLNXU3QmhXdlBUeHNkLWlqdDE2SjdxNEtYVW5yOTBTZWNBZGozeGQ3eGp4VWJhbXJBcFVCeDdNTlIzY3B0YXhWQjdSTms5YV9MSlRjWDhLMGh1YkPSAZYBQVVfeXFMTmxycC1xaENTTENheTFXYXMxUFdhSjFsNTgtazYxSFZLS21aQkFWb3lDeTJLZkV6UHdZM2VoeWMyZ3Bjc1NHRTItWk5FYXp0bWpzY1dvakpac3ZjczhNd1NMVnN3VE9KQ25seDNzbWY2cThIczZvZ1Q5U2ZjOGV2eWpOa1FJbEhPSTYxWEpXM2ZzT3dqNEx3?oc=5,"<a href=""https://news.google.com/rss/articles/CBMikAFBVV95cUxOZWhYaXF4MEFsLWhLdWxxejdkNXd1czB5Tm8zdXNmb0k5aHFyRENqUkRVUUNXcl93R212M0NLNXU3QmhXdlBUeHNkLWlqdDE2SjdxNEtYVW5yOTBTZWNBZGozeGQ3eGp4VWJhbXJBcFVCeDdNTlIzY3B0YXhWQjdSTms5YV9MSlRjWDhLMGh1YkPSAZYBQVVfeXFMTmxycC1xaENTTENheTFXYXMxUFdhSjFsNTgtazYxSFZLS21aQkFWb3lDeTJLZkV6UHdZM2VoeWMyZ3Bjc1NHRTItWk5FYXp0bWpzY1dvakpac3ZjczhNd1NMVnN3VE9KQ25seDNzbWY2cThIczZvZ1Q5U2ZjOGV2eWpOa1FJbEhPSTYxWEpXM2ZzT3dqNEx3?oc=5"" target=""_blank"">Stray dogs rescue woman fro"
576,"Stray Dogs Protect Woman From Sexual Assault in Tamil Nadu, Viral Video Shows Brave Canine Biting and Chasing Away Accused",Sexual Assault,2026-09-05,Tamil Nadu,Tamil Nadu,Tamil Nadu,11.1271,78.6569,Under Investigation,1,NewsGram,https://news.google.com/rss/articles/CBMipAFBVV95cUxNMWJ2U0pzbjJzdmxXYUh0NFh0REstNXBVeWlJbHotNk84TnJPMWZMdkk5WmRTeHJLSWRGcHNsWHVXWUtLN1RCemU1akVzRFVsR0U1S050bUcyVXNGZTkwNzN6SndvdmgwWkMwdERDb1pjSXFELUxISDdPUDhGSUMzdjd1czNtczRIdzFuVFMyU2RWRW5ycTBYd2N0bUhubzhhZVdTeNIBsgFBVV95cUxQRXdCX291SDFnNzMtQU1zbE5oeDdtbVZWUEdmaFpBQTJVUW1PZVRoTy0tQk9PZW1remJDT1pyLXVtc0JyYnRubXhnU3oyNFhzTElUOFpLN193MnA5b0xSS2FPSXZZT3VQMjVBWWE4QjZTTE5Nb1k4b0FqbXd3bWtIX2g4R2YtdEZaM2FDeGlVaF8xajJPUjczZktMcldtUDRxSE1qM0Jnejdvb05WeEM4WEhB?oc=5,"<a href=""https://news.google.com/rss/articles/CBMipAFBVV95cUxNMWJ2U0pzbjJzdmxXYUh0NFh0REstNXBVeWlJbHotNk84TnJPMWZMdkk5WmRTeHJLSWRGcHNsWHVXWUtLN1RCemU1akVzRFVsR0U1S050bUcyVXNGZTkwNzN6SndvdmgwWkMwdERDb1pjSXFELUxISDdPUDhGSUMzdjd1czNtczRIdzFuVFMyU2RWRW5ycTBYd2N0bUhubzhhZVdTeNIBsgFBVV95cUxQRXdCX291SDFnNzMtQU1zbE5oeDdtbVZWUEdmaFpBQTJVUW1PZVRoTy0tQk9PZW1remJDT1pyLXVtc0JyYnRubXhnU3oyNFhzTElUOFpLN193MnA5b0xSS2FPSXZZT3VQMjVBWWE4QjZTTE5Nb1k4b0FqbXd3bWtIX2g4R2YtdEZaM2FDeGlVaF8xajJPUjczZktMcldtUDRxSE1qM0Jnej"
513,Barun Biswas: The man who fought against Sutia's rape gang,Sexual Assault,2026-09-05,,,,,,Under Investigation,1,opindia.com,https://news.google.com/rss/articles/CBMingJBVV95cUxObmRTWVVkTVFHTjlUR2w5Z1d5aWlzQllJUDB6YURrb2tlbDNaVUp1UGpIZnZDRll5YjBodW9WSzZza2lxMlJMVnExMVVpTUsyTkdRbFhWbzZBWmhEenhmNnQxblU4S2RFQTdJY0lUS2JxVlVSdkwzLW51ZlNWNEJiUWljQlRHZWZmY19TcXJ1SE1vWmd1Zl9mT183UE9xOFpfZkZ6MHNkajhWNlVDNjNLYUthYlRzTW9aM3ZxcFNQN2dJbXQ4V1NrMGZiaGttcDBLYThmcjRycG5OazRvZU1meWxycEVxajE4UXNWaUdKQVhSSy1CX3h6X2tkcmtLNThQYS1uUlhPdGlUb0p1THFmRHBHTUpUOUxORVR2Wkx3?oc=5,"<a href=""https://news.google.com/rss/articles/CBMingJBVV95cUxObmRTWVVkTVFHTjlUR2w5Z1d5aWlzQllJUDB6YURrb2tlbDNaVUp1UGpIZnZDRll5YjBodW9WSzZza2lxMlJMVnExMVVpTUsyTkdRbFhWbzZBWmhEenhmNnQxblU4S2RFQTdJY0lUS2JxVlVSdkwzLW51ZlNWNEJiUWljQlRHZWZmY19TcXJ1SE1vWmd1Zl9mT183UE9xOFpfZkZ6MHNkajhWNlVDNjNLYUthYlRzTW9aM3ZxcFNQN2dJbXQ4V1NrMGZiaGttcDBLYThmcjRycG5OazRvZU1meWxycEVxajE4UXNWaUdKQVhSSy1CX3h6X2tkcmtLNThQYS1uUlhPdGlUb0p1THFmRHBHTUpUOUxORVR2Wkx3?oc=5"" target=""_blank"">Barun Biswas: The man who fought against Su"
409,Improvement in Domestic Violence and Aggression in Comorbid ADHD and Conduct Disorder Following Methylphenidate Initiation: A Case Report,Domestic Violence,2026-09-05,,,,,,Under Investigation,1,Cureus,https://news.google.com/rss/articles/CBMihgJBVV95cUxOeTR2dDgyUl9fUEJrR21hbXdCNHpuWUlZN2s3Yjg4cHhXckFmbjFLSFFxbTR2MmlzWkdET25WOFl6aThaQjJGdjFkRnAwSTVIRjkwdmRqdnRZRkR6dy0tdG1ESDNmV1VPMzNSamlsMTJoaExDWnJkQ3lPX2VuLUx5MkoxYWdtZ19kRUhmLXZzcnl0NXVBOEpYV3FTNE1JNTJaMDl2VXhpX3dQZVRRUzdGME45cERzTzhPZXFETkZaeWIxZkV3WjdNZ2o3SjlZWXBDakd1ZW40WlBaeFg3cW9Oa2pwOTk3OFZWZ1F5elMyTVo1RUFXMmFwZ1hmTFVIeUszdnF2d2tB?oc=5,"<a href=""https://news.google.com/rss/articles/CBMihgJBVV95cUxOeTR2dDgyUl9fUEJrR21hbXdCNHpuWUlZN2s3Yjg4cHhXckFmbjFLSFFxbTR2MmlzWkdET25WOFl6aThaQjJGdjFkRnAwSTVIRjkwdmRqdnRZRkR6dy0tdG1ESDNmV1VPMzNSamlsMTJoaExDWnJkQ3lPX2VuLUx5MkoxYWdtZ19kRUhmLXZzcnl0NXVBOEpYV3FTNE1JNTJaMDl2VXhpX3dQZVRRUzdGME45cERzTzhPZXFETkZaeWIxZkV3WjdNZ2o3SjlZWXBDakd1ZW40WlBaeFg3cW9Oa2pwOTk3OFZWZ1F5elMyTVo1RUFXMmFwZ1hmTFVIeUszdnF2d2tB?oc=5"" target=""_blank"">Improvement in Domestic Violence and Aggression in Comorbid ADHD and Conduc"
391,Dahi Handi Accident Survivor Nagesh Bhoir To Get Full Medical Expenses Covered By Maharashtra Government After,Other GBV,2026-09-05,Maharashtra,Maharashtra,Maharashtra,19.7515,75.7139,Under Investigation,4,"indiatoday.in, Free Press Journal, Free Press Journal, Free Press Journal",https://news.google.com/rss/articles/CBMizgFBVV95cUxNYjRjWlRMcWRSS24tUzl3cnVNOVl0bXlxSXB1N25qMHRZNGtYWjNrWDJtR2k2QndLdXpraml6TVlNQVQ4ZDlBOUg1bEZFa3M4VnlXbEVWUkluckt0OGlMV0hZWUFmZEU1TUgxMXlINnNpTHpuandnSlF1RlJiZDBtaXp4bGZXeDNzUVI1aEdnSUdoMEItYWM2T1JBQzJwX2N1dTdNZmJIdUJHMW1obklBQ2dFM1JxTkdvUTZWZXdrOUdRMDF4OXRLUmRCWk5Md9IB0wFBVV95cUxNMEV1RlhKbFpGSGRjV01aSXQ5OUo1QUM5blJfbDZQM1U4TnRMbzNyeUZ6cWNTSUZnVXExZ01ETllOLXlVMDkzQjVaNnpDdWxaVERzNFBxYjZOZGdIcndOVHVFa3RhdkZRZkdiZnJmbWFidmRoVVNzOU1mN095U1pKZ1F5VGRsUEhCQ2lDb0c0Q1UweWIxNG9lVTBVSmFmd3ctckk4Ni1UeXlRaHc0UnA0RnBJZ2MzNG1NakdqcDlSekR1STk1SXJpZW5aMGpJZjZGWmFJ?oc=5,"<a href=""https://news.google.com/rss/articles/CBMi7wFBVV95cUxOZDRYdkV6YjJncW5WQWprX0hkTUNVOVVGaDdHWnFGSGo1ZXd0UlliRVNlZ2YwcjFHNG4ySUlPeW5JVEJnWVlxZHBIUVJiQnBlVEdZWGVaeVphX0w1bklMMUhvRU9FbnNFSEpablM5YmJXaE5ZUDZLVjhPenpUX1p5d2tNOWNSSjZ1MWZEYnU1ZUJqbGxpS0ZaM21pc1ZBR1pyUFQzbnJHNTdnZjdtaGg5SmRIaHNzREpLczJodWFMTDJKejMxUGZlQTNSS0lyTTFhZVpCMWFmd3gwUlUyT05hWEpTSTJTZ1RCMGxxSlR6QdIB9AFBVV95cUxQUVNRY1hNeFZrWEVNUElGbVVULXRhMTFSbi1SS2lVeDNqM3lDRXA3XzBZOU1NemszaG9BR2VLWFRJWXlpOFFQS0pRZHZtYVJGSGNNQWNuR3hJY09qYj"
268,"HC Upholds Rape Acquittal; Says DNA Proves Paternity, Not Lack of Consent",Sexual Assault,2026-09-05,,,,,,Under Investigation,1,The Times of India,https://news.google.com/rss/articles/CBMi3AFBVV95cUxQcFRnM3hYZnIxZmlPaGdMc0dsR3FKSWtpN0hyS25PZW1qVWJKRUs0YXVINHRDcDZJTEhHb1ZtWkh2VUNPdFFOQ2RXQUlhOUNnWFAxZGp1MDR5WVNrU1FRR1Bva1pxOFJpdlVDZjRMSVJnNG5WZEpRc2F5dno1S0k4eHRxMnE4YUdNZ1p1RHdKanVyWUJwVWdiRV9ZeHNkak10ZHM4c1JrVlZsNUg5Yzk2Yk1uS2lzQmFVbGlvWEdudHRSUGNKOUhYbmx6WnR1LTUwZmVsaHdNVEpZUS1I0gHiAUFVX3lxTE0yLS1vUVZQRDh3c0s5dmxmcnF6aVZFMkVxSnEtZ2VOZWUwbDhBQzhtaDlzZDdKZHdCd3FnWTZ3MFNxV29FQkdmTWJBdUxUSTlBODZQWnIteUIzLWN4ZTZhU1BQdnhNV09IMUs3M0dwSG9RMHM3R3BTQWdQeGVpcmV4QTJ3ekp5M1QtdHhNS3U0bk5CV0JaUExnLXZFU1hsc0xXSWdqYmhzVFgwWThrbVo3ekRpdkNTWWt0Y19zWmdXb1dkOVZ3ektLQVc3cmZXVy13anEtRFF3QzRrZlZIUDFDUEE?oc=5,"<a href=""https://news.google.com/rss/articles/CBMi3AFBVV95cUxQcFRnM3hYZnIxZmlPaGdMc0dsR3FKSWtpN0hyS25PZW1qVWJKRUs0YXVINHRDcDZJTEhHb1ZtWkh2VUNPdFFOQ2RXQUlhOUNnWFAxZGp1MDR5WVNrU1FRR1Bva1pxOFJpdlVDZjRMSVJnNG5WZEpRc2F5dno1S0k4eHRxMnE4YUdNZ1p1RHdKanVyWUJwVWdiRV9ZeHNkak10ZHM4c1JrVlZsNUg5Yzk2Yk1uS2lzQmFVbGlvWEdudHRSUGNKOUhYbmx6WnR1LTUwZmVsaHdNVEpZUS1I0gHiAUFVX3lxTE0yLS1vUVZQRDh3c0s5dmxmcnF6aVZFMkVxSnEtZ2VOZWUwbDhBQzhtaDlzZDdKZHdCd3FnWTZ3MFNxV29FQkdmTWJBdUxUSTlBODZQWnIteUIzLWN4ZTZhU1BQdnhNV09IMUs3M0dwSG"
185,Man charged with offences including rape and stalking in Portsmouth,Sexual Assault,2026-09-05,,,,,,Under Investigation,1,hampshire.police.uk,https://news.google.com/rss/articles/CBMi1wFBVV95cUxQdGZqQUt4bXJUSXQtTEJMVVdrWVBsTGhqdnlxNFVkZVhTdW1hcjFuaXlla3dJZHlGc3FLUTJHdHQtWHZoQ1Axa3dyOTF5LUJBeUtJcUU0SFpYb3RrSUZudldBMy0yaE5sYWlpQldJb3JGTXZsdk5qSlNBa1kzcnVmeHlxeS10cGhlZ2lfeWJtX2lfVzJ1bDdlTUFNd3g1bUloUTJaUk1PZjdXaGJNcVNaUEwzcThMQWFzQjRRWmowQ3ZmTzgtV1laOWE1bVJCRUxnTWVxZDluaw?oc=5,"<a href=""https://news.google.com/rss/articles/CBMi1wFBVV95cUxQdGZqQUt4bXJUSXQtTEJMVVdrWVBsTGhqdnlxNFVkZVhTdW1hcjFuaXlla3dJZHlGc3FLUTJHdHQtWHZoQ1Axa3dyOTF5LUJBeUtJcUU0SFpYb3RrSUZudldBMy0yaE5sYWlpQldJb3JGTXZsdk5qSlNBa1kzcnVmeHlxeS10cGhlZ2lfeWJtX2lfVzJ1bDdlTUFNd3g1bUloUTJaUk1PZjdXaGJNcVNaUEwzcThMQWFzQjRRWmowQ3ZmTzgtV1laOWE1bVJCRUxnTWVxZDluaw?oc=5"" target=""_blank"">Man charged with offences including rape and stalking in Portsmouth</a>&nbsp;&nbsp;<font color=""#6f6f6f"">hampshire.police.uk</font>"
147,"Police arrest Mountain Home man accused of sexual assault, possessing child pornography",Sexual Assault,2026-09-05,,,,,,Under Investigation,1,KARK,https://news.google.com/rss/articles/CBMitAFBVV95cUxNZVBTMXdPWnhPWlI0TmpmdXA1TUNkcVBiTEZELS14Z3JZX0tpUWJIZ2ZNUEpDRVg2aGJoVmRHZ1J2V252V2o4RmNCRWVMUzdIdzIyNHBTcG9YTkdLOEIwM2x6TVNKYTI3Rm9wQ2tSMGtBbGl5a3dyN2htSFZ2anBxY1dxckVSQmRPZk9jcXQ4TXFvaWNaNzZmcV9nWFI5TExKbTFzOHFHd1VmUmowVlpiQUk5cmY?oc=5,"<a href=""https://news.google.com/rss/articles/CBMitAFBVV95cUxNZVBTMXdPWnhPWlI0TmpmdXA1TUNkcVBiTEZELS14Z3JZX0tpUWJIZ2ZNUEpDRVg2aGJoVmRHZ1J2V252V2o4RmNCRWVMUzdIdzIyNHBTcG9YTkdLOEIwM2x6TVNKYTI3Rm9wQ2tSMGtBbGl5a3dyN2htSFZ2anBxY1dxckVSQmRPZk9jcXQ4TXFvaWNaNzZmcV9nWFI5TExKbTFzOHFHd1VmUmowVlpiQUk5cmY?oc=5"" target=""_blank"">Police arrest Mountain Home man accused of sexual assault, possessing child pornography</a>&nbsp;&nbsp;<font color=""#6f6f6f"">KARK</font>"
142,Man charged with rape of 14-year-old boy in Portsmouth,Sexual Assault,2026-09-05,,,,,,Under Investigation,1,BBC,https://news.google.com/rss/articles/CBMiXEFVX3lxTFBlZHBQZEZCWnY2Rzh2UjBGcENOWlZHZU5vN3hrSDJtSGhBX1hrRnZGZUNIWm5iZWdqUGVmQXpuYmJyX1A4RWktcWh0Q0FOQW85YTE5VzNBN1BVcmxI?oc=5,"<a href=""https://news.google.com/rss/articles/CBMiXEFVX3lxTFBlZHBQZEZCWnY2Rzh2UjBGcENOWlZHZU5vN3hrSDJtSGhBX1hrRnZGZUNIWm5iZWdqUGVmQXpuYmJyX1A4RWktcWh0Q0FOQW85YTE5VzNBN1BVcmxI?oc=5"" target=""_blank"">Man charged with rape of 14-year-old boy in Portsmouth</a>&nbsp;&nbsp;<font color=""#6f6f6f"">BBC</font>"
600,Janmashtami festivities in Keralam’s Kannur contrast with DYFI's protest for justice in Palathayi sexual assault case,Sexual Assault,2026-09-04,Kannur,Kannur,Kerala,11.8745,75.3704,Under Investigation,1,The Hindu,https://news.google.com/rss/articles/CBMijgJBVV95cUxNTXBzbko3UEp1VTBILWNBX2ZpWHJaY2lfMzJ6bkgzZVJDYklOTWlmNGZ3SWo3d01jYlRrWFhBS1l2TWR2VHRvSXIxOUloWnB2dUpDMzRjREk5MnRqcWxyR3NpZTc5SlBQbXp6U254d2IyekFWN09OZ3NsNjA5cE8zNmFXZndGNDdLbFdFeWVtRU52d0dQeFpkcDNaUlNTTVQwQkpHU2lXYjhqRnhiTXpidU5RY19TcGdzX3M5TlZUSGc5Tk9uazRwUS1OMlh5VTZzVW1lWTdqWFV0MFYtMGtVSG5iWERqVzJ4bzJ0amQyNEdEaTFDX0FncHR5bi1Bd1Z3R1BoVzVhWVdSQ2lRQnfSAZQCQVVfeXFMUHBaWjRlc2NwdkpCcnRlUW5QNDB4WjU0ZmR5ZmhTaVZnQnh2bmJKSW82dTVqMkxQNndNb0ctcHBMZHp6OTZpdXAxRTI4RDk1VHBHcVhtd2dsdGdDaXo3bFRXaThQTHk2dzVtQUpSOXNuTU8wZ3FibmZKMzdZaXRXWjllbHRNY2c0NmowQzB4VkYwclZxUklHX1Jvb3pXV3NmUzI4c1pRRkJKRGY3c1cwOUhOdXBkX1p1RW4tOFRGNGwwNE5TcHlsQlZrZ1hEdmpKaDRVeXBIZTNJYXZpYzdlTUpsRE9uRG5Gc0VpZVVwTFd2NlFDemJoRUFOTWxjaWFucDBKckdmUGFfaTdrUzFKV3NoNWZH?oc=5,"<a href=""https://news.google.com/rss/articles/CBMijgJBVV95cUxNTXBzbko3UEp1VTBILWNBX2ZpWHJaY2lfMzJ6bkgzZVJDYklOTWlmNGZ3SWo3d01jYlRrWFhBS1l2TWR2VHRvSXIxOUloWnB2dUpDMzRjREk5MnRqcWxyR3NpZTc5SlBQbXp6U254d2IyekFWN09OZ3NsNjA5cE8zNmFXZndGNDdLbFdFeWVtRU52d0dQeFpkcDNaUlNTTVQwQkpHU2lXYjhqRnhiTXpidU5RY19TcGdzX3M5TlZUSGc5Tk9uazRwUS1OMlh5VTZzVW1lWTdqWFV0MFYtMGtVSG5iWERqVzJ4bzJ0amQyNEdEaTFDX0FncHR5bi1Bd1Z3R1BoVzVhWVdSQ2lRQnfSAZQCQVVfeXFMUHBaWjRlc2NwdkpCcnRlUW5QNDB4WjU0ZmR5ZmhTaVZnQnh2bmJKSW82dTVqMkxQNndNb0ctcH"
584,Caught On Camera: Stray Dogs Protect Mentally Ill Woman From Sexual Assault Bid In Coimbatore,Sexual Assault,2026-09-04,Coimbatore,Coimbatore,Tamil Nadu,11.0168,76.9558,Under Investigation,1,Free Press Journal,https://news.google.com/rss/articles/CBMiygFBVV95cUxNQXNlQXdZRFR1UXlMTFBZRTBXVFNCcm40WmZpQTFLOXRiYklSbFdqYVRTSnZwZnBXVW1EN196OGVzMzRUNVhpUTVrOHpMM1VXbWJDbUZhTTRQNVgxeHVHSk5MQnZvNExycUpULXFIOGVFNnRDc2k4eGhVOHBlUVFiemZzOUxtRVZyb3BFVU1xdE42UFRBR01KNlJhSFV5Yld1ekR1eGtWbXAwMDVVQ19iMXFrdFRUZTYwVkoyVEx5Ri0wNDZEY1RmU2ZB0gHPAUFVX3lxTFB2Z1BleWR0TTZOTmtwb0dQQW41Vm1IaDFkTnRtMFhuaVowUjIxeGtSLWYwd202aFJaUXNRcWZXVFo2X2FPUU95Nk5tQUcwbm5IaFlxZEtJeFVoQ2lGaUs0aWQ4X1lBV1NxWmE5bkRLdEJvTFNiR0FSWlc4QWphbFQzcnNfeDFsWjVFdWJUcnRxZjJ6Y0gyelFPVVVCUlNXc09xendnQ21VTzRELUdqSGdmUmRVaklaamtWVGZ0aG9CMVEwLTNBaHNpMHJicVhrYw?oc=5,"<a href=""https://news.google.com/rss/articles/CBMiygFBVV95cUxNQXNlQXdZRFR1UXlMTFBZRTBXVFNCcm40WmZpQTFLOXRiYklSbFdqYVRTSnZwZnBXVW1EN196OGVzMzRUNVhpUTVrOHpMM1VXbWJDbUZhTTRQNVgxeHVHSk5MQnZvNExycUpULXFIOGVFNnRDc2k4eGhVOHBlUVFiemZzOUxtRVZyb3BFVU1xdE42UFRBR01KNlJhSFV5Yld1ekR1eGtWbXAwMDVVQ19iMXFrdFRUZTYwVkoyVEx5Ri0wNDZEY1RmU2ZB0gHPAUFVX3lxTFB2Z1BleWR0TTZOTmtwb0dQQW41Vm1IaDFkTnRtMFhuaVowUjIxeGtSLWYwd202aFJaUXNRcWZXVFo2X2FPUU95Nk5tQUcwbm5IaFlxZEtJeFVoQ2lGaUs0aWQ4X1lBV1NxWmE5bkRLdEJvTFNiR0FSWlc4QWphbFQzcn"
579,"Stray Dogs Save Woman From Sexual Assault In Coimbatore, CCTV Captures Heroic Act | India Today",Sexual Assault,2026-09-04,Coimbatore,Coimbatore,Tamil Nadu,11.0168,76.9558,Under Investigation,1,youtu.be,https://news.google.com/rss/articles/CBMiXEFVX3lxTE4tekxDVVZhSUNuWkMzR1FtZlFuZFNENjNQVm5uU1BBSTNPMm1kdzY4Wi1KSXNWUUlORXlncEdveDZvdVItZ3dBODhXcmIyZ3pMcjRfWE9PMUVjS1Zu?oc=5,"<a href=""https://news.google.com/rss/articles/CBMiXEFVX3lxTE4tekxDVVZhSUNuWkMzR1FtZlFuZFNENjNQVm5uU1BBSTNPMm1kdzY4Wi1KSXNWUUlORXlncEdveDZvdVItZ3dBODhXcmIyZ3pMcjRfWE9PMUVjS1Zu?oc=5"" target=""_blank"">Stray Dogs Save Woman From Sexual Assault In Coimbatore, CCTV Captures Heroic Act | India Today</a>&nbsp;&nbsp;<font color=""#6f6f6f"">youtu.be</font>"
571,Coimbatore: CCTV captures stray dog chasing away teen accused of sexual assault,Sexual Assault,2026-09-04,Coimbatore,Coimbatore,Tamil Nadu,11.0168,76.9558,Under Investigation,1,CNBC TV18,https://news.google.com/rss/articles/CBMipwFBVV95cUxNekRjMTFwUFBCWVVYb0MwcTRaaDlETmpCU2JiZXc5V0NkY1JKV3JPV083d013QU1oSi10M2dONmhQcm1EdDR1aWZwMk1VR1ZkS0dmVUlqdFNfZ0YyQXMzX0JqTWdxVDQyZGdKRURabUFXZ2VyNm0taUs4bGpsNDdXSjZMODdyb1F2ZHZmODRNRUpXUFM2Z05ETjVLcF8zUGNVSXdvQnlHRdIBrAFBVV95cUxNaFZabW56OFBIYl9UbUhZNUxyY3k0ZUxfNU5JOUZCbW94Nm1TbnVGZ00zVmZ6bjVMSzE0UUcyNGNpQUZxd3hLMF9FNG02SkRxTDlLUDN1cUJWQ1FKS0h4S2p6RjJxYTgwcmNrcG85WFJnMTdNMGNIUU5CckZGWWhHa0lvM1NfdFpQbUxQWTF4ZVFCdEZIQV9tbmR2NWFtaXNGNmt1MkM0SnNFVlc1?oc=5,"<a href=""https://news.google.com/rss/articles/CBMipwFBVV95cUxNekRjMTFwUFBCWVVYb0MwcTRaaDlETmpCU2JiZXc5V0NkY1JKV3JPV083d013QU1oSi10M2dONmhQcm1EdDR1aWZwMk1VR1ZkS0dmVUlqdFNfZ0YyQXMzX0JqTWdxVDQyZGdKRURabUFXZ2VyNm0taUs4bGpsNDdXSjZMODdyb1F2ZHZmODRNRUpXUFM2Z05ETjVLcF8zUGNVSXdvQnlHRdIBrAFBVV95cUxNaFZabW56OFBIYl9UbUhZNUxyY3k0ZUxfNU5JOUZCbW94Nm1TbnVGZ00zVmZ6bjVMSzE0UUcyNGNpQUZxd3hLMF9FNG02SkRxTDlLUDN1cUJWQ1FKS0h4S2p6RjJxYTgwcmNrcG85WFJnMTdNMGNIUU5CckZGWWhHa0lvM1NfdFpQbUxQWTF4ZVFCdEZIQV9tbmR2NWFtaXNGNmt1Mk"
564,Dog saves woman from sexual assault attempt: CCTV shows stray animal chasing away youth; police arrest accu...,Sexual Assault,2026-09-04,,,,,,Under Investigation,1,Bhaskar English,https://news.google.com/rss/articles/CBMiuwFBVV95cUxQUXdtWnpVVnBoM0p6X203cDdqeHA0aFBlR1hOS3JYcUhDTFFRRi1lUmwzWVc1TE44Sk5wakNxaDE3aWs5M2xXOTF6dmJTcVN5Y2k2NWRVdXFpZDJoOVV1Z1JWNTFpYWt0LTk2dGEtc1hZU0hsMmlkSnN2bE9IM0R0a1loZ2g2X3lpYWx3RlhIT1VtLXhJWXIyZWJpekRwMXY5SktXalN3SGRMTnE0aFNBb3ZLSTFCeEQ2UFNZ0gHAAUFVX3lxTE92MGVSYkp1SnEyX1lxVmMwR2Vwd3BCTFROeGpQLU4tMHVnODRjQjUwMHozWmVHSG41MnlrRDVmb1JLbm15dXR4X0d2SnMzazlXOFBwNy1RQzNwSGUtSThLbkNMZnlMcTlLMGdPV2NuRUR5Y0pPQURqODRBbHNqcGt0Vk5EdUZCc2Eyd3BHSnloblU5Y2NKczdmdUJpd2E3V1hzRW1HXy12Z2tBSWxfbklDSFNuYUN4WXd5TTE0ekNaWA?oc=5,"<a href=""https://news.google.com/rss/articles/CBMiuwFBVV95cUxQUXdtWnpVVnBoM0p6X203cDdqeHA0aFBlR1hOS3JYcUhDTFFRRi1lUmwzWVc1TE44Sk5wakNxaDE3aWs5M2xXOTF6dmJTcVN5Y2k2NWRVdXFpZDJoOVV1Z1JWNTFpYWt0LTk2dGEtc1hZU0hsMmlkSnN2bE9IM0R0a1loZ2g2X3lpYWx3RlhIT1VtLXhJWXIyZWJpekRwMXY5SktXalN3SGRMTnE0aFNBb3ZLSTFCeEQ2UFNZ0gHAAUFVX3lxTE92MGVSYkp1SnEyX1lxVmMwR2Vwd3BCTFROeGpQLU4tMHVnODRjQjUwMHozWmVHSG41MnlrRDVmb1JLbm15dXR4X0d2SnMzazlXOFBwNy1RQzNwSGUtSThLbkNMZnlMcTlLMGdPV2NuRUR5Y0pPQURqODRBbHNqcGt0Vk5EdUZCc2Eyd3BHSnlobl"
551,Stray dogs save mentally ill woman from sexual assault in Coimbatore,Sexual Assault,2026-09-04,Coimbatore,Coimbatore,Tamil Nadu,11.0168,76.9558,Under Investigation,2,"The Indian Express, DT Next",https://news.google.com/rss/articles/CBMiwwFBVV95cUxQemxkSG9FVmMxZUpsWjIwY3pCWEZoQTV4OXhFbl96QkNzWGlYVFJfWG4zRldnMUZKRDI0bmZxVi01Y3FaRmNtSnJrZ21qYlEtVkV6Z3ZkVjNmLTNoSF9FQ2xhRThGQkdzWHYtbEpTcjN5NEhDR0xBRUtteXBac3F5VWgxWFlDeDVBOUVjR19mM0pTdmoyZHNObmZQb21CWmM3OFhfa2o1NEpRazAyLWEtck9CUWROaVJNbW91SEZLNFM1T1nSAcoBQVVfeXFMTmZYaU9va0RIaDFVUlpFcTRIZDZjMkVVZ2h4Umd2ODFLQnNnQ0c3RkQwM2pheHZnOUR5OGNlUjUwVXNzZzgwYzBBdnhwYUlUbjJvTW1OMXd6MW9GREdBNjNvR2lKdTZwS0puTGtabm42aEwxUk1TbE5LZjZXTEFxMU13V1BENzl0UEV4QmxqZTBPcmV4T001M2NnREQzS254TzJ3cERWU3liUzRHMHowcUh0X2plSTlWOWpyVmRvUDFlRGwwNUs3bXpZUQ?oc=5,"<a href=""https://news.google.com/rss/articles/CBMiqAFBVV95cUxOdFYtUXNRRnRBUXFOT1JTU2JOdlZ5RXVheEtZdndwMTlVMzJ6UndlT3pDOFpKQ3k1cndmWWhsbExMeEVsXzZoVEZSNVBLOUhMNk9VaUh4UTRmZFlzbWJWQjNxMHR6WDNNenBhbFJ4T3pwU2NjNnFLYjBsWThIby15a2xjTWFuSzlwUEE0WHp5ZUJvVjBQdTBfbjZRbExwektLSnVaWTBpSWbSAbYBQVVfeXFMTl9PNG1KSTRndVN1YVhNZUhKUEstTk5UaFNPNTZadEVqX25fMjRWdzZYR01QTmJzWlhOSEFfbWNlV1NkVnZRZUpZZTRGdXNrczBLM1o0RFhxd3NpeHlaczl2TjhzWEtwZ2F0eUlGT3RBa1hxMW5zYzNxdXBtNWtyVk9VVURxWHVESlhPSTZjU3lVSnJERGhtNjhDc2pSSnktbHhkSm"
546,"2 dogs save woman from sexual assault in Tamil Nadu, chase away man | Accused is reportedly a juvenile | Inshorts",Sexual Assault,2026-09-04,Tamil Nadu,Tamil Nadu,Tamil Nadu,11.1271,78.6569,Under Investigation,1,inshorts.com,https://news.google.com/rss/articles/CBMirwFBVV95cUxNM2d2bmQ3cjhiWFpsN0pfZEMweExsS0FXam03amN2Uk9mTjhTWURhNWxxdnRkbkVEQUsyeFhIbUdZbkZIWGpxVWk0enZ6UHdGYlVybF9zcm95ZFUzLTRFZVJZQW1hM1QxQWdkN3ZMSnFhX0ZVTDlMQVJiVjVKRGIxZ2w2NVBjQWR5T01XQVUzX0lmcEp3MEpOVWhUbW45UjF5a1VlTDFxRWRkOHA1VWww0gG0AUFVX3lxTE9QbHEwN2RqbFB1RDVFbVZZNXk4WGFGVFFXSmZoWUFuSFkyaVYtTkpzSGpra3BYNk0wT190M196WXZmYW02UG9Ma0VLSlpZd0FfVnJnWHhGZHJqVVV6Z21XLXhNbWJ0YkpGTDBTNHFINnIwLS1VbFRCeE5KLXZ5SDl1QjNjYjBHc25WRXR6MHNpeXNWRDd0OS1fUmFxU1A3MGM0Wk5VdFlRVnV0OHNRTkdsbHBjZg?oc=5,"<a href=""https://news.google.com/rss/articles/CBMirwFBVV95cUxNM2d2bmQ3cjhiWFpsN0pfZEMweExsS0FXam03amN2Uk9mTjhTWURhNWxxdnRkbkVEQUsyeFhIbUdZbkZIWGpxVWk0enZ6UHdGYlVybF9zcm95ZFUzLTRFZVJZQW1hM1QxQWdkN3ZMSnFhX0ZVTDlMQVJiVjVKRGIxZ2w2NVBjQWR5T01XQVUzX0lmcEp3MEpOVWhUbW45UjF5a1VlTDFxRWRkOHA1VWww0gG0AUFVX3lxTE9QbHEwN2RqbFB1RDVFbVZZNXk4WGFGVFFXSmZoWUFuSFkyaVYtTkpzSGpra3BYNk0wT190M196WXZmYW02UG9Ma0VLSlpZd0FfVnJnWHhGZHJqVVV6Z21XLXhNbWJ0YkpGTDBTNHFINnIwLS1VbFRCeE5KLXZ5SDl1QjNjYjBHc25WRXR6MHNpeXNWRDd0OS1fUmFxU1"
517,RG Kar rape-murder case accused attacked by mob outside police station,Sexual Assault,2026-09-04,,,,,,Under Investigation,1,indiatoday.in,https://news.google.com/rss/articles/CBMizAFBVV95cUxNUlZiVG5IMkR2cHJRY2hsOXBGN0h6NXludkh4dXRvSTJTWnRhODVpMnVlOU50OTJZU1FrVi1WWF9sSTRXN3JQdGpyc3BWb2l3V2FieEs2VEJSaEo4VEd2N3JQT0dZdVZUZlVoWHpDZW1hSnAybjBwLXk5MHVGakJ5NFc1Uk9rcTNqUXN5WG5MUndTMkQwZzUtWXRBODdpWjhXWXpJYmI4Mmw0WHpsRFlPTkhoZk83UmxtLXNtbUN3aXZJOUFiMlZqSEx5Rk7SAdIBQVVfeXFMUFduMFdPeWV2SEEzaG1qbm52Z0NNNk9pSG1laWZyUkVoa2VFcHVfTndQOUNIdDNyWENJRVJfcFNqdTVzNFhWSW9fcEczUm0wamwzcXh4MjFIRklMeHlTVlVvcUdqZmktbkMyR0lwN3lDZ1ZTbEw5Vk5pLXBlZXExNlRoVXZZdW5rZS01eS1IbUU0eG5kSGhVLXNobkhYUGY1VGpfX3ZTUVpHMWtVU0xhT3pzUkZra3dYa1U2Sml0TW1vanVaSlF3RU5NcEtQWmNXdjdB?oc=5,"<a href=""https://news.google.com/rss/articles/CBMizAFBVV95cUxNUlZiVG5IMkR2cHJRY2hsOXBGN0h6NXludkh4dXRvSTJTWnRhODVpMnVlOU50OTJZU1FrVi1WWF9sSTRXN3JQdGpyc3BWb2l3V2FieEs2VEJSaEo4VEd2N3JQT0dZdVZUZlVoWHpDZW1hSnAybjBwLXk5MHVGakJ5NFc1Uk9rcTNqUXN5WG5MUndTMkQwZzUtWXRBODdpWjhXWXpJYmI4Mmw0WHpsRFlPTkhoZk83UmxtLXNtbUN3aXZJOUFiMlZqSEx5Rk7SAdIBQVVfeXFMUFduMFdPeWV2SEEzaG1qbm52Z0NNNk9pSG1laWZyUkVoa2VFcHVfTndQOUNIdDNyWENJRVJfcFNqdTVzNFhWSW9fcEczUm0wamwzcXh4MjFIRklMeHlTVlVvcUdqZmktbkMyR0lwN3lDZ1ZTbEw5Vk5pLXBlZXExNl"
508,RG Kar rape and murder case: Panihati Municipality former chairman Somnath Dey arrested in Bangalore,Sexual Assault,2026-09-04,Bangalore,Bangalore,Karnataka,12.9716,77.5946,Arrest Made,1,Telegraph India,https://news.google.com/rss/articles/CBMi-wFBVV95cUxNZXhMNlBaczB4a3VFdzhOckthQmpOVTd1RVMyX1VpSHdvYjl3dUNpVVZFYjdrMExZUDJUWEp2RWRmM0twLVR4WDVXMkZMTlBpVG1pUmlqZlFoeUY2RmxUNk1INFNzVXJmRFJEUGEySnRWN1MtalpiN3drV1lNaEFNSnE3LWk4eF85VnM2Y3BXYjBYTjc5Rkc2UTEwLTZVZ01idUNnYy11S3ZvNDZObjN4OG5uZVc4YzZRb0ZONl9YaWpKTEFEM1lRYTJvc2JBVVVMeV9zQVBYQWI4Q0xqeVpvZFBTcFpadG9MRF9VOEZrd1JoQUctbHgzYVJDUdIBgAJBVV95cUxNX1ZQTVhWTUIzZF9CREphZGxYcTNIVmVlalJ6Ym00OFFFVDd5ZUMyTW5yczRsTC1HRWVkeEdSeFktd2gwRDdUX3JVYjZsZk9vXzFLdXkzLXhmV2xCaUxLajVkLVd4VV80UFVEOTk1N1Z1bVhRa1E5b1BQVHZPM3Z6TFAtNnRvdkhJbVlKRW5fdHlESlc2SnRCVUJXdmdMemFUQ3hiMDlGWEpESFg0WERTYjhIZkJEV3NNRnplbnA1Y1czS2hPdVlwVGx2Qm9qT0F4SjlmNW5reHVfUFJaQ09RRHh1czBPdHJmaWd6RlZ0aFp5d2VJUzZVMnhRVU05ZDB6?oc=5,"<a href=""https://news.google.com/rss/articles/CBMi-wFBVV95cUxNZXhMNlBaczB4a3VFdzhOckthQmpOVTd1RVMyX1VpSHdvYjl3dUNpVVZFYjdrMExZUDJUWEp2RWRmM0twLVR4WDVXMkZMTlBpVG1pUmlqZlFoeUY2RmxUNk1INFNzVXJmRFJEUGEySnRWN1MtalpiN3drV1lNaEFNSnE3LWk4eF85VnM2Y3BXYjBYTjc5Rkc2UTEwLTZVZ01idUNnYy11S3ZvNDZObjN4OG5uZVc4YzZRb0ZONl9YaWpKTEFEM1lRYTJvc2JBVVVMeV9zQVBYQWI4Q0xqeVpvZFBTcFpadG9MRF9VOEZrd1JoQUctbHgzYVJDUdIBgAJBVV95cUxNX1ZQTVhWTUIzZF9CREphZGxYcTNIVmVlalJ6Ym00OFFFVDd5ZUMyTW5yczRsTC1HRWVkeEdSeFktd2gwRDdUX3JVYjZsZk9vXz"
504,RG Kar rape-murder case: Former Panihati Municipality Chairman Somnath Dey remanded to 3-day police custody,Sexual Assault,2026-09-04,,,,,,Arrest Made,1,ANI News,https://news.google.com/rss/articles/CBMi_wFBVV95cUxNY0pIVmNfdDFjZFh1S1g5bFo3Q3NaaEMtdnIydC15eEhWWGxkM25mTFdrYl93Y0w1ZGJIN0hwendlQVJVSGd0S205OGlGdUlnUlZXQ25DdnpPOEh2M0hZTjVLMFQzSFVOMnc3a0xwV1gycm55WDYwYnd5R0tvQS0xWlB0U3NOQ25HQUYtcEliWVp0UVBld0FhTnFvdlhZQVRueDdQYWhwRzgtTXRpLWVIVXFicUV2cUdhNjBGUnVHNnMwX1lXemFmY0xTeGMzcXhFVkhFX0s1UHdiRjJpR1g3NGFlRXJzTGtIRXVOVVpOMWdCS0Z6Z3BJZlIzVlgtbW8?oc=5,"<a href=""https://news.google.com/rss/articles/CBMi_wFBVV95cUxNY0pIVmNfdDFjZFh1S1g5bFo3Q3NaaEMtdnIydC15eEhWWGxkM25mTFdrYl93Y0w1ZGJIN0hwendlQVJVSGd0S205OGlGdUlnUlZXQ25DdnpPOEh2M0hZTjVLMFQzSFVOMnc3a0xwV1gycm55WDYwYnd5R0tvQS0xWlB0U3NOQ25HQUYtcEliWVp0UVBld0FhTnFvdlhZQVRueDdQYWhwRzgtTXRpLWVIVXFicUV2cUdhNjBGUnVHNnMwX1lXemFmY0xTeGMzcXhFVkhFX0s1UHdiRjJpR1g3NGFlRXJzTGtIRXVOVVpOMWdCS0Z6Z3BJZlIzVlgtbW8?oc=5"" target=""_blank"">RG Kar rape-murder case: Former Panihati Municipality Chairman Somnath Dey remanded "
495,Police submit 702-page chargesheet in Baruipur rape and murder case,Sexual Assault,2026-09-04,,,,,,FIR Registered,1,Telegraph India,https://news.google.com/rss/articles/CBMi5gFBVV95cUxNX3Y2WmV2SFZrMHp3TmRmZXBweUxmWGk5ZTlKRV9wbzFYMUpVM2kyaUo0QllLLUNXcmVVY0NDNDVBTjRFMjBtNlFJRTR0UG5xa0NBT001WmdmUzQ3dEJsUVQ0eGVTdTYtekFGQjBGSDZJaHBQcjVXUExzUUdlbGNIajljXzNnM1Y4X1BEcVhoM3NWdDI2aHJuaHFSdlRaQ3Uwc2IzUkFmRmtjMG52UzVHVEtUOHFtSDlUb1dSdHlPTkNzMmhrUUNfX3dBLXpkdGxiMV92NHd5Qko4TURVQy1maEdUcGNxUdIB6wFBVV95cUxPcV94N1N1UXZHZWJOVlBmelRBTVhUZnpEbEpGb1AtZnFUQ210VFVCLWhHOGlPa2djZEkwN2J4NUpFcUQwbTQ1MTZEbk0tVm11UnFpVHNjMXM5cW5aVVRSNWhJanpsc1AtbnFZMnRWQ245WnN6dk1JNVdXSHZqQmU0UlJQdFRDWlNDVWRkRU1RcWdfcnZtdDJLS3lIdC1HRGJabjAxVEZQNGxScmZKa3hnLWhsbXpLX2hqMk0wQWM2dFZBd2JEOGV6azZOa1NGNWhBTE16b0xTZldXLWU0MU9HZDF1c1F6Z0drbzhV?oc=5,"<a href=""https://news.google.com/rss/articles/CBMi5gFBVV95cUxNX3Y2WmV2SFZrMHp3TmRmZXBweUxmWGk5ZTlKRV9wbzFYMUpVM2kyaUo0QllLLUNXcmVVY0NDNDVBTjRFMjBtNlFJRTR0UG5xa0NBT001WmdmUzQ3dEJsUVQ0eGVTdTYtekFGQjBGSDZJaHBQcjVXUExzUUdlbGNIajljXzNnM1Y4X1BEcVhoM3NWdDI2aHJuaHFSdlRaQ3Uwc2IzUkFmRmtjMG52UzVHVEtUOHFtSDlUb1dSdHlPTkNzMmhrUUNfX3dBLXpkdGxiMV92NHd5Qko4TURVQy1maEdUcGNxUdIB6wFBVV95cUxPcV94N1N1UXZHZWJOVlBmelRBTVhUZnpEbEpGb1AtZnFUQ210VFVCLWhHOGlPa2djZEkwN2J4NUpFcUQwbTQ1MTZEbk0tVm11UnFpVHNjMXM5cW5aVVRSNWhJanpsc1"
430,Promise To Marry Not Deceitful If Man Intended To Marry But Woman's Mother Refused: Karnataka High Court...,Other GBV,2026-09-04,Karnataka,Karnataka,Karnataka,15.3173,75.7139,Under Investigation,1,Live Law,https://news.google.com/rss/articles/CBMi0gFBVV95cUxQOTZ1SzhHQXVaNklySml6Wlk4N3dEQjhKenR1ckdjVDZadEVNUEg4VGltRk5xbjV3dWJoeGRjYk43My03RGNNcndwVndzRG9lNGk2YTNIdVpod29TUkEtOHJLTmxSMmRULW9tMWhua243YUEzMkJYdlQtRU5HakFwLWNta3JCUUwySWlKWTNnNFR3YWxDUGR5TjJXMHFIby0xYURWOXNRdnB3Rlp3czJSOHJFc05vS2dxYWtORWFXOTBjNkxqU1U5T3dCa0o1RDNTenfSAdcBQVVfeXFMUGZJbXJyd2dvOGR6NkU0Vk8weTVRYndNa080VGtNZUh2WGFGSG1YLUtLcEhRT3p5Y0RGWDNLY1ZtQnpMNXRONkRiN1F4ak1QTHNYVFE2QWY4eTVwWlZxSGdOSzRMM2s2T1ZDWGdWS0tSTTdmRkFsaG1jc2RfUGxrdWpMQW1pSjdvZ2NUN28tVnJicXkzaHNHVXVSRFU0a0tsb2FSbFBPMnF1cWNkQ1l4cHlocjZmVGpWMllZSF9WOWVvQVluTEhLdmNSb1hqMDJRckVLZU5ZTkk?oc=5,"<a href=""https://news.google.com/rss/articles/CBMi0gFBVV95cUxQOTZ1SzhHQXVaNklySml6Wlk4N3dEQjhKenR1ckdjVDZadEVNUEg4VGltRk5xbjV3dWJoeGRjYk43My03RGNNcndwVndzRG9lNGk2YTNIdVpod29TUkEtOHJLTmxSMmRULW9tMWhua243YUEzMkJYdlQtRU5HakFwLWNta3JCUUwySWlKWTNnNFR3YWxDUGR5TjJXMHFIby0xYURWOXNRdnB3Rlp3czJSOHJFc05vS2dxYWtORWFXOTBjNkxqU1U5T3dCa0o1RDNTenfSAdcBQVVfeXFMUGZJbXJyd2dvOGR6NkU0Vk8weTVRYndNa080VGtNZUh2WGFGSG1YLUtLcEhRT3p5Y0RGWDNLY1ZtQnpMNXRONkRiN1F4ak1QTHNYVFE2QWY4eTVwWlZxSGdOSzRMM2s2T1ZDWGdWS0tSTTdmRkFsaG1jc2"
373,ISKCON Temple in Jaipur catches fire ahead of Rajasthan CM’s visit,Other GBV,2026-09-04,Jaipur,Jaipur,Rajasthan,26.9124,75.7873,Under Investigation,1,The Assam Tribune,https://news.google.com/rss/articles/CBMiqwFBVV95cUxPdmNkYWREM211cm1zb19DX1ozT2lKa2RZTEJ6cTNqcmYwTWpqTURGb0ZKNmFLVjBPSnZobTZNZmVTbGthM1VZdlJDUFFhd2owZGxUSE9xVVR2cWptWWV3QzlKWDVKdjU2a1Z3aGZDcGdod25SSGtlQVdOWWJFeWFIRWh0ZmROZVI2bEJpRVRiWktQR2FaTmVPdWVTdTBpUnBZMHJNVlN6eDhBREnSAbABQVVfeXFMT0lrcE9WRUpiUVJjUVhtMEZkSDdhMWVZWUJTNEJCQnZBUkdiVGVtdGlCdVplVEdHbEFiV0tYNzktWVJ0bFB5SmhsVTMyRDRpTHYtc3B6cTZiRVFVN0JIMEhvRXBBSTlWNExUU1dVZ25Cbk4xdEFBVmI2aGVUTDlGTUdpQnVmcDdGNEJxeTJ6bDF2QS1USzYxX3dBMl9sMVRjampoQ2ZfcWtiR2RjZG9PeTk?oc=5,"<a href=""https://news.google.com/rss/articles/CBMiqwFBVV95cUxPdmNkYWREM211cm1zb19DX1ozT2lKa2RZTEJ6cTNqcmYwTWpqTURGb0ZKNmFLVjBPSnZobTZNZmVTbGthM1VZdlJDUFFhd2owZGxUSE9xVVR2cWptWWV3QzlKWDVKdjU2a1Z3aGZDcGdod25SSGtlQVdOWWJFeWFIRWh0ZmROZVI2bEJpRVRiWktQR2FaTmVPdWVTdTBpUnBZMHJNVlN6eDhBREnSAbABQVVfeXFMT0lrcE9WRUpiUVJjUVhtMEZkSDdhMWVZWUJTNEJCQnZBUkdiVGVtdGlCdVplVEdHbEFiV0tYNzktWVJ0bFB5SmhsVTMyRDRpTHYtc3B6cTZiRVFVN0JIMEhvRXBBSTlWNExUU1dVZ25Cbk4xdEFBVmI2aGVUTDlGTUdpQnVmcDdGNEJxeTJ6bDF2QS1USzYxX3dBMl9sMVRjam"
364,Watch: Stray dogs foil drunk boy’s bid to sexually assault mentally ill woman in Coimbatore,Other GBV,2026-09-04,Coimbatore,Coimbatore,Tamil Nadu,11.0168,76.9558,Under Investigation,3,"The Times of India, The Hindu, Deccan Chronicle",https://news.google.com/rss/articles/CBMi8gFBVV95cUxNel92dGxVZk5CYkVPdzlGNnE3QzdlRUNkLUR2ejUxMEZwcnVaa3dES3UtTjZIczBWLXlyTlRJVGN4cGx2QkhXVHdVUkxWYlVtRW9DOUJUMkRSV1FjM3VIM1F1Q0xTLXBFbXA0ZlAxVFc0NzV2VkdvaDMyaG9oM0ZMdTdVanVIVEJ0QzBmOGpfZzdpTG9zNmNYTFhjOTkzZWZDR0YzUWQ3b0xuWVNjUF90dDFFMlR0NmhDNWNwV2NzNXRrNkVlSW53RWZCQTQ5QjEyeDlmYnlwR21HaUppV3BhT1RkdkRvMGNBeHZLb2dncTlPd9IB9wFBVV95cUxOSHZ3LUZRMG5KRU5XdVd3QWVSX1ExVi1yNVdFbF9jMm9NUDZuYmp5ZkxKNVpHZTlsUHJkb3hRTTIxekxiYzVpemsyTXpzZEFVRlpJVHdGbGpRS3RFUEc1UkNJMFNiYnFFOTl6SWQxbnQySy1hMWZJeEo3d1pENzJaSVdoSmJUWmJOajJzWVZBbE96a2V6V09SUDlzaW1EcU5wX2FSOEpldWZGd1V5Z2VoLXNiSk1uRDN6ZVV6ZkI0LUxkS2M5Szl6NFNwMVB0UkpHTUROcml5aE1YTTB4RnFqdWxtZWZBbFF2cWxOREt0WG1fUmxvTzc0?oc=5,"<a href=""https://news.google.com/rss/articles/CBMi8gFBVV95cUxNel92dGxVZk5CYkVPdzlGNnE3QzdlRUNkLUR2ejUxMEZwcnVaa3dES3UtTjZIczBWLXlyTlRJVGN4cGx2QkhXVHdVUkxWYlVtRW9DOUJUMkRSV1FjM3VIM1F1Q0xTLXBFbXA0ZlAxVFc0NzV2VkdvaDMyaG9oM0ZMdTdVanVIVEJ0QzBmOGpfZzdpTG9zNmNYTFhjOTkzZWZDR0YzUWQ3b0xuWVNjUF90dDFFMlR0NmhDNWNwV2NzNXRrNkVlSW53RWZCQTQ5QjEyeDlmYnlwR21HaUppV3BhT1RkdkRvMGNBeHZLb2dncTlPd9IB9wFBVV95cUxOSHZ3LUZRMG5KRU5XdVd3QWVSX1ExVi1yNVdFbF9jMm9NUDZuYmp5ZkxKNVpHZTlsUHJkb3hRTTIxekxiYzVpemsyTXpzZEFVRlpJVHdGbGpRS3"
358,"Two men arrested for rape, assault of woman",Sexual Assault,2026-09-04,,,,,,Arrest Made,1,The Times of India,https://news.google.com/rss/articles/CBMitwFBVV95cUxNd1dqZzhjcEItd0JhUmYyZjU0cnFlR09WTk5hNmE3YjNPY09nNC1iLVpqdWZ5ei1fODdETk5lNHZVMGtqVElSQ2VPN1c1aHh5UngwTFJVM3ZYS1plcXdOYWJQQUhNbEhyelljMXhLaVF0RDBvdVVaOHl6UjVqZ1B5SVlxZUZMUk1Dd0RGOVB6OVZTSThfMU5WTG1hNnlMSjN6SWh4R2x5QjFtd0tDSE85eExicEVjQTjSAbwBQVVfeXFMTldMRFh0b0gya2ZlaEs1Z1B0Zmt0YnZzZWlVb3ZPQVNhWVFoREh2WkhvVm43aWFXLTJDT0NSV2plMDA2MjFwU0ZMZEJTYm42azctaDFZeml1bmhUMHNVOERmdmdVMTljMENPcnVTWUZsX0ZmR21DMTVPdV9aN1lrcS0weGZtSzhsWmY4VXUxMFVuTUh2SmhMOWZxWXg3Z2dybEYxMWFubEdfZ0VQQmdDZi1kNEVZUXB1ZExQaUs?oc=5,"<a href=""https://news.google.com/rss/articles/CBMitwFBVV95cUxNd1dqZzhjcEItd0JhUmYyZjU0cnFlR09WTk5hNmE3YjNPY09nNC1iLVpqdWZ5ei1fODdETk5lNHZVMGtqVElSQ2VPN1c1aHh5UngwTFJVM3ZYS1plcXdOYWJQQUhNbEhyelljMXhLaVF0RDBvdVVaOHl6UjVqZ1B5SVlxZUZMUk1Dd0RGOVB6OVZTSThfMU5WTG1hNnlMSjN6SWh4R2x5QjFtd0tDSE85eExicEVjQTjSAbwBQVVfeXFMTldMRFh0b0gya2ZlaEs1Z1B0Zmt0YnZzZWlVb3ZPQVNhWVFoREh2WkhvVm43aWFXLTJDT0NSV2plMDA2MjFwU0ZMZEJTYm42azctaDFZeml1bmhUMHNVOERmdmdVMTljMENPcnVTWUZsX0ZmR21DMTVPdV9aN1lrcS0weGZtSzhsWmY4VXUxMFVuTUh2Sm"
357,SC notice to state on appeal in 2017 minor’s sexual assault case,Sexual Assault,2026-09-04,,,,,,Under Investigation,1,The Times of India,https://news.google.com/rss/articles/CBMizwFBVV95cUxPQUdhcmhqbTVIRVczeXdxU0RMSXRBWFJ6aTZqdWhqbFc3TDhSNkhCUWttT1dyandkT096d0kwU2FhMk41OHhHaFdTb0IwV0tTNTRzQXJrNnVqemY2b0lUMVB5cmpEMEdlblpva0VoNnJHY2V6U2JNeDhQemt0ZGxKWlpFNkE0RDF5TWZsN1pqalFlckhvSGxYOTllTWZ3X3EwUG0zSndwQTJJZVRXbXpmVXRPeU90NUNRbHpTUXNfQlpmRlpqbHU2YkRxOUhQOVXSAdQBQVVfeXFMUE9tSUVNQm5keDI0a2I3cFlTMGo4Vk9tbEdEZE5mbXVvem1LZzNLcU9oT1VKN05acGlXbGNBNVB1Qm4wZXFjU1JyeFdGUmlQS2R5ZkZUdTB5TGk5dkVBWXVFTDExY0h0OGlCS2puNUNCTTlYTHh1ampIdGJVWEtaQ292Ums5c2p3Sm1GX0hMUXBQVlU4RDJ3c190eThPV1p2eUVDQmxNSEZWMktYWEJVb1NINDhSRE1ya0M3V1ZFOHVMQzh0NElzb3UtUXpFZjZqcEFXajQ?oc=5,"<a href=""https://news.google.com/rss/articles/CBMizwFBVV95cUxPQUdhcmhqbTVIRVczeXdxU0RMSXRBWFJ6aTZqdWhqbFc3TDhSNkhCUWttT1dyandkT096d0kwU2FhMk41OHhHaFdTb0IwV0tTNTRzQXJrNnVqemY2b0lUMVB5cmpEMEdlblpva0VoNnJHY2V6U2JNeDhQemt0ZGxKWlpFNkE0RDF5TWZsN1pqalFlckhvSGxYOTllTWZ3X3EwUG0zSndwQTJJZVRXbXpmVXRPeU90NUNRbHpTUXNfQlpmRlpqbHU2YkRxOUhQOVXSAdQBQVVfeXFMUE9tSUVNQm5keDI0a2I3cFlTMGo4Vk9tbEdEZE5mbXVvem1LZzNLcU9oT1VKN05acGlXbGNBNVB1Qm4wZXFjU1JyeFdGUmlQS2R5ZkZUdTB5TGk5dkVBWXVFTDExY0h0OGlCS2puNUNCTTlYTHh1ampIdGJVWE"
355,"Left alone as last child on route, 3-year-old sexually assaulted by Navi Mumbai bus driver",Sexual Assault,2026-09-04,Navi Mumbai,Navi Mumbai,Maharashtra,19.033,73.0297,Under Investigation,2,"The Times of India, ABP Live English",https://news.google.com/rss/articles/CBMi_AFBVV95cUxOY3MyeDlNOWw1RENDNmMzel92dDV5VENhQWJNMzdiSmFOdEtPaElKQzdxNDVpSjY4Q1hFMFhnNFFhcUJlNzdjcTFLSFQwWC1YM1FMOUxfQVpZYVUtWEtxQTRfM3JmWHZQdE43djNXd2RYN2g0RlBRbHhqckpVNFNPcHpISGxoU0FRaEVLa0NHODRsanQzNTdvazZzRFl3RTc5U0VoMnZoTENRQTN5Um9HMTRFSWhUSWtFR1pwQVJEMFdra2J6emVhUTI2cjhfQWxzVUtVQWNLRW1TdnZoeEdrenVJSDZDSGFhX1NkZm9KLS15aDJpZl9uX2JpdmLSAYICQVVfeXFMTjlTclFJeW9qYThhRFZlYWY2Q0U4RHU5LUdFWXowLUtoU0g5Unp6amp6MTJuREkyQzVKdGE3Vmxzb3BOcFRtU29ZU29jQk5uaHJxRGJfYVFoMHI4eDBFajBaaXJhVEZ2NGh1TzlkZXpzdXNIYVMtejN1a0xYNGw2MW1yNEZIc3R4ZlktZWs2UkRLaEU3Tm4xelFDclNXRnROQ1h6NWJtWlc2XzU5QWVXcG4ydF90dWZ3T3ctRU9ITU1VOHBZZk9tbnppQlktU19vbmxIbm5iakNvcVJWS2lzbG5OLTJYRTRlUDN5ZkZsbnowa1ZjV2dIZjJvWV9Pa0c0M0ln?oc=5,"<a href=""https://news.google.com/rss/articles/CBMi_AFBVV95cUxOY3MyeDlNOWw1RENDNmMzel92dDV5VENhQWJNMzdiSmFOdEtPaElKQzdxNDVpSjY4Q1hFMFhnNFFhcUJlNzdjcTFLSFQwWC1YM1FMOUxfQVpZYVUtWEtxQTRfM3JmWHZQdE43djNXd2RYN2g0RlBRbHhqckpVNFNPcHpISGxoU0FRaEVLa0NHODRsanQzNTdvazZzRFl3RTc5U0VoMnZoTENRQTN5Um9HMTRFSWhUSWtFR1pwQVJEMFdra2J6emVhUTI2cjhfQWxzVUtVQWNLRW1TdnZoeEdrenVJSDZDSGFhX1NkZm9KLS15aDJpZl9uX2JpdmLSAYICQVVfeXFMTjlTclFJeW9qYThhRFZlYWY2Q0U4RHU5LUdFWXowLUtoU0g5Unp6amp6MTJuREkyQzVKdGE3Vmxzb3BOcFRtU29ZU29jQk5uaH"
259,"DNA proof of paternity does not, by itself, establish rape; ""gravity of accusation cannot substitute standard of proof"": Delhi HC",Sexual Assault,2026-09-04,Delhi,Delhi,Delhi,28.7041,77.1025,Under Investigation,4,"indiatoday.in, ThePrint, ANI News, thepatriot.in",https://news.google.com/rss/articles/CBMi1wFBVV95cUxOZlRDRHhVV29SbzlGNHJuS3NOOFExNTF1dUFUbWJzRHdRTDhzMjZnY3FhSUYzdmVNNmRRV09KNTBWN1BIU3I0ajFJMWtycnlReGpTdElKYUsyc080cW5FajhaRHR3TGhtLW9EY1RNWVBBTW1jVXVyeEN6MW9KLWV6WHJFUjhQeEk2MDZKNGtPbDdNSEU4MXN0cnV5eVVycERkQ2xEbEN2TnBucEpDWHpDOEtPMzJDTURZWC1oLTVBVzQ0emFoWHNKSnAxdFJFOFY5ZnNHZ2xja9IB3AFBVV95cUxNeTlHbDNjZTJOcDcwaXg2azRJTkJSVW95RHZXRk82ak8zcjgxUmtMcHRJMWVmU3BpeU9jUUZkU1IwWm45QzZ6d2kwZk5oMklyeGlwTmZJbUtEVndXS0M0VHY2UFdkQ3JCUWtfXzNLa0gwN19NUGhuZkpnb0VEaWVFeFhJT3ljNkpGOW1fUkY3aXhqVzhPXzB5SkQta1VMTDFUeDRwdXMyWTJLS0JKUlZWUHN3dW9qMEtBQjBmaVhRaWFHODNUZjFzVG9RM2lDbEkwV0xKOVE5YnE5bVBI?oc=5,"<a href=""https://news.google.com/rss/articles/CBMilgJBVV95cUxPSnJOZnFIaFZqQ0JRLXZvWmVWLTc1ZWxWVW93WE9qaTFaVGNramJYTnNQYjFnTDhZOGRmVEk3cFVUV1kwdm5kX0s1VXZ2Y19ZcWpVbHdLelZuVDFCS1dCN1VyUkNLOWVOemZ6cTBOMjBack1wQnhoSWlqSWtvREo1TnJkM1RFbEdiREVfcTVkVDlTbEVEbERSMERMUzNpN3VYQkhxRnM1TEphaUhjaDFiclZyNkRDQkN4Yldfem5KT0g2VVhvbnp3MHJoY3ZCQWEtMUprNDQzbC1Fcm5mc0U0NWpKVmRpZ1p1ZFpiMHRIaW5ZX1RHTnNvd3owQm9xOFVDZ3pRVlc4bmV4aVQ5TWltUnNPS1VFUQ?oc=5"" target=""_blank"">DNA proof of paternity does not, by itself, establish"
204,"DNA Proves Sexual Intercourse, Not Whether Relationship Was Consensual: Delhi High Court Upholds...",Other GBV,2026-09-04,Delhi,Delhi,Delhi,28.7041,77.1025,Under Investigation,3,"Live Law, Internet Freedom Foundation (IFF), Verdictum",https://news.google.com/rss/articles/CBMitAFBVV95cUxNc29sNEwxM1NJa3Q2YllWXzh0Zl9VRGFuaTRGb2R4cjNJZ2dOYVE4WE9LREVhd2VMN0NWTGJpaGN6YWRZM3FLZGhTZ1ZNNU9SYzR5c0dyT3FHNFBiZ29IN29pOXRnX0NXS2NwZ1JGMmFCLTBwck9obDZ4RmlKWm55MGlTUUZsb2ZEZ1AwWlFmanpfLTFQSy1nemMwRmI4ekptSWFfdDNNaWc1YWZBSUpjaEwzVVjSAboBQVVfeXFMTjRjUldWRE1EN21xeUhialJPbU5xaWtZTFhIYTFWeHZiVHh0UUFwQTFOMm5FOFhPTHEwODBZTzdPaXJtTG1vNm9GNEF4UHhaY1lQdUdTazljNEc1RFVwbFQtdnhkc2g1UjhsYlBsY1k3LUVRZkNjRGR0X25YMU51b0hSc0hmXzU3cGIybll3cVlSalFDdEs0dFprZnk0Vk1NSG5RakE1cExicWgwOWN2TUxwdHV4ZmxmX3pB?oc=5,"<a href=""https://news.google.com/rss/articles/CBMitAFBVV95cUxNc29sNEwxM1NJa3Q2YllWXzh0Zl9VRGFuaTRGb2R4cjNJZ2dOYVE4WE9LREVhd2VMN0NWTGJpaGN6YWRZM3FLZGhTZ1ZNNU9SYzR5c0dyT3FHNFBiZ29IN29pOXRnX0NXS2NwZ1JGMmFCLTBwck9obDZ4RmlKWm55MGlTUUZsb2ZEZ1AwWlFmanpfLTFQSy1nemMwRmI4ekptSWFfdDNNaWc1YWZBSUpjaEwzVVjSAboBQVVfeXFMTjRjUldWRE1EN21xeUhialJPbU5xaWtZTFhIYTFWeHZiVHh0UUFwQTFOMm5FOFhPTHEwODBZTzdPaXJtTG1vNm9GNEF4UHhaY1lQdUdTazljNEc1RFVwbFQtdnhkc2g1UjhsYlBsY1k3LUVRZkNjRGR0X25YMU51b0hSc0hmXzU3cGIybll3cVlSalFDdEs0dF"
130,"Andrew Tate indicted in Romania for trafficking minors, money laundering",Other GBV,2026-09-04,,,,,,Under Investigation,1,Al Jazeera,https://news.google.com/rss/articles/CBMisAFBVV95cUxONE00MkY2VUg2cmZCMGItcTZGcFNKank0RUV4R19YYnNtVm54dHcyRG04RVhrUjlaLUhlQ0JVMEp2NWtsV3dmN1hUZVJTcHdQOFhqM2ZsZ2daRFdhWUJRVzJfeUNHQTBya1RWNC0wVEx4TDhrcUVVYkVMNWZaUFNrdFQwYlJCcmFxLWUyS1U1a21XYWwzM2ZUSENLX0NDaS1sVmg5dDFYWW1OMm96eXNLcNIBtgFBVV95cUxOaW1sQjFzakswT1djMGJlalVDMWdLbDFzQTZoWGRjUkU5d2hiMXVwdzNiS3hLVURNQVZnOTl0WjhESzdPUnlIc3ZwLXB4Q2l0c1kyTG9YbUtqWHpLMWRQQ2RLX0dUenptMWxaYjR5N0EyQXNSM1dpZW9UY09samJ6MHYybUhteGpERURXa1RHbjNqWENHam1rQ1R6ajVWdjNtWnd4QUYxQzNwY1Nhd1c0T0VGTE8wdw?oc=5,"<a href=""https://news.google.com/rss/articles/CBMisAFBVV95cUxONE00MkY2VUg2cmZCMGItcTZGcFNKank0RUV4R19YYnNtVm54dHcyRG04RVhrUjlaLUhlQ0JVMEp2NWtsV3dmN1hUZVJTcHdQOFhqM2ZsZ2daRFdhWUJRVzJfeUNHQTBya1RWNC0wVEx4TDhrcUVVYkVMNWZaUFNrdFQwYlJCcmFxLWUyS1U1a21XYWwzM2ZUSENLX0NDaS1sVmg5dDFYWW1OMm96eXNLcNIBtgFBVV95cUxOaW1sQjFzakswT1djMGJlalVDMWdLbDFzQTZoWGRjUkU5d2hiMXVwdzNiS3hLVURNQVZnOTl0WjhESzdPUnlIc3ZwLXB4Q2l0c1kyTG9YbUtqWHpLMWRQQ2RLX0dUenptMWxaYjR5N0EyQXNSM1dpZW9UY09samJ6MHYybUhteGpERURXa1RHbjNqWENHam1rQ1R6aj"
114,Women left feeling unsafe at night after rape in town,Sexual Assault,2026-09-04,,,,,,Under Investigation,1,BBC,https://news.google.com/rss/articles/CBMiWkFVX3lxTE1mR2NxLXlveTNYVjlUd1phY2kzRFkzaG1PYTYtdnBmRXZwZjUyNk9lZXh6UUNFeTNyYVhvYV92ekZ3QUxIajlNRlFCcXZmXzdNZVhVS0pTcTVudw?oc=5,"<a href=""https://news.google.com/rss/articles/CBMiWkFVX3lxTE1mR2NxLXlveTNYVjlUd1phY2kzRFkzaG1PYTYtdnBmRXZwZjUyNk9lZXh6UUNFeTNyYVhvYV92ekZ3QUxIajlNRlFCcXZmXzdNZVhVS0pTcTVudw?oc=5"" target=""_blank"">Women left feeling unsafe at night after rape in town</a>&nbsp;&nbsp;<font color=""#6f6f6f"">BBC</font>"
620,Chennithala refuses to share stage with rape case accused; DCC general secretary dropped from event,Sexual Assault,2026-09-03,Kerala,Kerala,Kerala,10.8505,76.2711,Under Investigation,1,Kerala Kaumudi,https://news.google.com/rss/articles/CBMi5AFBVV95cUxNLWpOMFVHaERFTU5GdWJLU1Q1MG9uN2xvcFNTYkkzdzhaVGpFcnFzLXVmaGN4NUxianVsVnJrbFJLS3VCbmJTLXRrVEZzU0h0bDhqUVVoQzJsdlhNVmNyYUxrdzZLSHhkMVFvR21fNmliV1AwMHlxY25qVXRCdnBzZWdYWmNfUlcySTNPY3QwMExfUzJpZFhXaTBSZUlzdWFhU1Q2dHo3bFZPLVYxQXQwLUhhMlczbmFSQmZ0N0RFVUllUi1PYURvUVk2YVBxbVA2WnNlZ3VJd1NFdVNGMG5sdEdXRGk?oc=5,"<a href=""https://news.google.com/rss/articles/CBMi5AFBVV95cUxNLWpOMFVHaERFTU5GdWJLU1Q1MG9uN2xvcFNTYkkzdzhaVGpFcnFzLXVmaGN4NUxianVsVnJrbFJLS3VCbmJTLXRrVEZzU0h0bDhqUVVoQzJsdlhNVmNyYUxrdzZLSHhkMVFvR21fNmliV1AwMHlxY25qVXRCdnBzZWdYWmNfUlcySTNPY3QwMExfUzJpZFhXaTBSZUlzdWFhU1Q2dHo3bFZPLVYxQXQwLUhhMlczbmFSQmZ0N0RFVUllUi1PYURvUVk2YVBxbVA2WnNlZ3VJd1NFdVNGMG5sdEdXRGk?oc=5"" target=""_blank"">Chennithala refuses to share stage with rape case accused; DCC general secretary dropped from event</a>&nbsp;&nbsp;<font"
597,"After Franco rape battle, 3 Kerala nuns stitch a new life with 'Stand By Me'",Sexual Assault,2026-09-03,Kerala,Kerala,Kerala,10.8505,76.2711,Under Investigation,1,Rediff,https://news.google.com/rss/articles/CBMivgFBVV95cUxNZWd0YkdaN2cwNWQ3TVB2ZFhKQkE3cThFNmNLUVZsWUFlZFljc25vbDFCeXp3ZThyRkVGV3ZiTHZCSUFoWkFtcUdwMHRjZXVFMTJqVEdEcjR1ZDhhRTgyUEF0UTlXOVhFTjVsYTUxeFVjNWtaa28xMEZSQUxOY1FwNHJ6SkdYV1QzZGVMVVppbWZOYkdRbzdyMkxQSEtQTE1JZzg1eVhIdlpqcjdmZXpvMHlpUUxRYWtyWUpzVzFB0gHAAUFVX3lxTFB4MzR1TmZFTzh3OXBLbkRMdXpYaWQyZU1taGJzam15MnBqRHRyVVlpdi1HRS1oR2tqd0hLbTJ5VGw2Nkd6ZVlWZW1pSXRaLWNJRWhzRHV2emJiTUUxcHVIa0lWbDlZVE9XdDdvYnhtX0Zaak9hb05lLVJmclZTQUJKTDd0cWpKSUNZV252LVFnWWZ5SFhVY3NaT1Fhc3BDNnl1ejRDeGY5c19aSXg0bG9Fd0NZNFBBRDhLc0VHWHpPVw?oc=5,"<a href=""https://news.google.com/rss/articles/CBMivgFBVV95cUxNZWd0YkdaN2cwNWQ3TVB2ZFhKQkE3cThFNmNLUVZsWUFlZFljc25vbDFCeXp3ZThyRkVGV3ZiTHZCSUFoWkFtcUdwMHRjZXVFMTJqVEdEcjR1ZDhhRTgyUEF0UTlXOVhFTjVsYTUxeFVjNWtaa28xMEZSQUxOY1FwNHJ6SkdYV1QzZGVMVVppbWZOYkdRbzdyMkxQSEtQTE1JZzg1eVhIdlpqcjdmZXpvMHlpUUxRYWtyWUpzVzFB0gHAAUFVX3lxTFB4MzR1TmZFTzh3OXBLbkRMdXpYaWQyZU1taGJzam15MnBqRHRyVVlpdi1HRS1oR2tqd0hLbTJ5VGw2Nkd6ZVlWZW1pSXRaLWNJRWhzRHV2emJiTUUxcHVIa0lWbDlZVE9XdDdvYnhtX0Zaak9hb05lLVJmclZTQUJKTDd0cWpKSUNZV252LV"
594,Stand By Me: Rape Survivor Nuns Launch Clothing Brand in Kerala,Sexual Assault,2026-09-03,Kerala,Kerala,Kerala,10.8505,76.2711,Under Investigation,1,Deccan Chronicle,https://news.google.com/rss/articles/CBMizAFBVV95cUxOUWQtbEdxRnFOQUtUeklSbTRuZ3BVYVYyUUtRcGlsRkF3LUZfUFJjSENtdHBJajBjUTdzZjJMdm90OWxsbzltUzF1YjJLbEgwOTJncnlmT3Z3SFByMnFVajR5S1BQdUFHcFJjb05VOFhQbTczWTBxZjBfUldISFN6V29BSkZLTnVtNlQ1d3o4ZU40MVloSXh2ZmV6anU1ZE9DeWJmMzEzaWhMY1BnQ3NjN01rWGtNRmdyamlJaWVJdjBsTWcxRzdid0ZFODbSAdIBQVVfeXFMUDRSSE5uY3B4VE1MR2c1TGhJVWpmQ3ZWVmtyYjBacS1YS3ZfRW52d251cFdRMjI4cVdDWlB3NnNDZXRoVFM4SE9lRm1uaDUxQ0RPTU9OQWd3cmFNN0JhOFhwWVZBOVpZMU1uLVFVeVhqTXQ0NHRpd2Vyckc1QWtWbjJEc0lpZkxjYTZmSTNQLVM5NUNPMGlPcnRuWkIzNGo3MWNYbVJHdTBWSWRjR0l3TC1Ib2hRWXpNak5KQVpKaTdoTmJLLWFYVXVYTEJkcTlsYnRB?oc=5,"<a href=""https://news.google.com/rss/articles/CBMizAFBVV95cUxOUWQtbEdxRnFOQUtUeklSbTRuZ3BVYVYyUUtRcGlsRkF3LUZfUFJjSENtdHBJajBjUTdzZjJMdm90OWxsbzltUzF1YjJLbEgwOTJncnlmT3Z3SFByMnFVajR5S1BQdUFHcFJjb05VOFhQbTczWTBxZjBfUldISFN6V29BSkZLTnVtNlQ1d3o4ZU40MVloSXh2ZmV6anU1ZE9DeWJmMzEzaWhMY1BnQ3NjN01rWGtNRmdyamlJaWVJdjBsTWcxRzdid0ZFODbSAdIBQVVfeXFMUDRSSE5uY3B4VE1MR2c1TGhJVWpmQ3ZWVmtyYjBacS1YS3ZfRW52d251cFdRMjI4cVdDWlB3NnNDZXRoVFM4SE9lRm1uaDUxQ0RPTU9OQWd3cmFNN0JhOFhwWVZBOVpZMU1uLVFVeVhqTXQ0NHRpd2Vyckc1QWtWbj"
593,Keralam rape survivor nun launches clothing brand to fund legal fight against Bishop,Sexual Assault,2026-09-03,,,,,,Under Investigation,1,Telegraph India,https://news.google.com/rss/articles/CBMi0wFBVV95cUxOOGl0aEo4OGpLUUQ4aElJeVVkMnRJamFrSDNmckRweW83M1AzZXhRcXFCdlFhanUtaUlsTFNBeXZmWXFDcE1RWlZ1OVlHVWpLdXFBdUUzQ1hISHprRk81ZzZLb2YtOUZvMEZMMVlCaEpWX3ZCVEN6cWo5dGpWVGoxVGxISUhBU2tTYU9xN0pUWjFFOG56UnZBSFl0YmlGaVBBa2hDZkRWaFZJd2VkTVIzdkU2NmJrSW5YbVBRbExVYXhpTWNDUXphM3RGR25OQnR6eTZR0gHYAUFVX3lxTFBRbFEzOW13NU8xNjVBNm80eWtka19zTGhQR0N0M3M3a1pPWE10dDFqcVJlbDJEcFhaN3BJNGV3ZXBlM2x6ZWFjMEZXd2Q0OXlIbHJoeHZ2M05yRWRPSkRvVjdQUFBTWTBpOXYwNnpmZVFVVGw5Z3VoaFl1ZnQ3UHNRRXFxVVNEWWl5RnF5WHRtc09NZGRmQk4wUVFMUWR1TG1tNlNiNVNkbVR1UzhVV05ubE9VTW96VDNuaDI3MmhTamRJWFFVWExTMWMzdURFRWpuWENtbThrVA?oc=5,"<a href=""https://news.google.com/rss/articles/CBMi0wFBVV95cUxOOGl0aEo4OGpLUUQ4aElJeVVkMnRJamFrSDNmckRweW83M1AzZXhRcXFCdlFhanUtaUlsTFNBeXZmWXFDcE1RWlZ1OVlHVWpLdXFBdUUzQ1hISHprRk81ZzZLb2YtOUZvMEZMMVlCaEpWX3ZCVEN6cWo5dGpWVGoxVGxISUhBU2tTYU9xN0pUWjFFOG56UnZBSFl0YmlGaVBBa2hDZkRWaFZJd2VkTVIzdkU2NmJrSW5YbVBRbExVYXhpTWNDUXphM3RGR25OQnR6eTZR0gHYAUFVX3lxTFBRbFEzOW13NU8xNjVBNm80eWtka19zTGhQR0N0M3M3a1pPWE10dDFqcVJlbDJEcFhaN3BJNGV3ZXBlM2x6ZWFjMEZXd2Q0OXlIbHJoeHZ2M05yRWRPSkRvVjdQUFBTWTBpOXYwNnpmZVFVVGw5Z3VoaF"
583,"Sri Lankan Tamil Doctor Alleges Sexual Assault By Vellore Pentecostal Mission Pastor, Husband Also Targeted With False Cases In 6-Year Ordeal",Sexual Assault,2026-09-03,Vellore,Vellore,Tamil Nadu,12.9165,79.1325,Under Investigation,1,thecommunemag.com,https://news.google.com/rss/articles/CBMi-wFBVV95cUxNNkZMWGpYUGhlSGRlX01MeFVVZFhEUnJMRTAyemZ6aTZfMEtsYlRHOFYxOGQyanItU3NkUEN4TFF0VWZBUF90c2ZEQ0V2U3JTQkVFOEoxaXV5VTQ1WWFhT3NTRzZ6aDhRWThxc0wwLUpyNGFGOXZkb3RPa0RDeVNMVEdkakdHTWNHaFdoZngwdmFhVW9KWjZfWklOUjFTRVM0NThlbmJac3J2Zm5CLWtHRC1fQUE5dWE5cl9ORERMTmQ2Y1hhcUFPYk10c2pYOHJQZ0sxRVd1NFNyRVQyWGF3NTJvaDhqczRkRGhxUkpVbTNSTXVndHVOVUs4UQ?oc=5,"<a href=""https://news.google.com/rss/articles/CBMi-wFBVV95cUxNNkZMWGpYUGhlSGRlX01MeFVVZFhEUnJMRTAyemZ6aTZfMEtsYlRHOFYxOGQyanItU3NkUEN4TFF0VWZBUF90c2ZEQ0V2U3JTQkVFOEoxaXV5VTQ1WWFhT3NTRzZ6aDhRWThxc0wwLUpyNGFGOXZkb3RPa0RDeVNMVEdkakdHTWNHaFdoZngwdmFhVW9KWjZfWklOUjFTRVM0NThlbmJac3J2Zm5CLWtHRC1fQUE5dWE5cl9ORERMTmQ2Y1hhcUFPYk10c2pYOHJQZ0sxRVd1NFNyRVQyWGF3NTJvaDhqczRkRGhxUkpVbTNSTXVndHVOVUs4UQ?oc=5"" target=""_blank"">Sri Lankan Tamil Doctor Alleges Sexual Assault By Vellore Pentecostal Mission Pastor, Hus"
578,"'Rs 5 Crore To Settle Rape Case': BJP Alleges Punjab CM Mann, Kejriwal Running 'Syndicate'",Sexual Assault,2026-09-03,Punjab,Punjab,Punjab,31.1471,75.3412,Under Investigation,1,outlookindia.com,https://news.google.com/rss/articles/CBMivwFBVV95cUxQdlNXZm92WW8zSUNDdlRQWGJHMXF0NVZrUF90N1pNeVVPU1lFdG9rcE5IZ2h6aEIyMW9hMUhxMElqQndrOFdoajZxOGZzcjh3bzVpZUE4ZDRCSmxUb1lUc1ZjX1RFVngyTXhDTHFHbzA5XzNOSEkteFpfZzNOVEhienk4OW1UNUFEYWxlZFFBZk05bkd1LXhfelowREFYR2JydFF4VFlHQW11R2RrX0ZmTVV4UDhHeXVaWmRjWVBRZ9IBzAFBVV95cUxQZ1BHV3ByUjNad2RhQ1BuSG9mY1pPTEFfaE9DWDdwZ2RqdWVRTTRmUkdrTTRtd0huU0ptZjhJTmxYN3hkZjJOSVljTmtPT1hiYXliVmdFeG1PMWxEQWdTYzBXLXBzS2RpNjVObngwN0ZPcnlOMndONWxzQk52LWgxWWRCdnFyM0lVZGJDSC1xY0ZOWVVTeTNsUEs2NXlVdVJBaExWdUJ0YUsxeEJxcm80bTRKcE51cEY1eE14TlBnR3NuWjg1Ukk2c3lzdlg?oc=5,"<a href=""https://news.google.com/rss/articles/CBMivwFBVV95cUxQdlNXZm92WW8zSUNDdlRQWGJHMXF0NVZrUF90N1pNeVVPU1lFdG9rcE5IZ2h6aEIyMW9hMUhxMElqQndrOFdoajZxOGZzcjh3bzVpZUE4ZDRCSmxUb1lUc1ZjX1RFVngyTXhDTHFHbzA5XzNOSEkteFpfZzNOVEhienk4OW1UNUFEYWxlZFFBZk05bkd1LXhfelowREFYR2JydFF4VFlHQW11R2RrX0ZmTVV4UDhHeXVaWmRjWVBRZ9IBzAFBVV95cUxQZ1BHV3ByUjNad2RhQ1BuSG9mY1pPTEFfaE9DWDdwZ2RqdWVRTTRmUkdrTTRtd0huU0ptZjhJTmxYN3hkZjJOSVljTmtPT1hiYXliVmdFeG1PMWxEQWdTYzBXLXBzS2RpNjVObngwN0ZPcnlOMndONWxzQk52LWgxWWRCdnFyM0lVZGJDSC"
526,RG Kar rape-murder case: Absconding ex-chief of Panihati Municipality arrested,Sexual Assault,2026-09-03,,,,,,Arrest Made,1,The Hans India,https://news.google.com/rss/articles/CBMixwFBVV95cUxOdW9idlFYLV81eG1xOXB0VXphaExuUGVQYXRzU3NoX1hfOUQ1WU9lUFNCM3M0N1hoakEybnZlUzVFOGZIdmdwbDFxY3Npdk5Oa0I1aXhhRTQyNWE1SFZhODJTWkF3XzVPOEdxdXRQaUcxVVhCaFl0eklCLVJrak15bjRzR1dlMXk5TUZaWll1anc1dEk2VzRvMm5pT1Z1SnM4NVFjRjRwdkpMaGhSNGNqSmgwdnZrOTJKZ2JvTWgyQVllbUcyY1dR?oc=5,"<a href=""https://news.google.com/rss/articles/CBMixwFBVV95cUxOdW9idlFYLV81eG1xOXB0VXphaExuUGVQYXRzU3NoX1hfOUQ1WU9lUFNCM3M0N1hoakEybnZlUzVFOGZIdmdwbDFxY3Npdk5Oa0I1aXhhRTQyNWE1SFZhODJTWkF3XzVPOEdxdXRQaUcxVVhCaFl0eklCLVJrak15bjRzR1dlMXk5TUZaWll1anc1dEk2VzRvMm5pT1Z1SnM4NVFjRjRwdkpMaGhSNGNqSmgwdnZrOTJKZ2JvTWgyQVllbUcyY1dR?oc=5"" target=""_blank"">RG Kar rape-murder case: Absconding ex-chief of Panihati Municipality arrested</a>&nbsp;&nbsp;<font color=""#6f6f6f"">The Hans India</font>"
524,Baruipur minor rape and murder: Bengal Police files chargesheet within 60 days,Sexual Assault,2026-09-03,,,,,,FIR Registered,1,The Hans India,https://news.google.com/rss/articles/CBMivwFBVV95cUxPRVE4N1UwaS1nalFhMElBQkw0bldQMDk4R0dZdTFRT0lyZkx0RFltdFAwMzNWVUlxVV9vWjhJRmlvRDBKbDJXcUY5UkR5U3F1RWNFdVhCYk5CMDY1RXJYOE95WWZRUFN1bmlmMWgycUlTVEVBTTlVbGtqTjlfeGh6NVF4cEdOZmZ2Z1h4MjJqM2lCN1Vzd0Z3QkZsNE9JWm5fWGYwbE9ONlE2ZGZ4czM0Y2pFcGhsQUtHb1hWS3JfQQ?oc=5,"<a href=""https://news.google.com/rss/articles/CBMivwFBVV95cUxPRVE4N1UwaS1nalFhMElBQkw0bldQMDk4R0dZdTFRT0lyZkx0RFltdFAwMzNWVUlxVV9vWjhJRmlvRDBKbDJXcUY5UkR5U3F1RWNFdVhCYk5CMDY1RXJYOE95WWZRUFN1bmlmMWgycUlTVEVBTTlVbGtqTjlfeGh6NVF4cEdOZmZ2Z1h4MjJqM2lCN1Vzd0Z3QkZsNE9JWm5fWGYwbE9ONlE2ZGZ4czM0Y2pFcGhsQUtHb1hWS3JfQQ?oc=5"" target=""_blank"">Baruipur minor rape and murder: Bengal Police files chargesheet within 60 days</a>&nbsp;&nbsp;<font color=""#6f6f6f"">The Hans India</font>"
522,‘None of our witnesses was called’: BJP MLA Ratna Debnath questions bail to accused in RG Kar rape-murder case,Sexual Assault,2026-09-03,,,,,,Under Investigation,1,EdexLive,https://news.google.com/rss/articles/CBMi4wFBVV95cUxOUUc3VXdrSTNPTWJXbktmLVlZa1VVU3VBYm03VDNiUFJvZF9mMzNWVjBJSElkM1k1aHBMbVllQkZ5RUpfQ1dIaFhyS2d6ZnR5TWd6NkRrelZsWTdObk1nX2VGcC1iTFBJanNqLUxHRk1OUmdYS0thelZnTDZRdmt3clBUUlpRZUVrdHhPOXVsZTNZWDNSMDVQSTNJQ210RDlXNHRiZmpJLW03cU9qNzlGZ3M0LTJoaC1iNkowVk9SUjBVR2hSQ2s0YjUxYi15MWRYeTJfTTY1WkstYktXSS1rby16ONIB8AFBVV95cUxOM0dDaU41Qkk3Z1E0N09qeGVfaTdJYU1Qc3ZoeFZLOFdzTnVGbTMtZnpiaExwLWxXTDJGM3pBbnR0TEt3Tk1OMjFONndMaElocV9XdExtVzZhbFIwZDNBQnhRZ2dUdjZ3aUN1Z2JGSDZoRHRKNmhvVFNJU1ZJNHdjUUlZOTN3azlscjRRSnpDbWdBLTA2b18wZHE1cF8wbTlfRTlRMzQ3RW41Z1dpRU1fY3FfbjZsSzJuNUJtNG5mTWxCZG44NUR2SVl2RGtXbmJWXzVGM19oU3ZfMlNaZlllcGU1a3hIMUZac000Vmt6Wkg?oc=5,"<a href=""https://news.google.com/rss/articles/CBMi4wFBVV95cUxOUUc3VXdrSTNPTWJXbktmLVlZa1VVU3VBYm03VDNiUFJvZF9mMzNWVjBJSElkM1k1aHBMbVllQkZ5RUpfQ1dIaFhyS2d6ZnR5TWd6NkRrelZsWTdObk1nX2VGcC1iTFBJanNqLUxHRk1OUmdYS0thelZnTDZRdmt3clBUUlpRZUVrdHhPOXVsZTNZWDNSMDVQSTNJQ210RDlXNHRiZmpJLW03cU9qNzlGZ3M0LTJoaC1iNkowVk9SUjBVR2hSQ2s0YjUxYi15MWRYeTJfTTY1WkstYktXSS1rby16ONIB8AFBVV95cUxOM0dDaU41Qkk3Z1E0N09qeGVfaTdJYU1Qc3ZoeFZLOFdzTnVGbTMtZnpiaExwLWxXTDJGM3pBbnR0TEt3Tk1OMjFONndMaElocV9XdExtVzZhbFIwZDNBQnhRZ2dUdjZ3aU"
515,RG Kar rape-murder: Bengal’s ex-Panihati chairman held over ‘hasty cremation’ | India News,Sexual Assault,2026-09-03,,,,,,Arrest Made,1,Hindustan Times,https://news.google.com/rss/articles/CBMi0wFBVV95cUxOTDh3WjhyWlVSXzdoZ18wcFVCNjM3WnRGMGc1Wncwd1dDWFZJZXJyV0RxVGJXVThrcTNmTFJQMkZDMmRYREhZYkpOVjVKVHNXcXBydklxdDFhRDVpZGp1SnBnYm8tM0tsSGlIWHd3N0xYQjNvVUFyVzZWR3NJd3hyQ1JIU1VlTXZjZS10bVZfS2liUllzTWRubll1Y2s4eFAxb2pJd1U1Q2pJUDNYQ3FwMFhUeUFJZGJYUDI3dDNXd0dsY1Nvc19FUElfOTdvY2NCRG800gHYAUFVX3lxTFBVNUxISHRfb1h6bk5UZ3k3WlpGdzdVLU00Rk9HT3RMMHdocFZKamNUdGpHblhMWG4ybUp2allZSWxITk9HVFNYR2dtNE1NRUVsUHNiUEFCMVZ4UlY3b1lwa0dfbUZCbEJsbXZtWE1vckRQZTRLNTU4dFQ2YnpkU09zbXVocGhLenpxMlVaU1hxN2E1cno3RzFDNDVUYURLQ0V2UEROcmhQM3lOVGhjVmRld2xFR2J1X0hKWXQ2TmpTZUhUQmZoZG55MklFVzNXcGJ1ekFVMnFDUg?oc=5,"<a href=""https://news.google.com/rss/articles/CBMi0wFBVV95cUxOTDh3WjhyWlVSXzdoZ18wcFVCNjM3WnRGMGc1Wncwd1dDWFZJZXJyV0RxVGJXVThrcTNmTFJQMkZDMmRYREhZYkpOVjVKVHNXcXBydklxdDFhRDVpZGp1SnBnYm8tM0tsSGlIWHd3N0xYQjNvVUFyVzZWR3NJd3hyQ1JIU1VlTXZjZS10bVZfS2liUllzTWRubll1Y2s4eFAxb2pJd1U1Q2pJUDNYQ3FwMFhUeUFJZGJYUDI3dDNXd0dsY1Nvc19FUElfOTdvY2NCRG800gHYAUFVX3lxTFBVNUxISHRfb1h6bk5UZ3k3WlpGdzdVLU00Rk9HT3RMMHdocFZKamNUdGpHblhMWG4ybUp2allZSWxITk9HVFNYR2dtNE1NRUVsUHNiUEFCMVZ4UlY3b1lwa0dfbUZCbEJsbXZtWE1vckRQZTRLNTU4dF"
514,RG Kar rape-murder case: Absconding ex-chief of Panihati Municipality arrested,Sexual Assault,2026-09-03,,,,,,Arrest Made,1,FM Bharat,https://news.google.com/rss/articles/CBMisAFBVV95cUxQRnQ1NXFTeWt2djJUZW9SaTRmSzFIRnVOV2cwdG4wcWlJNVY4Mnc5NE41MFplVzV3YVZ6Mnl4amZMTDNlTk10Zmk4NUJTbTIyblZaUnJUMkNRajRmU2N0YlBfNEpNM20ybm1QX2sxRXVjVjlxZy01Rm9ad1hjUG9GMHgwOWRqemFNZk5XUDc1MFV5QjZRQzlvLTBtMWdOUEtaQzFRbWNldDhHcE53MFhCZA?oc=5,"<a href=""https://news.google.com/rss/articles/CBMisAFBVV95cUxQRnQ1NXFTeWt2djJUZW9SaTRmSzFIRnVOV2cwdG4wcWlJNVY4Mnc5NE41MFplVzV3YVZ6Mnl4amZMTDNlTk10Zmk4NUJTbTIyblZaUnJUMkNRajRmU2N0YlBfNEpNM20ybm1QX2sxRXVjVjlxZy01Rm9ad1hjUG9GMHgwOWRqemFNZk5XUDc1MFV5QjZRQzlvLTBtMWdOUEtaQzFRbWNldDhHcE53MFhCZA?oc=5"" target=""_blank"">RG Kar rape-murder case: Absconding ex-chief of Panihati Municipality arrested</a>&nbsp;&nbsp;<font color=""#6f6f6f"">FM Bharat</font>"
509,Kishanganj rape accused arrested in Siliguri after 4 weeks,Sexual Assault,2026-09-03,Siliguri,Siliguri,West Bengal,26.7271,88.3953,Arrest Made,1,The Times of India,https://news.google.com/rss/articles/CBMiywFBVV95cUxPeDFWbUlWUmZ6TUxhWlJBU19vUE1rbFdmVHBHNzVMdm4tcTVtNE11RnZaTHVadEs3VC1vVDNQU1hGUFpobWo3b0h4azRtRlF0M3ZJS2pFeXctRmQ1NzhlUjNVb3VRa2NJWDA0YThTRUd1emV5em1hbmZxTFNscGZtSVpFMW9mNTZNSloxT0FrWEdYYVA2N0dxQlFKVmxPaEJFXzgtVmlMRjdFMUMtVURRb3IxSXc1REpIb0loUHZWM25zRndqeXlpMzVFa9IB0AFBVV95cUxQdk83b0RlQzkyeENJTjlqc25tdWptLS13M3luRkx3WnA1WlE2cDdpSDJIVlpmTGt1aU4tS1FZMGxuRlo0N0FBMS0weEl6WVpRRHhXbmdBckpGTnUtTGY2OVNmVjRVTXBVQWhXUEV5cTg0TjhZdXcwTFd4cXhtOE9Kd21ISUptb2pxTnpNYzVXdV9LSjNFNG9pMEhtWEtRZXkyMG1FYVIydmdfR05ORHl6SUNDVkxFSXlVb2ZURGFWcVJZT3FpdWZrUkNTUnVjZk51?oc=5,"<a href=""https://news.google.com/rss/articles/CBMiywFBVV95cUxPeDFWbUlWUmZ6TUxhWlJBU19vUE1rbFdmVHBHNzVMdm4tcTVtNE11RnZaTHVadEs3VC1vVDNQU1hGUFpobWo3b0h4azRtRlF0M3ZJS2pFeXctRmQ1NzhlUjNVb3VRa2NJWDA0YThTRUd1emV5em1hbmZxTFNscGZtSVpFMW9mNTZNSloxT0FrWEdYYVA2N0dxQlFKVmxPaEJFXzgtVmlMRjdFMUMtVURRb3IxSXc1REpIb0loUHZWM25zRndqeXlpMzVFa9IB0AFBVV95cUxQdk83b0RlQzkyeENJTjlqc25tdWptLS13M3luRkx3WnA1WlE2cDdpSDJIVlpmTGt1aU4tS1FZMGxuRlo0N0FBMS0weEl6WVpRRHhXbmdBckpGTnUtTGY2OVNmVjRVTXBVQWhXUEV5cTg0TjhZdXcwTFd4cXhtOE9Kd2"
497,Baruipur minor rape and murder: Bengal Police files chargesheet within 60 days,Sexual Assault,2026-09-03,,,,,,FIR Registered,1,FM Bharat,https://news.google.com/rss/articles/CBMisAFBVV95cUxQdFU2Z25LSjNvT1pRZ2V0S1Z5SkNGdklsSzB5QUJBRzRXVEhZX1BYZk1nNUVHQmI0V0FoSE5lUWc3YVpTT2lobmRjR21NcGNhdzlLZVZMZk9WZDF0UldXRUZBQU50cmxDdGpYR25KQVpQdURoRW92aXppXzRFcThZdnN5eU9waXpZcTQzaGx5LWMzaGlZZjRhcGJQeUQwOTFVZm1wV0hzaEhBcW04dTJ2VQ?oc=5,"<a href=""https://news.google.com/rss/articles/CBMisAFBVV95cUxQdFU2Z25LSjNvT1pRZ2V0S1Z5SkNGdklsSzB5QUJBRzRXVEhZX1BYZk1nNUVHQmI0V0FoSE5lUWc3YVpTT2lobmRjR21NcGNhdzlLZVZMZk9WZDF0UldXRUZBQU50cmxDdGpYR25KQVpQdURoRW92aXppXzRFcThZdnN5eU9waXpZcTQzaGx5LWMzaGlZZjRhcGJQeUQwOTFVZm1wV0hzaEhBcW04dTJ2VQ?oc=5"" target=""_blank"">Baruipur minor rape and murder: Bengal Police files chargesheet within 60 days</a>&nbsp;&nbsp;<font color=""#6f6f6f"">FM Bharat</font>"
494,Baruipur Rape-Murder Case: Police Submits 702-Page Chargesheet Within 60 Days,Sexual Assault,2026-09-03,,,,,,FIR Registered,1,ETV Bharat,https://news.google.com/rss/articles/CBMisAFBVV95cUxQQ1ROS3hibDdMcldjUDdKTklTYXYyWWI1dnh5NXhOOF9IVHFTYkVCVlJ6LTYwc1BSdGJFWVQxSDNIck5EeGVsRkQ3ZzlBWWJhakxMalRPdW10S3R2Q3BMNkdOclFfc1hCYnF4YkZrWVMtYjdmOTRqZXIwckg5eWNzSENyUmNDWWg4RlNBRGVIc1dweXJKVjh4R2F0WEFqX1VzZzhsNGczZG1nMUNwZ09MZNIBtgFBVV95cUxNWWJRbzhPalRmUDJSdWxkMW5pb0ROUWVYMTdveUd6SUxqd21hTktDT29xSWprZ0dRYkFKNGR1YjVlWGEzSmdvTlVKWEotaWhXN2NPZVBwUDBDaV9MRjFKRExPSlh6SlVTVlZlU2VPbTdHVm95aERfTDhSVG1qd0hvQ18xQXVyOXA3eGJrQW52MGpfdHBqWVBuWm5EMW44XzQzbzdDZGZUYnZfY1FUdk9xcTVGV2ZUQQ?oc=5,"<a href=""https://news.google.com/rss/articles/CBMisAFBVV95cUxQQ1ROS3hibDdMcldjUDdKTklTYXYyWWI1dnh5NXhOOF9IVHFTYkVCVlJ6LTYwc1BSdGJFWVQxSDNIck5EeGVsRkQ3ZzlBWWJhakxMalRPdW10S3R2Q3BMNkdOclFfc1hCYnF4YkZrWVMtYjdmOTRqZXIwckg5eWNzSENyUmNDWWg4RlNBRGVIc1dweXJKVjh4R2F0WEFqX1VzZzhsNGczZG1nMUNwZ09MZNIBtgFBVV95cUxNWWJRbzhPalRmUDJSdWxkMW5pb0ROUWVYMTdveUd6SUxqd21hTktDT29xSWprZ0dRYkFKNGR1YjVlWGEzSmdvTlVKWEotaWhXN2NPZVBwUDBDaV9MRjFKRExPSlh6SlVTVlZlU2VPbTdHVm95aERfTDhSVG1qd0hvQ18xQXVyOXA3eGJrQW52MGpfdHBqWVBuWm5EMW"
491,Former civic body chief Somnath Dey arrested in RG Kar rape-victim victim's cremation case,Sexual Assault,2026-09-03,,,,,,Arrest Made,1,Deccan Herald,https://news.google.com/rss/articles/CBMi3AFBVV95cUxPc250dnpTVEtrWm9kbm4tUmxPc0l2S2pveTZWekswY1dYNEtLR2luZkQ1NHduYzB5SVBWY3h2S08wNExvRzFEd1BLU2l5NmxzbDRzZWRWR3BmYTlMR0ZVQXAwd2JSMng3RWZ6TThyVG5MdTdHNEVGVUQ4NWU5SVZYY2JWNUE1dHYySUI3dk5ZbkJqbl9YcGFMQnRNUTV6YThSUzVmSzJkUXM5OFRiYXJzQm9OcFpRWjhIX0RQYWZwZm5FV2xoMEJ1ZDcydEZUUHpIU0RRZ0s1ajR2dVhy?oc=5,"<a href=""https://news.google.com/rss/articles/CBMi3AFBVV95cUxPc250dnpTVEtrWm9kbm4tUmxPc0l2S2pveTZWekswY1dYNEtLR2luZkQ1NHduYzB5SVBWY3h2S08wNExvRzFEd1BLU2l5NmxzbDRzZWRWR3BmYTlMR0ZVQXAwd2JSMng3RWZ6TThyVG5MdTdHNEVGVUQ4NWU5SVZYY2JWNUE1dHYySUI3dk5ZbkJqbl9YcGFMQnRNUTV6YThSUzVmSzJkUXM5OFRiYXJzQm9OcFpRWjhIX0RQYWZwZm5FV2xoMEJ1ZDcydEZUUHpIU0RRZ0s1ajR2dVhy?oc=5"" target=""_blank"">Former civic body chief Somnath Dey arrested in RG Kar rape-victim victim's cremation case</a>&nbsp;&nbsp;<font color=""#6f6f6f"">Dec"
474,West Bengal Police files 702-page chargesheet in Baruipur rape-murder case of 12-year-old girl,Sexual Assault,2026-09-03,West Bengal,West Bengal,West Bengal,22.9868,87.855,FIR Registered,2,"ETV Bharat, Deccan Herald",https://news.google.com/rss/articles/CBMi3wFBVV95cUxPaGxYYzJuaE9wWjduSnJkWWVBUDB4aWtSUHhGVjVqZEdLM2Z2Y1h5eE45cWFnXzdwYnFwenNJQnAyOTQ3Nm1pNzFQUlFhN2JUaUNwOVZsVldHX0xVYll5blRxekVjbFI4eDVjZWV3LUJqaXlYOW5JTjFsVExFTmVyeWJoYlFMQ0RKY0lNQS1YVkhJYlVPNU5Yd28tZTVDZmZYeGRGaWFRa2M3ZkRPXzhhdjJsVF90QTV3ZTRDNVhzY3BDaWMxLVFsWlE3dlNNdG1TLXJVOWFOMXIwMXFYTW400gHkAUFVX3lxTE53UnJFa0p0ZmRxa2J1Z1FCbXIzRVVFcjFVcWo5YUVHT1lzeXd4RTVBN2tIWk95VndlSW5qYzB4SThtcmd3Q2ZQem9rM2Y4VlJFanRpbzdBTllYakZRWmt3MjJHY1BCU3l4d0tmT3BfVVZTTlljcTN1Q2RodHB6ZXZJT1g0MmhnNnNvemI3YVRnWVdOMXR6bjRyYUpwSy1lbmZSY2JLa0JJV29Zdjg3VlFSbGRPWkRVME5rV0FwMmtfOWcyVF9EU1RWUHhMLXJ2M2NTRmJmckRyZU9zSVRKV1E3emgwYw?oc=5,"<a href=""https://news.google.com/rss/articles/CBMi4wFBVV95cUxQbXN3WU5mTTFNaXg3aEJ3UFIyR3B4ejVweTByN3VWVWNtWWFodklncFBzOVZFb01YVDFIRmxyT1dRbExXaS1SSDFRcUlZLU14cjhjMFFVSVJwZlBYSkVheUxzRWhkX1pDY2U2X2Q1U296WktvaTUwVGVQMlZMY2lkRWh6c0ZvY284VGV4ZVJFOG05VVpma25zMVJfQnpZblRCTGFGaGhuU3NDTkNRSjRPNFlsTG1TazFkaU5XVzdjclI0azJ1ZFhwVTY5QTQ1QnB2OVlUVnU4VlpjWDRWTklHS2djOA?oc=5"" target=""_blank"">West Bengal Police files 702-page chargesheet in Baruipur rape-murder case of 12-year-old girl</a>&nbsp;&nbsp;<font color"
457,Karnataka woman raped by two men after being lured to Kasaragod with job offer; one held,Sexual Assault,2026-09-03,Kasaragod,Kasaragod,Kerala,12.51,74.98,Arrest Made,1,Onmanorama,https://news.google.com/rss/articles/CBMizgFBVV95cUxOY1Fvb3ZHVFU0S2NhcnAtTHdiZ2toR0llX2FDNUxjSU9xeS14OXU2bDVYYXc5dDdmSlhrUVlVNjVOX3FnazUzVGhjNm9aWlVZQWJZaG1ZS2VnSzZZeEFubXFQc3ROVW5ta1hMVTluWjZFWnhTR1VKbFRjTmQ3M0FLZXVWcEJhVzJVdllWY25NSEJlUEJsV2c5MFpXbWRFT2ttM0xDa2NHd1FnalkxWTRnaDU1amlVVlBya3NJWVFQZVR6UGhiU0U2UGVWTXNEQdIBzgFBVV95cUxOY1Fvb3ZHVFU0S2NhcnAtTHdiZ2toR0llX2FDNUxjSU9xeS14OXU2bDVYYXc5dDdmSlhrUVlVNjVOX3FnazUzVGhjNm9aWlVZQWJZaG1ZS2VnSzZZeEFubXFQc3ROVW5ta1hMVTluWjZFWnhTR1VKbFRjTmQ3M0FLZXVWcEJhVzJVdllWY25NSEJlUEJsV2c5MFpXbWRFT2ttM0xDa2NHd1FnalkxWTRnaDU1amlVVlBya3NJWVFQZVR6UGhiU0U2UGVWTXNEQQ?oc=5,"<a href=""https://news.google.com/rss/articles/CBMizgFBVV95cUxOY1Fvb3ZHVFU0S2NhcnAtTHdiZ2toR0llX2FDNUxjSU9xeS14OXU2bDVYYXc5dDdmSlhrUVlVNjVOX3FnazUzVGhjNm9aWlVZQWJZaG1ZS2VnSzZZeEFubXFQc3ROVW5ta1hMVTluWjZFWnhTR1VKbFRjTmQ3M0FLZXVWcEJhVzJVdllWY25NSEJlUEJsV2c5MFpXbWRFT2ttM0xDa2NHd1FnalkxWTRnaDU1amlVVlBya3NJWVFQZVR6UGhiU0U2UGVWTXNEQdIBzgFBVV95cUxOY1Fvb3ZHVFU0S2NhcnAtTHdiZ2toR0llX2FDNUxjSU9xeS14OXU2bDVYYXc5dDdmSlhrUVlVNjVOX3FnazUzVGhjNm9aWlVZQWJZaG1ZS2VnSzZZeEFubXFQc3ROVW5ta1hMVTluWjZFWnhTR1VKbFRjTmQ3M0"
419,"Karnataka HC quashes rape case, says breakup cannot turn consensual sex into crime",Sexual Assault,2026-09-03,Karnataka,Karnataka,Karnataka,15.3173,75.7139,Under Investigation,1,indiatoday.in,https://news.google.com/rss/articles/CBMivwFBVV95cUxONHNza2QzOVVsblhPNDE4YWc4VTFLVTVwc1ExUG04RHNlTUxkakh3dEpWYVp3Um8zcFRpN0lpRmZibWV6MjZoR1hQSzZSOTRIeTB2X0tTNnFlZUFubklYeThfbTJqMXZvRDFLUHRXSFdiSWcwc0hvWGVTZ3ZOSWtHQkFqaExPQlRad1JvcnpWbFBLYTl5elB5cmtiV3Bzd3dYVk9CZ0Yyd1VCa28ycnVMQkZsMGNBdHhvRGZ3TE13a9IBxAFBVV95cUxPSHBRYldWZldTRUFGZmppeE05YlJYQWxXNmFuOGhQei1mdHV5VFlQbXkxOVRQRmN3YjVQQlVCNmJYQWZyVFRlYTB3M2lxZUZjUjhzZ0l5clVyam92ZkpNQnZ0bm84N1FYcmVFRVh2QkNHZjhqdFh5V1VDamNNSGdLeWhVcUhXb0lObmxIVVJydzhwaEV2RW16c3lyaE5pTzd5VU5GZGRQNFhTMmJjdHVRMlhHUklYOXpCUlhXOUZUR0g1bjVv?oc=5,"<a href=""https://news.google.com/rss/articles/CBMivwFBVV95cUxONHNza2QzOVVsblhPNDE4YWc4VTFLVTVwc1ExUG04RHNlTUxkakh3dEpWYVp3Um8zcFRpN0lpRmZibWV6MjZoR1hQSzZSOTRIeTB2X0tTNnFlZUFubklYeThfbTJqMXZvRDFLUHRXSFdiSWcwc0hvWGVTZ3ZOSWtHQkFqaExPQlRad1JvcnpWbFBLYTl5elB5cmtiV3Bzd3dYVk9CZ0Yyd1VCa28ycnVMQkZsMGNBdHhvRGZ3TE13a9IBxAFBVV95cUxPSHBRYldWZldTRUFGZmppeE05YlJYQWxXNmFuOGhQei1mdHV5VFlQbXkxOVRQRmN3YjVQQlVCNmJYQWZyVFRlYTB3M2lxZUZjUjhzZ0l5clVyam92ZkpNQnZ0bm84N1FYcmVFRVh2QkNHZjhqdFh5V1VDamNNSGdLeWhVcUhXb0lObmxIVV"
405,"WATCH: After Nearly 200 Years, Family In Maharashtras Beed Welcomes Girl Child With Drums, Fireworks & Sweets",Other GBV,2026-09-03,,,,,,Under Investigation,1,Free Press Journal,https://news.google.com/rss/articles/CBMi2AFBVV95cUxOZE94aTBleGFoNm9QRVRTNWVMUi1qdmo3MEtFRWw1ci1EalJNQTJRaUpXNU41TkwxLUFvazd6b3R2S0VtS3did2g2ZUdCTHdZaDB4Tm15OVhXWUJHdE5rWi1HQnpuc0dGdjZzenJSZ3VOb0tGR053TmtEdm80NThjU1ZvbnBNekx2aUVYXzMxVzdfc0NGWDdfOVZ5bU5qTFVGU2pBSTRPc2xZZXc4TXBhempsbkpOSEZDUGxqcHRHYXpqYlRYZW9uTFNLMVJVXzRuTzk1MXBKaGrSAd4BQVVfeXFMTVFnN2NGSFF2enRyd0JwUVJ1d3VHOGE2VUtMSjNDbWR5WGpEcXN1LVA2QVZOckhaNXpVX3Y2WDVuX3JoZW0zWi1iTWlBUkJ4MUN2aWl2SXNHZHNQa0hWMzZ3OENVT1NlNkxIeUNMNFNmRThRT2I0M1NwMVQtYjhqeTdBMGw5UDFuWnpZVHNEeXJwa1ctclZpTG1GRkZSbVFCcnN3RU45QU5pOTdsU1lnalNaNjRoUnctc0hlbkpOM25KclN3WlJjMkl3cmd4dks5Y3dqNENzeGVPYnNIWGhB?oc=5,"<a href=""https://news.google.com/rss/articles/CBMi2AFBVV95cUxOZE94aTBleGFoNm9QRVRTNWVMUi1qdmo3MEtFRWw1ci1EalJNQTJRaUpXNU41TkwxLUFvazd6b3R2S0VtS3did2g2ZUdCTHdZaDB4Tm15OVhXWUJHdE5rWi1HQnpuc0dGdjZzenJSZ3VOb0tGR053TmtEdm80NThjU1ZvbnBNekx2aUVYXzMxVzdfc0NGWDdfOVZ5bU5qTFVGU2pBSTRPc2xZZXc4TXBhempsbkpOSEZDUGxqcHRHYXpqYlRYZW9uTFNLMVJVXzRuTzk1MXBKaGrSAd4BQVVfeXFMTVFnN2NGSFF2enRyd0JwUVJ1d3VHOGE2VUtMSjNDbWR5WGpEcXN1LVA2QVZOckhaNXpVX3Y2WDVuX3JoZW0zWi1iTWlBUkJ4MUN2aWl2SXNHZHNQa0hWMzZ3OENVT1NlNkxIeUNMNFNmRThRT2"
395,Jalgaon: Violence Erupts In Bodwad Over Suspected Sexual Assault Of Minor Girl,POCSO / Minor,2026-09-03,Jalgaon,Jalgaon,Maharashtra,21.0077,75.5626,Under Investigation,1,Free Press Journal,https://news.google.com/rss/articles/CBMitAFBVV95cUxPWTVOeHZlaE5wZUZuVmY3dkNtcHJSV2o3ZHdaQVo4cy14WnJ6UnIxSWkxZmdMcmVqOERaRk1Sck1OSFh2TFZ6UlR1aXE5VUc4eUxPVWxuTklrZlZFdk1TN3NLNkV6T2JENVhndk5RcmZ0R0pBb0l4VVpFckZ6NGQwYWU2d29lOEdlVmg5ZzdRZWJZMkl2NkZoRFhsRW9tWTJJbU9aM3luczRDVVlvRUJhdzVyUVLSAboBQVVfeXFMTWVGbjhJNm4yZkJyQTV2VFIzLUxsczJ4ZXotd3ZqN19sWFdhZ2JlQ3h0cnZWR1JxVk9TeDVpV0FsUFNpOEZLc2dfRWRxb2dUSmw0OUxIX0dBbVVUa0x0bDZRc2E3N2EyNUQ5T1lYQ3RROHlneDlUQTJiaTVIYjdCV3BEQlVpaDUtMUNpRnhrclcwZWNqWWpIN2xtaUtnVVo0MzJCX0tyN0F1dVE4S0NKWnlPTHZzRFlha1dn?oc=5,"<a href=""https://news.google.com/rss/articles/CBMitAFBVV95cUxPWTVOeHZlaE5wZUZuVmY3dkNtcHJSV2o3ZHdaQVo4cy14WnJ6UnIxSWkxZmdMcmVqOERaRk1Sck1OSFh2TFZ6UlR1aXE5VUc4eUxPVWxuTklrZlZFdk1TN3NLNkV6T2JENVhndk5RcmZ0R0pBb0l4VVpFckZ6NGQwYWU2d29lOEdlVmg5ZzdRZWJZMkl2NkZoRFhsRW9tWTJJbU9aM3luczRDVVlvRUJhdzVyUVLSAboBQVVfeXFMTWVGbjhJNm4yZkJyQTV2VFIzLUxsczJ4ZXotd3ZqN19sWFdhZ2JlQ3h0cnZWR1JxVk9TeDVpV0FsUFNpOEZLc2dfRWRxb2dUSmw0OUxIX0dBbVVUa0x0bDZRc2E3N2EyNUQ5T1lYQ3RROHlneDlUQTJiaTVIYjdCV3BEQlVpaDUtMUNpRnhrclcwZWNqWWpIN2"
298,35-year-old man 'rapes' 3-month-old in UP; arrested,Other GBV,2026-09-03,Uttar Pradesh,Uttar Pradesh,Uttar Pradesh,26.8467,80.9462,Arrest Made,1,The Times of India,https://news.google.com/rss/articles/CBMivwFBVV95cUxOVEk5Mm1LUHpJODg2TVJfOGM0cjVEYU5VT2FlUHJlaW9pWU45VDZIYWpUT3l1aXBiZG5ONjlMSTgzRHFSMWdLM2tFbEJmbWdUb3d3MnN0WmF4YlBXekNGWmdBUnJ5aEhRME1TNHlNZkRGN3VqbHVSOXpzX3I3MEVpZmE2UW1fZHQ5UGNrRks4TDFpdjcxOUUzMWx2NGttdVgwX1p3SFE0YlJzbDJnUFh6d3dZR1Z5elo5ekdhMkF3RdIBxAFBVV95cUxQTU1zZkdieWJlRllnYlUwQUl6bFVYN2xSTTc2WEFvZVgzd2lzdmNHcTM0eXVyS2JUY05kWE1zMHpXUDFQcVlKYlN0NVRZOE9PMTZFTFF2MmFiOFBoZUNDNjdhb0dzRXkzOEp1aWNJVDBFRVc0MDBkRWZmT3U0MW84OWc3RVducWdObW5CNE5sMFZHSlNNRDFJWEJNNlA0b19DN1lnZXJLVlktTzBPRnFPXzZHMmdOZTQ1dThmaXBmX25mbV9y?oc=5,"<a href=""https://news.google.com/rss/articles/CBMivwFBVV95cUxOVEk5Mm1LUHpJODg2TVJfOGM0cjVEYU5VT2FlUHJlaW9pWU45VDZIYWpUT3l1aXBiZG5ONjlMSTgzRHFSMWdLM2tFbEJmbWdUb3d3MnN0WmF4YlBXekNGWmdBUnJ5aEhRME1TNHlNZkRGN3VqbHVSOXpzX3I3MEVpZmE2UW1fZHQ5UGNrRks4TDFpdjcxOUUzMWx2NGttdVgwX1p3SFE0YlJzbDJnUFh6d3dZR1Z5elo5ekdhMkF3RdIBxAFBVV95cUxQTU1zZkdieWJlRllnYlUwQUl6bFVYN2xSTTc2WEFvZVgzd2lzdmNHcTM0eXVyS2JUY05kWE1zMHpXUDFQcVlKYlN0NVRZOE9PMTZFTFF2MmFiOFBoZUNDNjdhb0dzRXkzOEp1aWNJVDBFRVc0MDBkRWZmT3U0MW84OWc3RVducWdObW5CNE"
279,UP Congress chief slams BJP govt over ‘silence’ on rape of minors,Sexual Assault,2026-09-03,Shillong,Shillong,Meghalaya,25.5788,91.8933,Under Investigation,2,"The Shillong Times, The Shillong Times",https://news.google.com/rss/articles/CBMipwFBVV95cUxNQUNCRGpLa01pY18xM3N1bnNwcUYwOXEyQmE1TTUwYXBvZHdfd3Z5SVhBTEhQb3dzYm1Pc0luMjRqZ2FVc29xeWhOazhoOEFKWmczV0JwajMweE1SLUstY251VkttVXZSQTg3d0ZLNks2TVJsV1hHUUlSMUV6dEd4SFlmRlhHSXdvRDRLNkJZT0RiOEJmR3J6bWZyMjlITUZ4Yk1ZSFZtWQ?oc=5,"<a href=""https://news.google.com/rss/articles/CBMipwFBVV95cUxNQUNCRGpLa01pY18xM3N1bnNwcUYwOXEyQmE1TTUwYXBvZHdfd3Z5SVhBTEhQb3dzYm1Pc0luMjRqZ2FVc29xeWhOazhoOEFKWmczV0JwajMweE1SLUstY251VkttVXZSQTg3d0ZLNks2TVJsV1hHUUlSMUV6dEd4SFlmRlhHSXdvRDRLNkJZT0RiOEJmR3J6bWZyMjlITUZ4Yk1ZSFZtWQ?oc=5"" target=""_blank"">UP Congress chief slams BJP govt over ‘silence’ on rape of minors</a>&nbsp;&nbsp;<font color=""#6f6f6f"">The Shillong Times</font>"
622,Love Relationship Has No Relevance When Victim Is Minor: Kerala HC Upholds 10-Year POCSO Sentence,POCSO / Minor,2026-09-02,Kerala,Kerala,Kerala,10.8505,76.2711,Under Investigation,1,Court Book,https://news.google.com/rss/articles/CBMizgFBVV95cUxNcnA0XzdiSzYyWnNTRVluUjNybTFfR3oySlB5TjF6LWR2RVByUDRENGp5MVMtWGp2U1d4VTV2ZXA5RHBydEhxZmRIbFF2emJKazQ2NC03Y1RucVgtOTBJc2lZZEJQZU1lMXFXS3FVRjlBemNCZl9hRm5VaUxuWkJXQkx1SUhDNm5WVEZTMEFtS25YcEhNckRTUGowVEZmQVZaLU9Ia0ZXQ29yMVp0blBVRS1lYjdUYlFRZVNPOWpnaWx3M3Z6MVRFc0NDTDEwZw?oc=5,"<a href=""https://news.google.com/rss/articles/CBMizgFBVV95cUxNcnA0XzdiSzYyWnNTRVluUjNybTFfR3oySlB5TjF6LWR2RVByUDRENGp5MVMtWGp2U1d4VTV2ZXA5RHBydEhxZmRIbFF2emJKazQ2NC03Y1RucVgtOTBJc2lZZEJQZU1lMXFXS3FVRjlBemNCZl9hRm5VaUxuWkJXQkx1SUhDNm5WVEZTMEFtS25YcEhNckRTUGowVEZmQVZaLU9Ia0ZXQ29yMVp0blBVRS1lYjdUYlFRZVNPOWpnaWx3M3Z6MVRFc0NDTDEwZw?oc=5"" target=""_blank"">Love Relationship Has No Relevance When Victim Is Minor: Kerala HC Upholds 10-Year POCSO Sentence</a>&nbsp;&nbsp;<font color=""#6f6f6f"">Court Book</fo"
616,Marriage under Muslim Personal Law no shield against POCSO: Kerala HC refuses to quash case Involving 17-year-old wife,POCSO / Minor,2026-09-02,Kerala,Kerala,Kerala,10.8505,76.2711,Under Investigation,1,Organiser,https://news.google.com/rss/articles/CBMi-AFBVV95cUxOUWRJSHduNHlaUktMQ2pFa1Z3MmZjUVd5aW5FZzlzcDUyYndJSzdmNldYck5pall2cUJXUk5sN0JYREJqUjAzT00xMWtzZlJQVnNFM3VZN2dQc1lVMU5vc240aHE0YmN1Nm0wbUF0dFg2dmgxem1MOUlJR2xLX0I3cHU0dDd3Uk5FMFhFR1BrVnhkdk1nc2g5M0tZeFFFSFdtZTN5Z25mT19hNXBaWXc3QnpWX2M3NkJ4RURFTkdfVWhXcS16Y2VJMnUyeFJKbHVjbGVKZ1pkTXh5Y0xUeFY4NnJpLXJGSExxT0ttVU5JZFNTbXVRc0s0adIB_gFBVV95cUxQcmstMzN0YWdVMWZ1RER1clMzWC1VQ0tGSTBkODc3a2VvQmZLY0J1ZUhfU1JOZFh3MmdFUTRSYTFUcDdzMWlaR0xISURuWGo4TUJVNTRGU2FiTnpkR09qTFNvZlUtWXhlQmx6amJkYUM0TkVhc3RKWXFsVUpWX2Z2d2lCQmRtSkpNMHdFWWNoWkJ1MzA3czdnVldxWXI3czU4OS1CYlZWUEhRNE9vVnJYSDJTdGgzNWZrcllkeXc2Z3hqcGl6NTVfdXR3VkhtV19QdzhnTFBpN2I4V3FtSWE2TkJPVmM2d0c5bE5aVlFLTVFTUk05czdLaXhqOWNYQQ?oc=5,"<a href=""https://news.google.com/rss/articles/CBMi-AFBVV95cUxOUWRJSHduNHlaUktMQ2pFa1Z3MmZjUVd5aW5FZzlzcDUyYndJSzdmNldYck5pall2cUJXUk5sN0JYREJqUjAzT00xMWtzZlJQVnNFM3VZN2dQc1lVMU5vc240aHE0YmN1Nm0wbUF0dFg2dmgxem1MOUlJR2xLX0I3cHU0dDd3Uk5FMFhFR1BrVnhkdk1nc2g5M0tZeFFFSFdtZTN5Z25mT19hNXBaWXc3QnpWX2M3NkJ4RURFTkdfVWhXcS16Y2VJMnUyeFJKbHVjbGVKZ1pkTXh5Y0xUeFY4NnJpLXJGSExxT0ttVU5JZFNTbXVRc0s0adIB_gFBVV95cUxQcmstMzN0YWdVMWZ1RER1clMzWC1VQ0tGSTBkODc3a2VvQmZLY0J1ZUhfU1JOZFh3MmdFUTRSYTFUcDdzMWlaR0xISURuWGo4TUJVNT"
615,Kissing Child’s Private Part With Sexual Intent Amounts To Penetrative Sexual Assault Under POCSO: Kerala High Court,POCSO / Minor,2026-09-02,Kerala,Kerala,Kerala,10.8505,76.2711,Under Investigation,1,Court Book,https://news.google.com/rss/articles/CBMi2AFBVV95cUxQcTRQd2FyOENlSWZLb05jNDdBQ0JyeGxwbVhMN2VqQ0lkb3JfbG13a3BpT0s2QTNuMVZFanVORTBGd1FTOU1KVlphRjB5X05xbTJCMFMwOGhuRmZXSTNxZUZodnNmOVp6ZFJxQTg1R0FVNXFxNHIyLTdxdHpRcnFRNnNzM005cjVTeTk1OXhtcENFYVphLXNYWld5UWw5NGdNRVdfZXUtdjNjREVCXzc2dl9wVlBsWHNiWGxlWVdwS0Rvd3Z2LXpNWjhnZDBOM09fam84ZElTZFY?oc=5,"<a href=""https://news.google.com/rss/articles/CBMi2AFBVV95cUxQcTRQd2FyOENlSWZLb05jNDdBQ0JyeGxwbVhMN2VqQ0lkb3JfbG13a3BpT0s2QTNuMVZFanVORTBGd1FTOU1KVlphRjB5X05xbTJCMFMwOGhuRmZXSTNxZUZodnNmOVp6ZFJxQTg1R0FVNXFxNHIyLTdxdHpRcnFRNnNzM005cjVTeTk1OXhtcENFYVphLXNYWld5UWw5NGdNRVdfZXUtdjNjREVCXzc2dl9wVlBsWHNiWGxlWVdwS0Rvd3Z2LXpNWjhnZDBOM09fam84ZElTZFY?oc=5"" target=""_blank"">Kissing Child’s Private Part With Sexual Intent Amounts To Penetrative Sexual Assault Under POCSO: Kerala High Court</a>&nbsp;&nbsp;<fon"
610,Section 3(d) POCSO Act Attracted Where Mouth Is Applied To Private Parts Of Victim Child: Kerala High...,POCSO / Minor,2026-09-02,Kerala,Kerala,Kerala,10.8505,76.2711,Under Investigation,1,Verdictum,https://news.google.com/rss/articles/CBMiywFBVV95cUxPc0pyQUlfOUh4SGE1Z01LYWJrekV0Q1hVNWtMelM5bFNQdHVNRVQyR1plYUluRGlnRGxYMzkyeVNjcmpHYmlMRV9iLWpQQjA4TzQ2S1BWd0h4anA2ZDFTeGpaa2pCNmtSdS1mZnQwSFpWTm9YazJCbUh2T01ZemVFSHF1QzZENGoya0VlWEhYZ1huN1lQRzU3MGc2R3F1MGVlX2xFWnFFSk56V1czaXBMeHJyeFo1Y1JLSG5LNVltZmc5Tzk5YVdsVjVHc9IB0AFBVV95cUxQZkdZV01mMFIyb1dCcGRIMFhsbHNsUzV0S05lbkF5dHJZX0UzWnlkZzQtSTZyR1RzRWxlZTRMRlpfWUJ6b19hWE93YWNmT2xEeEVNNUlqOTNMOHBLdkZONUx6TXYxbUxLa3dPSVM0cERPOEM1UHRNR0RpQlN3WVdxYzY0M1RQNUk2Ym9aR0IzdHRNQzRHVmR2cmlaanpPY3VIaGdrdm1RWEdIZ3NFMk9OTHZ3dHMtdGszWkhBWW9qMEgxR3lacFVuSnNRNVhISno2?oc=5,"<a href=""https://news.google.com/rss/articles/CBMiywFBVV95cUxPc0pyQUlfOUh4SGE1Z01LYWJrekV0Q1hVNWtMelM5bFNQdHVNRVQyR1plYUluRGlnRGxYMzkyeVNjcmpHYmlMRV9iLWpQQjA4TzQ2S1BWd0h4anA2ZDFTeGpaa2pCNmtSdS1mZnQwSFpWTm9YazJCbUh2T01ZemVFSHF1QzZENGoya0VlWEhYZ1huN1lQRzU3MGc2R3F1MGVlX2xFWnFFSk56V1czaXBMeHJyeFo1Y1JLSG5LNVltZmc5Tzk5YVdsVjVHc9IB0AFBVV95cUxQZkdZV01mMFIyb1dCcGRIMFhsbHNsUzV0S05lbkF5dHJZX0UzWnlkZzQtSTZyR1RzRWxlZTRMRlpfWUJ6b19hWE93YWNmT2xEeEVNNUlqOTNMOHBLdkZONUx6TXYxbUxLa3dPSVM0cERPOEM1UHRNR0RpQlN3WVdxYz"
609,'Sex with minor wife is offence under POCSO': Kerala HC says Muslim personal law can't shield accused from ...,POCSO / Minor,2026-09-02,Kerala,Kerala,Kerala,10.8505,76.2711,Under Investigation,1,Bhaskar English,https://news.google.com/rss/articles/CBMiwgFBVV95cUxOeUU3czR4VUp1emh4N3ZTalpsUWd1c2R2RVh4d2FjYmlHdDlnVUFkd21jNERLZ0g5X2hUeGRXX1MyY2VZelc0VUU4Zk4tR1NwdzZVZ0lXRGxZQ3VQZ0ttTkNFd0tQZTVXY1JhanVJZkhYRC1qWkJOM3ZsNFUzRVpzWWVjREtwemZ0d0FKdS1iQTdRSk52TkNsOGJLc25nVThFdkJ4M1FiX0hacmsxRlV2dDNsV212QzVVU3E2NWNtR090UdIBxwFBVV95cUxQV3hmblMwdnFaU1JleHhubVhLdDJPQ0c3eDR6MVRVREc5MmpyMjN4VTgyRVJBZ2N5Z29rRnlwNV8zWDJ5eXJkM3BHbENxSWs5S09yYk1LSWhvV0RMQjl2RXAwSlkyNFpmTjNBNk5qdTFqZ3RpbTdfUlU0TTNSWDd5cGRveFV4WVMxYlJmaWpwak9OS21lU1R0WkJpVTBrWVFUdFdpVEZjSnE0anRRa3pyOVdaMl9LcnhETzNnNk9HUnpTcEtnTlBj?oc=5,"<a href=""https://news.google.com/rss/articles/CBMiwgFBVV95cUxOeUU3czR4VUp1emh4N3ZTalpsUWd1c2R2RVh4d2FjYmlHdDlnVUFkd21jNERLZ0g5X2hUeGRXX1MyY2VZelc0VUU4Zk4tR1NwdzZVZ0lXRGxZQ3VQZ0ttTkNFd0tQZTVXY1JhanVJZkhYRC1qWkJOM3ZsNFUzRVpzWWVjREtwemZ0d0FKdS1iQTdRSk52TkNsOGJLc25nVThFdkJ4M1FiX0hacmsxRlV2dDNsV212QzVVU3E2NWNtR090UdIBxwFBVV95cUxQV3hmblMwdnFaU1JleHhubVhLdDJPQ0c3eDR6MVRVREc5MmpyMjN4VTgyRVJBZ2N5Z29rRnlwNV8zWDJ5eXJkM3BHbENxSWs5S09yYk1LSWhvV0RMQjl2RXAwSlkyNFpmTjNBNk5qdTFqZ3RpbTdfUlU0TTNSWDd5cGRveFV4WVMxYl"
596,"Kissing child’s genitals is penetrative sexual assault under POCSO, rules Kerala High Court",POCSO / Minor,2026-09-02,Kerala,Kerala,Kerala,10.8505,76.2711,Under Investigation,1,The Indian Express,https://news.google.com/rss/articles/CBMivgFBVV95cUxNejN0eTUzTDJSbS12OERodV9WcUNFXzFRcEhyUGZ1bE0tV0c1YmVveU0wX3hoZWtVbk84XzU3cHFoQUFkSlBMRGNOTXlROWVIeGpmUXlXR1hxRk50cHdsLWpGTkJCdHBUa1d6bVJZV3RpcVZPR0F5TmRoUlZxNldONUc2NVFZM3NEZHpSTTFFZFdraldyRzdlNHFUMDk0bW8zbF9rS0NtU0ozaVc3ZEJQTExwQlp1alBpREdPMEpn0gHEAUFVX3lxTE1ndWNtTXliZDZrcUpwQk9ha25wMW1KS015VUhMeXNVd24yWDI5ZmxtLVZxN3lqdlZSWWh3R3JUYnZ6NE1kdGlrWTlxcUhLYndBcmtWamNSTlRKRUxNcFVES1BnelhyR2lWSmt4c3ZKSjdweTFLSFAzemhaN2phYlJJZ1JRTHVkbS1KY3Q5WTN5M2dTM2QzSnNLWmplWlFmRFg2eEtjZGRzWFhHUUd4ZU9iRURKYWxMS0FLZWJ3dnJPeC1sajM?oc=5,"<a href=""https://news.google.com/rss/articles/CBMivgFBVV95cUxNejN0eTUzTDJSbS12OERodV9WcUNFXzFRcEhyUGZ1bE0tV0c1YmVveU0wX3hoZWtVbk84XzU3cHFoQUFkSlBMRGNOTXlROWVIeGpmUXlXR1hxRk50cHdsLWpGTkJCdHBUa1d6bVJZV3RpcVZPR0F5TmRoUlZxNldONUc2NVFZM3NEZHpSTTFFZFdraldyRzdlNHFUMDk0bW8zbF9rS0NtU0ozaVc3ZEJQTExwQlp1alBpREdPMEpn0gHEAUFVX3lxTE1ndWNtTXliZDZrcUpwQk9ha25wMW1KS015VUhMeXNVd24yWDI5ZmxtLVZxN3lqdlZSWWh3R3JUYnZ6NE1kdGlrWTlxcUhLYndBcmtWamNSTlRKRUxNcFVES1BnelhyR2lWSmt4c3ZKSjdweTFLSFAzemhaN2phYlJJZ1JRTHVkbS1KY3Q5WT"
567,"Police bid to close probe rejected, Chennai granite businessman arrested in POCSO case",POCSO / Minor,2026-09-02,Chennai,Chennai,Tamil Nadu,13.0827,80.2707,Arrest Made,1,The Indian Express,https://news.google.com/rss/articles/CBMiqwFBVV95cUxQSW1jNERVNXlfWEFPSXNJdHpmWm9iU0M4ZGkxcnc4bUNMQndNQy1uTEJraWlKbVJ2eDRjdlgtTWVwWVFGVFdoWHhZaXF6a0lNWHk4cFpYNUZsU2Z5NXVrdEZvRlk4Mm9RS09TM1c2LUdrOUNaZXcyMDM2cV9qY2N4OGs3Z3N3T05obWszSkhzYVh6U1c3NnBrTGhsTGoyTGpnLVlJYXl5T05JQ3fSAbIBQVVfeXFMTWxwYjBqaFUzM0FxRFBxQkQ4bzQ1enp1aEdDS2NxaVlpSDNoYk1xYzdjMFEtSkRzVjhCRWppSE5RZnRLVUduWHRUWDBCd2d4eTF6dW1UQVYtQTlka3ZRaWRyUzhMVkY2QUN1S2FoZk0wbUwxLWhkN2JEd041MzNCRnEzamZCNkpVbEl1T1haNTNWZTFQeDVDV2phZmRTYk0zbEZZOUM2VWM3bTBLNDZCN2N3Zw?oc=5,"<a href=""https://news.google.com/rss/articles/CBMiqwFBVV95cUxQSW1jNERVNXlfWEFPSXNJdHpmWm9iU0M4ZGkxcnc4bUNMQndNQy1uTEJraWlKbVJ2eDRjdlgtTWVwWVFGVFdoWHhZaXF6a0lNWHk4cFpYNUZsU2Z5NXVrdEZvRlk4Mm9RS09TM1c2LUdrOUNaZXcyMDM2cV9qY2N4OGs3Z3N3T05obWszSkhzYVh6U1c3NnBrTGhsTGoyTGpnLVlJYXl5T05JQ3fSAbIBQVVfeXFMTWxwYjBqaFUzM0FxRFBxQkQ4bzQ1enp1aEdDS2NxaVlpSDNoYk1xYzdjMFEtSkRzVjhCRWppSE5RZnRLVUduWHRUWDBCd2d4eTF6dW1UQVYtQTlka3ZRaWRyUzhMVkY2QUN1S2FoZk0wbUwxLWhkN2JEd041MzNCRnEzamZCNkpVbEl1T1haNTNWZTFQeDVDV2phZmRTYk0zbE"
541,Tamil Nadu: Five including two minors arrested for gang-raping 16-year-old girl,Other GBV,2026-09-02,Tamil Nadu,Tamil Nadu,Tamil Nadu,11.1271,78.6569,Arrest Made,1,DT Next,https://news.google.com/rss/articles/CBMitgFBVV95cUxOM3MyeXhBZGZkdWlUOUJjTmRjUjNLV3Z0M0RocEo5MmE1OW9wNjY1cENURUxxN1l1UTR1RllPMDB1MmZPb21MRGJpVk5abkwwdkdXTHQtMzlfRDFTMmxsdzhnSkd0MEV5cjItRTAzTjg5Vm12VFh3TlBScGRTSHM4RTRWeXJ3akdhbmdfMFNIUFJlajFpVVpPYklOeEpFOFl0TkZZM055clZnTTlJYTd0TnJSLVA0QdIBwwFBVV95cUxONkJsam5ZSDZBQzRZODNhbl9OTHZWSTNZdl9LRGtZQWtsWWpNSmFfZ283aGU4aW5jUFByVXRLNk0ybDBnZUNnRnU3RGVLUUJUNS1RYUZjaV9yUlZMWG1pUmdZVzVXV040YWR6SUV0ZVY5bHVJdnlJTVFMX20tVXR3bmZPNTFYQ1FWcDhZQkNGUHhGZGlkajZybWdRZGY4c1hJV2NHSzBTVEdDTVVITF9jSXVtb01WVzM4S0pCYkNuVkhWdGs?oc=5,"<a href=""https://news.google.com/rss/articles/CBMitgFBVV95cUxOM3MyeXhBZGZkdWlUOUJjTmRjUjNLV3Z0M0RocEo5MmE1OW9wNjY1cENURUxxN1l1UTR1RllPMDB1MmZPb21MRGJpVk5abkwwdkdXTHQtMzlfRDFTMmxsdzhnSkd0MEV5cjItRTAzTjg5Vm12VFh3TlBScGRTSHM4RTRWeXJ3akdhbmdfMFNIUFJlajFpVVpPYklOeEpFOFl0TkZZM055clZnTTlJYTd0TnJSLVA0QdIBwwFBVV95cUxONkJsam5ZSDZBQzRZODNhbl9OTHZWSTNZdl9LRGtZQWtsWWpNSmFfZ283aGU4aW5jUFByVXRLNk0ybDBnZUNnRnU3RGVLUUJUNS1RYUZjaV9yUlZMWG1pUmdZVzVXV040YWR6SUV0ZVY5bHVJdnlJTVFMX20tVXR3bmZPNTFYQ1FWcDhZQkNGUHhGZGlkaj"
479,"Two years after doctor’s rape-murder, a long night at Kolkata hospital",Sexual Assault,2026-09-02,Kolkata,Kolkata,West Bengal,22.5726,88.3639,Under Investigation,1,The Indian Express,https://news.google.com/rss/articles/CBMiqwFBVV95cUxNSTNUc29jc29jeGJzeDB6MWRVeExjVGdsWHNKMTNlTG9RZ19MdzVTYmR1QmZEVWdlRjNIanpJa3FFQkw2MS05Q1RDamVYRWx1c0FyMGF4aDZ4Um5yWHpNek1QVk5tVmdMUEdaQW4xZUVCR29wckJqU05PTGY0Z2M0SWtZZkEwckZ2OExUczAtYXZjdTNmUkp3eVZSaEJOeFpGYk9KUDItRkJ0WGvSAbIBQVVfeXFMT1pnbS1NS1JHWnVBRS1yLU9WWTlVQWJqOGJNWm1hUm5xaTBYUEFGSlVBNlZsTVNtU0h5UWF5Q0d4dW1IZHQtLWNFU3NscUh0dGhXZG01anVEWmt1SE92UExmNjBXTF8ydTJkQWMwUHpkSDdtUVZEb0Y1WVBYR1BTZHBTbXZ5WGlMTHJRZkVweGVtNTFLNmlhb0lOUVlRVG5ONm5DVUxPT1RnVXRXWlp0bkYtQQ?oc=5,"<a href=""https://news.google.com/rss/articles/CBMiqwFBVV95cUxNSTNUc29jc29jeGJzeDB6MWRVeExjVGdsWHNKMTNlTG9RZ19MdzVTYmR1QmZEVWdlRjNIanpJa3FFQkw2MS05Q1RDamVYRWx1c0FyMGF4aDZ4Um5yWHpNek1QVk5tVmdMUEdaQW4xZUVCR29wckJqU05PTGY0Z2M0SWtZZkEwckZ2OExUczAtYXZjdTNmUkp3eVZSaEJOeFpGYk9KUDItRkJ0WGvSAbIBQVVfeXFMT1pnbS1NS1JHWnVBRS1yLU9WWTlVQWJqOGJNWm1hUm5xaTBYUEFGSlVBNlZsTVNtU0h5UWF5Q0d4dW1IZHQtLWNFU3NscUh0dGhXZG01anVEWmt1SE92UExmNjBXTF8ydTJkQWMwUHpkSDdtUVZEb0Y1WVBYR1BTZHBTbXZ5WGlMTHJRZkVweGVtNTFLNmlhb0lOUVlRVG5ONm"
398,Hampshire Withdraws Scott Kuggeleijn Signing After Fan Backlash Over Past Rape Trials,Sexual Assault,2026-09-02,,,,,,Under Investigation,1,Free Press Journal,https://news.google.com/rss/articles/CBMiwgFBVV95cUxPUkVDT01YNlQtN3ZCSXdyV0FDd3ZVLWJaNk1ZWC1GeHIxenpjOVJuRlJDWmY0dTdYSnRfcTRUeEloNVRrOXpTemkycnJ3c2pFZUpncjlydlZWZ1ZhczlRSEp2LWJiR3V0NmdCRFBGX0tSMDdTX3dURUlndUpVWmk0eWdxbW9INXZOdkRkdHZLVmY5SnM2X25NdUpmNVVVY0luRmU0S2NPQ092cUM4VTVFSWl0U3ZMX1VZWnByVTJHVnRHZ9IBxwFBVV95cUxNTElES3JVVUx4eEtaLVBkU2JoQWRTVU53RGdkUjNnVGFJbjZSMnZJbnBxUFBwd0VrRC1GSm9CbUlvN1QtU2QzZ3cyay0xYUlwYm5tc2laWUdTdl91SUxRU0pINmw2WXlrRGxfd3JqVkpyaTY3cHJtWnp4YnNoZEhqVjZQamtNMWdyOVFMSFgyYndaRUFIQmdFbDdtTFhSSEFWRUdPMERIblRhQlpfOURwYlgzLXhfejBPMnJHZUl2ZjJYdG4tWjJF?oc=5,"<a href=""https://news.google.com/rss/articles/CBMiwgFBVV95cUxPUkVDT01YNlQtN3ZCSXdyV0FDd3ZVLWJaNk1ZWC1GeHIxenpjOVJuRlJDWmY0dTdYSnRfcTRUeEloNVRrOXpTemkycnJ3c2pFZUpncjlydlZWZ1ZhczlRSEp2LWJiR3V0NmdCRFBGX0tSMDdTX3dURUlndUpVWmk0eWdxbW9INXZOdkRkdHZLVmY5SnM2X25NdUpmNVVVY0luRmU0S2NPQ092cUM4VTVFSWl0U3ZMX1VZWnByVTJHVnRHZ9IBxwFBVV95cUxNTElES3JVVUx4eEtaLVBkU2JoQWRTVU53RGdkUjNnVGFJbjZSMnZJbnBxUFBwd0VrRC1GSm9CbUlvN1QtU2QzZ3cyay0xYUlwYm5tc2laWUdTdl91SUxRU0pINmw2WXlrRGxfd3JqVkpyaTY3cHJtWnp4YnNoZEhqVjZQamtNMWdyOV"
377,"Belgian PM Wever in India for first official visit, talks with Modi",Other GBV,2026-09-02,Assam,Assam,Assam,26.2006,92.9376,Under Investigation,2,"The Assam Tribune, The Assam Tribune",https://news.google.com/rss/articles/CBMiqgFBVV95cUxNRGNrMTkwYzBWMHZleUVKT0dXbjJhQlVxVjdrNHhuVzlvYXFuc1lnWUFWSmRlMTNTc2dVM2JvNjc2QUNUdi1VWlVIQlNJRFJYTDRjallYbzdRQi1LQU1GRTJXdnU0ZXR0QmpoNFpCb0dfTEpBS1ZBMGdhdEw4dXNuTnhOeWJlMHRnTmFNS013bzlJQ1R1MF9xbUxJYjVXYjktMnpHVG0xek1CZ9IBrwFBVV95cUxPdW5zNldWY2pmNE1fazNrNnAzaE9yT1hobmdYbHk4TVZmVklvYnh3MERfQ2w1MVhRNTZnWmI0Mm93UmVIS0dEUTZ2cUZuNi1jaTMtcC11ZmRYcU9BV09HcG1RS3BJbk5XbzJmTXdRd3NOWFpTUVFHVEp2WTRrdzd3Zjgyd0dRc2xRaFJkeGhsc09DbXU4OEo3ZVlXSDRIcFJ1ZG5NeWhaZzBQVzRiOHRn?oc=5,"<a href=""https://news.google.com/rss/articles/CBMirAFBVV95cUxPTExxVDFiejEzNnhPZEE5b1RMcDhfNzlBWUNtNXpFZlM0TVVlcXE3QzhwTFczb2dYZlRxZDlabzBvd240R1ZwOE5EblhoOFF2OHRUT001TWRyc0ZwbFRxNXY1YVdFMUtNUnZjWGdRd1FsMXBvRmNXQUxXMHNDcHZpS05CVGVPQVRpMlJfR3lOdmV4QzBWWW95QkZLWGFkNFNDQWdZVUFLa3dveVF50gGyAUFVX3lxTE5ZQVRzUm1UNUI3Yl9Ndy1KaklVdWFfRXd6dDI5Sm5NQjFDV3Zac0c3X0pKejNhcy0wTlAwNy0yV1dhYjVjNUlULUNibTNqTXg1MTBMRWkwZ1dUNm9HR0pzUG93NjVNbXJDS0M0RzZaMTBMbEhQUlNhYU9LMVEwako1aC1VM0xTek9RcmtiUmZfU3luQW9pQ2Q2bzRUOWN2Tl"
375,Rahul Gandhi slams Centre over bus gang rape,Sexual Assault,2026-09-02,,,,,,Under Investigation,1,The Tribune,https://news.google.com/rss/articles/CBMijgFBVV95cUxNVjduSF91NWVvNG9WODJXRDM5Z0dQMTN1aU10dG5FOEVxZE1HVGtRX3h0MVNZemRpMmphcEc5b0YteFpGMHB5M2lPa2RZRUxSM0tJSmUySmh3UFVUb0ZBaFRUaUVNQjk0OVg2eTlMcVd5dDFfaVZRRmZxN2dmamc5RktHekFseWtkaUFrQXRn0gGSAUFVX3lxTFBSdVF6cFMzVTdqVENZZDgxcmlmQzNZdjJQX2RDZmJfTTE3dXo3cWdNLXVQNDYtaE5ET09BZmtsNkNxTnNObW8zSG1GTndZYmpJRTEwMjdXY010bXpPS2hyVFFnMHRiM0NIRTE5Snl4N2ZuMVllcHpxM21RMjd6eXJ1Y3FpeXc4b3ExYlg3WnBCZ01R?oc=5,"<a href=""https://news.google.com/rss/articles/CBMijgFBVV95cUxNVjduSF91NWVvNG9WODJXRDM5Z0dQMTN1aU10dG5FOEVxZE1HVGtRX3h0MVNZemRpMmphcEc5b0YteFpGMHB5M2lPa2RZRUxSM0tJSmUySmh3UFVUb0ZBaFRUaUVNQjk0OVg2eTlMcVd5dDFfaVZRRmZxN2dmamc5RktHekFseWtkaUFrQXRn0gGSAUFVX3lxTFBSdVF6cFMzVTdqVENZZDgxcmlmQzNZdjJQX2RDZmJfTTE3dXo3cWdNLXVQNDYtaE5ET09BZmtsNkNxTnNObW8zSG1GTndZYmpJRTEwMjdXY010bXpPS2hyVFFnMHRiM0NIRTE5Snl4N2ZuMVllcHpxM21RMjd6eXJ1Y3FpeXc4b3ExYlg3WnBCZ01R?oc=5"" target=""_blank"">Rahul Gandhi slams Centre over bus "
363,"Thane court acquits MSF constable in rape, forced abortion case filed by colleague",Sexual Assault,2026-09-02,Thane,Thane,Maharashtra,19.2183,72.9781,Under Investigation,2,"The Times of India, Daily Pioneer",https://news.google.com/rss/articles/CBMi4AFBVV95cUxPWTh4aGg0T2NxbXczakg5WndQZGdrUWRvVHRiUnNtWnkxTjJiWkM4TFoyOTRRcDdXbWlydklRR21XMmxtQ1pHQkNTWGF5TjVaYUxvR3hlckVlaXlER1hyQ3NmMEhiMUNmX3NNWTNEMmhScUlacTJmMmU5aGczWU1ldjlxbkpTT01sRklZd1lYRzIxODlVdlRzVGZDZFJHRWc3MHRwbFBGeElmVmRIbW1kZEt5ME04NlNtV2tYRW1NMlBWZGRCcVpQcEF6c08zUDRYNzh2Y1dyY2Q4MWl5RnE5NdIB5gFBVV95cUxPOUk0enU3VlMwTU1aZ0tVdnNJQzYwUEpkcmFOTXg1NUdGQ2ZmQ2ZZYUZzOWViZllfQnNfUFVxaUFMaGlCVVNKQWFYajNhV29OV3FqQXJ6ZUR0WmJkTFo2VUIyMTVPaDdUVjFXTHBJY2tvQnFjM1VZdWZJdFV2X3BCLWxaLUlOQzBfeUNwY3NXUjdZNU16b0dGeG1rcmlqVVF0SHl0YkFyRzM5QTRzcW9vOUxQRFRsdzEwaHBCcGhLYk5rdEpFeGt3TkxyeUtGRUlHU3YyYnB4V0tyRWJVM3ZZeExTZUNaUQ?oc=5,"<a href=""https://news.google.com/rss/articles/CBMirgFBVV95cUxOazF6ZXBxRS11NzNUQkFPN3RydUI2S0gyVXd0Vk1seHVEOHZSXzFJTFVUWHlfZ2s5cGFya0hRN0dmOWlSVTdiZkppS0E0WktsRlRVUWRKTHdYZFBnVTVydEQ3OWk1c3lyV0tPcDBMUXF2YzNmQ0JUMWlQakd6YnhMVnpFV3Z5dE8xUUJJSFpEdE5zVFpYaHNIMHFHTFp5Y2gwbUFfZkVSakwwb1ZmaEE?oc=5"" target=""_blank"">Thane court acquits MSF constable in rape, forced abortion case filed by colleague</a>&nbsp;&nbsp;<font color=""#6f6f6f"">Daily Pioneer</font>"
348,"Court acquits MSF constable in rape, cheating case filed by female colleague",Sexual Assault,2026-09-02,,,,,,Under Investigation,1,Daily Pioneer,https://news.google.com/rss/articles/CBMijwFBVV95cUxNREhIekI5MmFQeEhaOTFXdXR4WjNuR0xST3RXRlJmYkdCcXlfbzNDV0ZtVnN1SEpzSENUb0pDcVFSS0pYS1dyVnprdE41XzdWTk12TDFtU1lMcGhNTU9NTG1ibl9rVHRGdjctLXJYOVNKOGo0UDhFU1RvakN5VFlwcXBFckwyQlFjd2ViZXluSQ?oc=5,"<a href=""https://news.google.com/rss/articles/CBMijwFBVV95cUxNREhIekI5MmFQeEhaOTFXdXR4WjNuR0xST3RXRlJmYkdCcXlfbzNDV0ZtVnN1SEpzSENUb0pDcVFSS0pYS1dyVnprdE41XzdWTk12TDFtU1lMcGhNTU9NTG1ibl9rVHRGdjctLXJYOVNKOGo0UDhFU1RvakN5VFlwcXBFckwyQlFjd2ViZXluSQ?oc=5"" target=""_blank"">Court acquits MSF constable in rape, cheating case filed by female colleague</a>&nbsp;&nbsp;<font color=""#6f6f6f"">Daily Pioneer</font>"
236,"Bus rape: Fingerprints confirm accused’s presence; CCTV not working, say cops",Sexual Assault,2026-09-02,,,,,,Under Investigation,1,The Times of India,https://news.google.com/rss/articles/CBMi3wFBVV95cUxPOHo3U2VzcHU4Y3RTeFp3ampLUnFpZEZFSUxia250QXJOUWhUekpjNnRDSVdITWJaenVITVpmUUVYd2lHb3ZzV3h0TnFEMnRlbnVMRVVYMmxmM0hvc3lBOEdJU01zamJVSmtWWFRRcXFOMmlhOXdKVThscF9TRmY4WnBVaWtfTFF5V2JKU3RDamphMm5uT0k4aTVwNk80TkpLVkx5bG92OHBSN3dSNzdBR1VUOEhUVEFhcEFTdWt5WlAyTjJnZWdndzk5aHcwREVhWVVRem45bGRmaFprMG5B0gHkAUFVX3lxTE9Va29YTkE0aElGdkw0RlVBb0ZoaG5jSldfMlRLWVdfNC1vN3UyRWNiZlp5MWZyRDR0T0hhQXAzMjJURElyZVYwalctbExVMGZPLTlfRXJFOEdPX3F1R0lGdHQ0Y3dIUFRaMW5ZTUNOVkYxMzRoSlY4R1B5M1NWZGFSRDY1c1o0UnhEdnp5ektya2FEY2w1SVBhSnJqVGtBcDBleXdoaUNIYzlJV3l2R3FKRWZIb2FsUjBncEdkTlpXbDJDRE9heW9DR0MzME9WbnpNbWlXMlZVUjNaVzVqX1VkcmV2VQ?oc=5,"<a href=""https://news.google.com/rss/articles/CBMi3wFBVV95cUxPOHo3U2VzcHU4Y3RTeFp3ampLUnFpZEZFSUxia250QXJOUWhUekpjNnRDSVdITWJaenVITVpmUUVYd2lHb3ZzV3h0TnFEMnRlbnVMRVVYMmxmM0hvc3lBOEdJU01zamJVSmtWWFRRcXFOMmlhOXdKVThscF9TRmY4WnBVaWtfTFF5V2JKU3RDamphMm5uT0k4aTVwNk80TkpLVkx5bG92OHBSN3dSNzdBR1VUOEhUVEFhcEFTdWt5WlAyTjJnZWdndzk5aHcwREVhWVVRem45bGRmaFprMG5B0gHkAUFVX3lxTE9Va29YTkE0aElGdkw0RlVBb0ZoaG5jSldfMlRLWVdfNC1vN3UyRWNiZlp5MWZyRDR0T0hhQXAzMjJURElyZVYwalctbExVMGZPLTlfRXJFOEdPX3F1R0lGdHQ0Y3dIUFRaMW5ZTU"
215,"Child Victim Need Not Say 'Penetration' To Prove Rape, Testimony Must Be Understood In Context Of Age &...",Sexual Assault,2026-09-02,,,,,,Under Investigation,1,Live Law,https://news.google.com/rss/articles/CBMizgFBVV95cUxNajYzY3Y5UldSTmRxZTdSd19wR2FPZnNRdWZQMGpVSzJxZzBKeFZrRlBmRGJVZHVFMVN6UjlVYWVQLTRXal9nemFjYVZVOHhRWVdxWXRCZkxiS2libFAwcFYxOUN0ZFZSMnpuSzFXZS1PbnpLSUVHVGUyZEdJNks1M2lPNzBMMnBuZmhuRl9pTU9sU1ZDdUhfU0ZmS0lONGdpN2NBUEl2Q0hTQ1pnUktNSnFEakZRQVZKbFBMdjZKWnJvOFdUVmpkTEdDdnVRQdIB0wFBVV95cUxNUFk5Y0c1YWYyYWdHMjVXUktIdlE4OWw2aktBZVl5VThRYTBRNFM4bUJqd0J5V01nc3dVUE9zZ1R6dDdxR29OWlVQaEhuVEJEUTNCRDQ0TXRhQzB6MlNJVlUxdzNNX3k2TmlwYWVINkFZcGp4RHlCUFFrVVhlUUlzc2pieFVQZVZSSnczX2tGeWUycWJaTzhGZ2JqdnlhWFJCY1VmN3dueGh0aUd6TTFuTjlHTG1iLU1MZm5rcHAzSm5odDVKU2JCNUJldi1zNWRBRXRJ?oc=5,"<a href=""https://news.google.com/rss/articles/CBMizgFBVV95cUxNajYzY3Y5UldSTmRxZTdSd19wR2FPZnNRdWZQMGpVSzJxZzBKeFZrRlBmRGJVZHVFMVN6UjlVYWVQLTRXal9nemFjYVZVOHhRWVdxWXRCZkxiS2libFAwcFYxOUN0ZFZSMnpuSzFXZS1PbnpLSUVHVGUyZEdJNks1M2lPNzBMMnBuZmhuRl9pTU9sU1ZDdUhfU0ZmS0lONGdpN2NBUEl2Q0hTQ1pnUktNSnFEakZRQVZKbFBMdjZKWnJvOFdUVmpkTEdDdnVRQdIB0wFBVV95cUxNUFk5Y0c1YWYyYWdHMjVXUktIdlE4OWw2aktBZVl5VThRYTBRNFM4bUJqd0J5V01nc3dVUE9zZ1R6dDdxR29OWlVQaEhuVEJEUTNCRDQ0TXRhQzB6MlNJVlUxdzNNX3k2TmlwYWVINkFZcGp4RHlCUFFrVVhlUU"
202,"Greater Noida Bus Rape Case: Eight Challans, Defunct CCTV And Questions Over Passenger Safety",Sexual Assault,2026-09-02,Greater Noida,Greater Noida,Uttar Pradesh,28.4744,77.504,Under Investigation,3,"Brut, Brut, The Statesman",https://news.google.com/rss/articles/CBMi1wFBVV95cUxQZkp4YURmOXdwMGVfQk0tUnltUk5TRlpwNHMzWG14TGVoZi1zc2pvTmxEOTh1LXRveDFZYU1iNlNZRzJaWnF4UVZXUEIycTFONWl0Zkh2TGZ0eW1BeUp1QzJfNi1PZHFfd01JTEYteHc5UzlWUUtrYzE5eXBTLXFBV1hlLWRsYWRmbjQtMlZzNFViRm45eElQTHRiMXlSQU5ZcnBYc05YYVVoZHlqcmtXaG5kQmY0c1NHb2Y4ZGtPZlFBTjhBQzRCWjUtOFBlSHd0Z1NtNUM0VQ?oc=5,"<a href=""https://news.google.com/rss/articles/CBMi1wFBVV95cUxQZkp4YURmOXdwMGVfQk0tUnltUk5TRlpwNHMzWG14TGVoZi1zc2pvTmxEOTh1LXRveDFZYU1iNlNZRzJaWnF4UVZXUEIycTFONWl0Zkh2TGZ0eW1BeUp1QzJfNi1PZHFfd01JTEYteHc5UzlWUUtrYzE5eXBTLXFBV1hlLWRsYWRmbjQtMlZzNFViRm45eElQTHRiMXlSQU5ZcnBYc05YYVVoZHlqcmtXaG5kQmY0c1NHb2Y4ZGtPZlFBTjhBQzRCWjUtOFBlSHd0Z1NtNUM0VQ?oc=5"" target=""_blank"">Greater Noida Bus Rape Case: Eight Challans, Defunct CCTV And Questions Over Passenger Safety</a>&nbsp;&nbsp;<font color=""#6f6f6f"">Brut</"
184,Police staffer facing nearly 40 charges including rape and kidnapping,Sexual Assault,2026-09-02,,,,,,Under Investigation,1,RNZ,https://news.google.com/rss/articles/CBMivwFBVV95cUxNSnU0cXlzbWtvS1NrUTFyazhhMDU4andybkNfeHpDZy15N3JUV2t2MUs3SzcycTV5N1M0bGtLS2JBRHJGLW9lUGJjbmpRRTZPR2xJblRiemtCMG45cU5wTWRFeTVSbkpIM3RZdy1SLVcwR25BS0hhLUVmRWU0ZEtGTlVTcjVwSmxHOUpSU3VqV2FkWm5jckNmOC1oTnhYa0V3cVNCSk43WXFMTlFTNkR6Vy13TVhSdlRxOU44MmtHNA?oc=5,"<a href=""https://news.google.com/rss/articles/CBMivwFBVV95cUxNSnU0cXlzbWtvS1NrUTFyazhhMDU4andybkNfeHpDZy15N3JUV2t2MUs3SzcycTV5N1M0bGtLS2JBRHJGLW9lUGJjbmpRRTZPR2xJblRiemtCMG45cU5wTWRFeTVSbkpIM3RZdy1SLVcwR25BS0hhLUVmRWU0ZEtGTlVTcjVwSmxHOUpSU3VqV2FkWm5jckNmOC1oTnhYa0V3cVNCSk43WXFMTlFTNkR6Vy13TVhSdlRxOU44MmtHNA?oc=5"" target=""_blank"">Police staffer facing nearly 40 charges including rape and kidnapping</a>&nbsp;&nbsp;<font color=""#6f6f6f"">RNZ</font>"
630,"Muslim Man Cannot Escape Rape Prosecution For Sexual Intercourse With Minor Wife Under POCSO Act, Says Kerala High Court",POCSO / Minor,2026-09-01,Kerala,Kerala,Kerala,10.8505,76.2711,Under Investigation,1,thecommunemag.com,https://news.google.com/rss/articles/CBMi3wFBVV95cUxPU25KY3RBRkVCZ1JnLUdPVXJueEcwZ1d1T3ltNTg1TUxHaVNrcW1ra1JHNWZvME03WTJSWGFlODZOMFFNdGJNNldRdVNlV3UyWjZzOXFpZVZZWHYzcWFGb256Rnhsd3FCSDV5S1N1Umh3YWw4ZTBweDNsYjNla1FHbDY5UVktSWR0SmRERmZZc0lkTEFrVnNhOUI0cXNoRllRTXFLNmRibXU4UVBRNGN0OXR3Vk5NYzFSOFhqRl9RdG1POWpPQWhvbjFDc0h1aDEtb3hBbFNielY4clhXcG93?oc=5,"<a href=""https://news.google.com/rss/articles/CBMi3wFBVV95cUxPU25KY3RBRkVCZ1JnLUdPVXJueEcwZ1d1T3ltNTg1TUxHaVNrcW1ra1JHNWZvME03WTJSWGFlODZOMFFNdGJNNldRdVNlV3UyWjZzOXFpZVZZWHYzcWFGb256Rnhsd3FCSDV5S1N1Umh3YWw4ZTBweDNsYjNla1FHbDY5UVktSWR0SmRERmZZc0lkTEFrVnNhOUI0cXNoRllRTXFLNmRibXU4UVBRNGN0OXR3Vk5NYzFSOFhqRl9RdG1POWpPQWhvbjFDc0h1aDEtb3hBbFNielY4clhXcG93?oc=5"" target=""_blank"">Muslim Man Cannot Escape Rape Prosecution For Sexual Intercourse With Minor Wife Under POCSO Act, Says Kerala High Court</a>&nb"
623,Applying Mouth To Child’s Private Part With Sexual Intent Amounts To Penetrative Sexual Assault; Deeper Penetration Not Required: Kerala High Court,Sexual Assault,2026-09-01,Kerala,Kerala,Kerala,10.8505,76.2711,Under Investigation,1,Law Trend,https://news.google.com/rss/articles/CBMi-AFBVV95cUxORWpTZGxiU01kZERVdG9RcXBVNUJ2XzBjemwxTHUwNzBmNHBXZlIwV0dYYWpqblhFX3BjZ0pyTmIwLTZVaGZrVW9ucV9RVE1sMnNWZjNHYjJNcTBaUmdYeHJEd08xOHh2VUFuS0xHWktJMUdHUVJ3eHVlNDROR3Q1UEJoVU5mTXphMWwtVnVIMDI1N1d4SzNlZ0prSFpnS0lPWDFOdVFTbElpcHdpWjFuSnh3TUN4TEN6MnZEdEVhdTRMSlk4alRldWY5NjMyS0VTMlBXZXFuUG9sNDNvbTNiYmJXand0QVBxYlJ1cGRHLTJyVjF2cVZXTg?oc=5,"<a href=""https://news.google.com/rss/articles/CBMi-AFBVV95cUxORWpTZGxiU01kZERVdG9RcXBVNUJ2XzBjemwxTHUwNzBmNHBXZlIwV0dYYWpqblhFX3BjZ0pyTmIwLTZVaGZrVW9ucV9RVE1sMnNWZjNHYjJNcTBaUmdYeHJEd08xOHh2VUFuS0xHWktJMUdHUVJ3eHVlNDROR3Q1UEJoVU5mTXphMWwtVnVIMDI1N1d4SzNlZ0prSFpnS0lPWDFOdVFTbElpcHdpWjFuSnh3TUN4TEN6MnZEdEVhdTRMSlk4alRldWY5NjMyS0VTMlBXZXFuUG9sNDNvbTNiYmJXand0QVBxYlJ1cGRHLTJyVjF2cVZXTg?oc=5"" target=""_blank"">Applying Mouth To Child’s Private Part With Sexual Intent Amounts To Penetrative Sexual Assau"
621,Marriage Under Muslim Personal Law Cannot Shield Man from POCSO Prosecution for Sex with Minor Wife: Kerala High Court,POCSO / Minor,2026-09-01,Kerala,Kerala,Kerala,10.8505,76.2711,Under Investigation,1,Court Book,https://news.google.com/rss/articles/CBMi3AFBVV95cUxNSlhGeDJoTm1selIzUUpTaFBEdE8wU0d5MU9KVFBPWTI3ckx4ZG41T2lrNnNUR2JDUk0zOFpQbXVFOFBsbHk0TEY3Q3QxNWQteXBrNHF0b2IxMG1jWUY0QWpfSnJrWFR0QjBGQl8wWnMtbWhHVEJvLTc5OUdUMWNnSkx5M1hDQ3hZcTBhUUJhMlBud3dKU2M5UTA2TlczTmp2YWNVQTU2eWxzU1h5OEtLVDduMGMwRDVBaVVmMXZLN243cUxpZGRuRVp6ZldwcGdXQVlWcG9ZaUJXdDM2?oc=5,"<a href=""https://news.google.com/rss/articles/CBMi3AFBVV95cUxNSlhGeDJoTm1selIzUUpTaFBEdE8wU0d5MU9KVFBPWTI3ckx4ZG41T2lrNnNUR2JDUk0zOFpQbXVFOFBsbHk0TEY3Q3QxNWQteXBrNHF0b2IxMG1jWUY0QWpfSnJrWFR0QjBGQl8wWnMtbWhHVEJvLTc5OUdUMWNnSkx5M1hDQ3hZcTBhUUJhMlBud3dKU2M5UTA2TlczTmp2YWNVQTU2eWxzU1h5OEtLVDduMGMwRDVBaVVmMXZLN243cUxpZGRuRVp6ZldwcGdXQVlWcG9ZaUJXdDM2?oc=5"" target=""_blank"">Marriage Under Muslim Personal Law Cannot Shield Man from POCSO Prosecution for Sex with Minor Wife: Kerala High Court</a>&nbsp;&nb"
618,Marriage To Minor Wife Under Muslim Personal Law No Shield Against POCSO And Rape Charges Under Section 376 IPC: Kerala High Court,POCSO / Minor,2026-09-01,Kerala,Kerala,Kerala,10.8505,76.2711,Under Investigation,1,Law Trend,https://news.google.com/rss/articles/CBMi5AFBVV95cUxOTmhORUtZR3VMTmQ4ZnJaNDhhbFFIR0ctRklnSXQ4dGtzUjFtNmZwSzR1OExZZ0Vmby1JaWpZbjBfVWVEVGRzVVhkbThWYlcyYmF5SzB2czJ0WUZ1MnNiZkFrS2NOVUc5MXZkS1Q4TzdhQlVXYWppa0hJRzlsc09taVdaOHQ0cDZGX1djUkRJMGhXeHU3Z2d4ZGdzc3ZMYktjbHlPM2RTcVlDajZCTVJlSExuR0RFUzhqa1VBdnlFWkNuQ0FSNGYweTFiMHY5T2c4Nm83cWZDQUR0WXAxQXR3YnJFR1c?oc=5,"<a href=""https://news.google.com/rss/articles/CBMi5AFBVV95cUxOTmhORUtZR3VMTmQ4ZnJaNDhhbFFIR0ctRklnSXQ4dGtzUjFtNmZwSzR1OExZZ0Vmby1JaWpZbjBfVWVEVGRzVVhkbThWYlcyYmF5SzB2czJ0WUZ1MnNiZkFrS2NOVUc5MXZkS1Q4TzdhQlVXYWppa0hJRzlsc09taVdaOHQ0cDZGX1djUkRJMGhXeHU3Z2d4ZGdzc3ZMYktjbHlPM2RTcVlDajZCTVJlSExuR0RFUzhqa1VBdnlFWkNuQ0FSNGYweTFiMHY5T2c4Nm83cWZDQUR0WXAxQXR3YnJFR1c?oc=5"" target=""_blank"">Marriage To Minor Wife Under Muslim Personal Law No Shield Against POCSO And Rape Charges Under Section 376 IPC: Kerala "
613,Kerala High Court rules POCSO act prevails over Muslim personal law in minor marriage cases,POCSO / Minor,2026-09-01,Kerala,Kerala,Kerala,10.8505,76.2711,Under Investigation,1,Moneycontrol.com,https://news.google.com/rss/articles/CBMi3gFBVV95cUxNTGx3Q0pHUmZQNmFFUmM2enBVb0xpZkZUZHVQZUVfYTBkek9mX2xQLTV5VzV4MjNHd0tZVE16QWhERG0tUWo3V2Q1eVNYNkxYZThCNnJ3Qjk4WE55N1dvblZjaTZ3YjdTU3hQQTFxR3RFRFEtdzE4dDVTWFBKajR4WWVHTUFlTXV6R3o2WG1mZEpGVDUtd2dnQjlyR1FwaFRwMlpuMGp6VFdiUmszc3RXX0NNbl9WSHZNNjM4akRnT1FUMnV1d1oxS3kweWl6NEY1eHcwRTh5YzVVUHVwSlHSAeMBQVVfeXFMT0NiRnA4bFh0TTFlOEFoUGtRVWpVYlFHdGtVVjgtVjNYcXRhMUtfNUlkeFlaaFhMLTVheFdFd1ItaFZVOXlBcEJqSmZ6c25BbjF6VDExaGFBeEc4ekFpUEtMM01wZVF2YWFtOFFqNnpXQnhoQm94d2Qtc0VuNjVDeDZLWnVnQzQ3S2xvNUdQMjZ1NE9DQ0x6NDcyODlJWXUyYVNJNEIwcEF2MEVjdUdiVUFtNXNLT043RDMyVFVkd3lhY09tTWhXTExfdUpZY0NiaGl2VEJzalZlLXZ0NFlYdTdxdVE?oc=5,"<a href=""https://news.google.com/rss/articles/CBMi3gFBVV95cUxNTGx3Q0pHUmZQNmFFUmM2enBVb0xpZkZUZHVQZUVfYTBkek9mX2xQLTV5VzV4MjNHd0tZVE16QWhERG0tUWo3V2Q1eVNYNkxYZThCNnJ3Qjk4WE55N1dvblZjaTZ3YjdTU3hQQTFxR3RFRFEtdzE4dDVTWFBKajR4WWVHTUFlTXV6R3o2WG1mZEpGVDUtd2dnQjlyR1FwaFRwMlpuMGp6VFdiUmszc3RXX0NNbl9WSHZNNjM4akRnT1FUMnV1d1oxS3kweWl6NEY1eHcwRTh5YzVVUHVwSlHSAeMBQVVfeXFMT0NiRnA4bFh0TTFlOEFoUGtRVWpVYlFHdGtVVjgtVjNYcXRhMUtfNUlkeFlaaFhMLTVheFdFd1ItaFZVOXlBcEJqSmZ6c25BbjF6VDExaGFBeEc4ekFpUEtMM01wZVF2YWFtOFFqNn"
611,"Kerala HC's strong POCSO ruling: 'Kissing child's penis with sexual intent penetrative sexual assault, no deeper penetration needed'",POCSO / Minor,2026-09-01,Kerala,Kerala,Kerala,10.8505,76.2711,Under Investigation,1,Moneycontrol.com,https://news.google.com/rss/articles/CBMijwJBVV95cUxQWEYxeGJlM3JBWVMtYUUxUHgxYTYtdDRLaG83SEpiTERnMXhYc2I5QmZ3MVJVMnFFaW9RNElPMUNrb1I0b1VxcFJQbmNsMER5R0NpemJrYnZ3cDhjSTM4M1V5cEJxQXhYTFV6ai1wTkxZQnBON2dpU0d3bFk0Z0ZLc1FPaFFpdXhmVXVRZTN0Tnk5WUlNek9ZQUJDZnduZDRieFR5a3Q4MDZTdGVpa29fSWVIdV9KV1E1eUI0NUEwTlBYSWU2S3BXNXZYVEJ0MUxiQm1GOFVEb0tjemFoUXNISnItUnpESUtHejIzNWQ2Z2EtZUJIZUs4U3pPS3VSSkExZzNMQmozMVBGX2E4WDMw?oc=5,"<a href=""https://news.google.com/rss/articles/CBMijwJBVV95cUxQWEYxeGJlM3JBWVMtYUUxUHgxYTYtdDRLaG83SEpiTERnMXhYc2I5QmZ3MVJVMnFFaW9RNElPMUNrb1I0b1VxcFJQbmNsMER5R0NpemJrYnZ3cDhjSTM4M1V5cEJxQXhYTFV6ai1wTkxZQnBON2dpU0d3bFk0Z0ZLc1FPaFFpdXhmVXVRZTN0Tnk5WUlNek9ZQUJDZnduZDRieFR5a3Q4MDZTdGVpa29fSWVIdV9KV1E1eUI0NUEwTlBYSWU2S3BXNXZYVEJ0MUxiQm1GOFVEb0tjemFoUXNISnItUnpESUtHejIzNWQ2Z2EtZUJIZUs4U3pPS3VSSkExZzNMQmozMVBGX2E4WDMw?oc=5"" target=""_blank"">Kerala HC's strong POCSO ruling: 'Kissing child's penis with se"
603,Muslim marriage no shield from POCSO: Kerala HC refuses to cancel rape case,POCSO / Minor,2026-09-01,Kerala,Kerala,Kerala,10.8505,76.2711,Under Investigation,1,indiatoday.in,https://news.google.com/rss/articles/CBMi3wFBVV95cUxPemNzRVVReFdoc2FGdW5MZ1VNRFdRUDVkS2lKNzBLOUZGVWVod0JieDczMXJCLTgxLTFhaFdJREdoM3VKZ0pKQWVnZUh2czQ4YmhUc3RSTk1ZU3k1UTM1SW5qNWJMeE51cGpWTDRmWm5pOW5KbzEwTDBoMWQtQU9ETTBFRjNsV0Jud2g1QVIwR2NlMkR2V25KeVYtMzhFNThRYjVSVTVUMmRRa0l5WFhCdHhDSWcxTzNBWjFYUm9SUmo3TlFLRnN2bUkxQmhzQmtSZU8xaUJUZXJCN1Y2eFVj0gHkAUFVX3lxTE8wMVdILXRsbEZKZTdyUTU5ZnpvZ0d3TXRsczkzTktsWlFRWkl4aWhua3VYQmlrbV9sZEhIcWQxbDB2MGQydVBkd0ZaTUg2VVdGbE90MnhyTjhfX09sRDBIbndXc3ZJbGUyal92NHRNMWRQdzl1ektHTTdDbS01d0FvMXF4WkxVaVI5cm9vSmV6SzZuLWlNX2ZRc25GaWdWQ2hoTy1zSkdJNGRSQ28yOHEwNC1GajdGamNBdGdhNk5sS0lZVUcyajFCdE1jMFhadmVWQ25ZRV8wNE93aGVNdnAwUzQxWA?oc=5,"<a href=""https://news.google.com/rss/articles/CBMi3wFBVV95cUxPemNzRVVReFdoc2FGdW5MZ1VNRFdRUDVkS2lKNzBLOUZGVWVod0JieDczMXJCLTgxLTFhaFdJREdoM3VKZ0pKQWVnZUh2czQ4YmhUc3RSTk1ZU3k1UTM1SW5qNWJMeE51cGpWTDRmWm5pOW5KbzEwTDBoMWQtQU9ETTBFRjNsV0Jud2g1QVIwR2NlMkR2V25KeVYtMzhFNThRYjVSVTVUMmRRa0l5WFhCdHhDSWcxTzNBWjFYUm9SUmo3TlFLRnN2bUkxQmhzQmtSZU8xaUJUZXJCN1Y2eFVj0gHkAUFVX3lxTE8wMVdILXRsbEZKZTdyUTU5ZnpvZ0d3TXRsczkzTktsWlFRWkl4aWhua3VYQmlrbV9sZEhIcWQxbDB2MGQydVBkd0ZaTUg2VVdGbE90MnhyTjhfX09sRDBIbndXc3ZJbGUyal92NH"
601,Kissing Child's Penis Amounts To Penetrative Sexual Assault Under POCSO Act: Kerala High Court,POCSO / Minor,2026-09-01,Kerala,Kerala,Kerala,10.8505,76.2711,Under Investigation,1,Live Law,https://news.google.com/rss/articles/CBMiwAFBVV95cUxPV1ZyUjQ3elppT0NFcUktZVlsM0ZPcVp4ZGRTYmhBaExNWkRQUkx4bG85ajVnb3JGRmp2ZjhMUmRuTjZWNHZqLW9BMy1vVHRrSG9vX2N2Mm5UaERFQXk3Q2FlVWU2Z3kzdUdySzdSdWRzQmg4SFNqOE1DdVc2aWZseEVyeElLZDUzdkwtNEg2YkpQOGNzX0UzZDhveXI2QTNobV9zWEhNYU1HdENSVTYwcDJzZ3hMUFFTWjN0aWZmT0XSAcYBQVVfeXFMT21JZHl0RDBJQkZnQmNUQnJHVWVibVREOEFlZWRrTEJTcllBTF9GSmw5UTYwTlF3NXJYWmFmODQwOG5SaTVPZFBVLXc4TDVXNUU5dXFqY1NvcDVXaFlSb2hSMTNSc29xS0xaZWVlVDB0bnNXbUxEbkc1RVdGOFVRRk1MUWJYRkJjc3VYdDNGWDNvNnVpaUFHbmFOMmQ4NXZhOWVHYmI4aDk5bFFCMzNvZ1lQbk5MNzZ1Qm42V0RReUxxOXpiNUt3?oc=5,"<a href=""https://news.google.com/rss/articles/CBMiwAFBVV95cUxPV1ZyUjQ3elppT0NFcUktZVlsM0ZPcVp4ZGRTYmhBaExNWkRQUkx4bG85ajVnb3JGRmp2ZjhMUmRuTjZWNHZqLW9BMy1vVHRrSG9vX2N2Mm5UaERFQXk3Q2FlVWU2Z3kzdUdySzdSdWRzQmg4SFNqOE1DdVc2aWZseEVyeElLZDUzdkwtNEg2YkpQOGNzX0UzZDhveXI2QTNobV9zWEhNYU1HdENSVTYwcDJzZ3hMUFFTWjN0aWZmT0XSAcYBQVVfeXFMT21JZHl0RDBJQkZnQmNUQnJHVWVibVREOEFlZWRrTEJTcllBTF9GSmw5UTYwTlF3NXJYWmFmODQwOG5SaTVPZFBVLXc4TDVXNUU5dXFqY1NvcDVXaFlSb2hSMTNSc29xS0xaZWVlVDB0bnNXbUxEbkc1RVdGOFVRRk1MUWJYRkJjc3VYdD"
592,‘Muslim Personal law cannot shield sexual assault of minor wife’: Kerala HC,Sexual Assault,2026-09-01,Kerala,Kerala,Kerala,10.8505,76.2711,Under Investigation,1,The News Minute,https://news.google.com/rss/articles/CBMirgFBVV95cUxNZ3J6SVdVdlE1a1Y3cUt5YUdPbjlKeWo2QkhRRGlFZG8tVEFMa1NDcjY4aXV6Qk8wcWVLcTBqa0RIdWpCMHd4UWdCM1lVdXR4UDlQajN6MmNmQjlrVWdFQ2E0RzRyeHZ2UE1EX0NRanhUZkxQOXk1cFh4OWhiMkdwR1pIZjMtTjAwUmc2MFNDSDREWTB1LVpoVGMwNEQ5aWdETmxQaHU3cjNWdDFSYkHSAbsBQVVfeXFMTnRZYjkzUzBjdGdNRWZTV2h2NnMyT2tqV0dMa1NYb3B0ZTBEanJFYU5WQUMtUFlmbGtQLXNhdmc3VmVpa2lJdzItbnhQeDJxNXZ4NVBBdUE3QkFJTG5aNElHQVZDU2k3SDhsUlJXREpqUUg1ZVpUV0FpTWxGT0ZzNVJIOGREdXBSVm1tVF85cTVGUjJMZl9kOHhHVUVwejVTRGMtTXlWeU5kUllNY3hLQUpzNmlVSU1aZDRHSQ?oc=5,"<a href=""https://news.google.com/rss/articles/CBMirgFBVV95cUxNZ3J6SVdVdlE1a1Y3cUt5YUdPbjlKeWo2QkhRRGlFZG8tVEFMa1NDcjY4aXV6Qk8wcWVLcTBqa0RIdWpCMHd4UWdCM1lVdXR4UDlQajN6MmNmQjlrVWdFQ2E0RzRyeHZ2UE1EX0NRanhUZkxQOXk1cFh4OWhiMkdwR1pIZjMtTjAwUmc2MFNDSDREWTB1LVpoVGMwNEQ5aWdETmxQaHU3cjNWdDFSYkHSAbsBQVVfeXFMTnRZYjkzUzBjdGdNRWZTV2h2NnMyT2tqV0dMa1NYb3B0ZTBEanJFYU5WQUMtUFlmbGtQLXNhdmc3VmVpa2lJdzItbnhQeDJxNXZ4NVBBdUE3QkFJTG5aNElHQVZDU2k3SDhsUlJXREpqUUg1ZVpUV0FpTWxGT0ZzNVJIOGREdXBSVm1tVF85cTVGUjJMZl9kOHhHVUVwej"
587,Kissing Child's Penis Amounts To Penetrative Sexual Assault Under POCSO: Kerala HC Upholds 20-Year...,POCSO / Minor,2026-09-01,Kerala,Kerala,Kerala,10.8505,76.2711,Under Investigation,1,LawBeat,https://news.google.com/rss/articles/CBMi3gFBVV95cUxNWjdSd0V6QWFaWjVsY0UwWHZpSGVocThFYmlqeGFBUXlrNC0tZm03THRuVnRQbWFQbWFjdmFQcFlVcXdneHRlRmlWYTJ0b1dZb2dFc0JVWFhSNmY0Q1dxN2dfVV90aXZFREFwZDNvc0s4MWVCS0Y5UXFfQjI1MHdGbEstbktDTE9NOWY1TC1JazRyLUJfSy1US1J2NXh0Mk4teVprUl85cmhzZDZEXzFON2FJVTNxOXhSSXdpNzd6dWR2XzVFWElQdUloRkdlYTlOY05Sb1VEYVIySTRJaFHSAeMBQVVfeXFMT1V4QnpLWlVxa19DblJVcEt1UXQxcXNRbmtDc1RHU1MxNXowWkgtVGpCVkFrbGJCVkhBOXVQa1B2MkZoYktoTi15eFRiU3NXa3dHWWRFai1ZV2JBeFVQSGtsdDZLNkdxa2EwRnJtTVczTmF1YkRYUjRBQjlscFBDRDIxajBWeWZ5c3doR25pMmZwVGh0N3dadENEV1dpN0FZZGRqaElqdUdFYnN5ckllSER3VWRZWTF5czU1S2tjZC04Z1RWRkM0UjZ2Smp3Q0YzX20wbG1hMWhxamlLcmQ2WWtKUms?oc=5,"<a href=""https://news.google.com/rss/articles/CBMi3gFBVV95cUxNWjdSd0V6QWFaWjVsY0UwWHZpSGVocThFYmlqeGFBUXlrNC0tZm03THRuVnRQbWFQbWFjdmFQcFlVcXdneHRlRmlWYTJ0b1dZb2dFc0JVWFhSNmY0Q1dxN2dfVV90aXZFREFwZDNvc0s4MWVCS0Y5UXFfQjI1MHdGbEstbktDTE9NOWY1TC1JazRyLUJfSy1US1J2NXh0Mk4teVprUl85cmhzZDZEXzFON2FJVTNxOXhSSXdpNzd6dWR2XzVFWElQdUloRkdlYTlOY05Sb1VEYVIySTRJaFHSAeMBQVVfeXFMT1V4QnpLWlVxa19DblJVcEt1UXQxcXNRbmtDc1RHU1MxNXowWkgtVGpCVkFrbGJCVkhBOXVQa1B2MkZoYktoTi15eFRiU3NXa3dHWWRFai1ZV2JBeFVQSGtsdDZLNkdxa2EwRnJtTV"
498,Man from West Bengal arrested for sexually assaulting 9-year-old girl in Tirunelveli,Other GBV,2026-09-01,Tirunelveli,Tirunelveli,Tamil Nadu,8.7139,77.7567,Arrest Made,1,DT Next,https://news.google.com/rss/articles/CBMitAFBVV95cUxPamtEQzZTTjBJOUROaEFCQXRzMlJKUVVyeTZxTHNCQ3lmZHc2ekdlV2FkMmlPNFhPakFTZEpFdXBpcUtyeUJKakUtSWxrd1BPNFVEUlhZblZWRF83bHZkZllfMW1fSDZibTFFLV9IV3J3b01UaWJQUF92bnZna01zcTVQcEZkVkJKaTVneHdsXzJueVMxZ1BEN1dFSzBSdnh4SUlJT0l2U1BIQW1uZjdkTkQ5Y0jSAcIBQVVfeXFMT3FvaVEwWVdDZHF4alRVQVZrd001ZjM2My1admVwSkl5aThtM04xeVM2LWU0R0ZiTnNST21KQnRVV3FoZEJIeFdoMkN6ZHZYWTBJeUNILTE4UVZWblR2TFVLXzNtUXlRZkRMakRELTVMUGdHaVU0RERDam1LZ3R6SUxpbzJuUU1jWHhIdmxXQ2VuYVVlbjFRa3dYbnJZdmktcEJpQVlsd3ZPQ3plb2hQdVpBN3pVRGl3cHQ2VlZZWkRURWc?oc=5,"<a href=""https://news.google.com/rss/articles/CBMitAFBVV95cUxPamtEQzZTTjBJOUROaEFCQXRzMlJKUVVyeTZxTHNCQ3lmZHc2ekdlV2FkMmlPNFhPakFTZEpFdXBpcUtyeUJKakUtSWxrd1BPNFVEUlhZblZWRF83bHZkZllfMW1fSDZibTFFLV9IV3J3b01UaWJQUF92bnZna01zcTVQcEZkVkJKaTVneHdsXzJueVMxZ1BEN1dFSzBSdnh4SUlJT0l2U1BIQW1uZjdkTkQ5Y0jSAcIBQVVfeXFMT3FvaVEwWVdDZHF4alRVQVZrd001ZjM2My1admVwSkl5aThtM04xeVM2LWU0R0ZiTnNST21KQnRVV3FoZEJIeFdoMkN6ZHZYWTBJeUNILTE4UVZWblR2TFVLXzNtUXlRZkRMakRELTVMUGdHaVU0RERDam1LZ3R6SUxpbzJuUU1jWHhIdmxXQ2VuYVVlbjFRa3"
371,"Maharashtra: Tantrik posing as ‘Maharaj’ sexually assaults woman during puja, 3 arrested",Other GBV,2026-09-01,Maharashtra,Maharashtra,Maharashtra,19.7515,75.7139,Arrest Made,5,"The Times of India, The Times of India, The Times of India, The Statesman, lokmattimes.com",https://news.google.com/rss/articles/CBMihAJBVV95cUxQRV9NVkh1X1JVaDY3LVpoUEZaRk9DR0Y5aG5pTmFjM3hBQXlFX29KcW80dHR0eXRqeDN5c1lLVGZ1ZHJXejZGcl9RUEQ0a0tPY054UGdNNGxIcTR4X2pMb2lETG5Sa3pMVUMtUUdtY201UFpCSlE2bklEa2lJRGJyeU5wLW1oQzhSWVBaZTlSWk9CTHpxT3N5cTNfM01oel9wQ1pscnNoaTlScnRRVVMtVXZQcUpDcm1xUC03Yl8yZTJlQUtDMWRqYXZYak1zSTZWSGttRV9vcW9JNDB0TWFPOW4wZzlYVFVpcXd0eEVRM1hHUXV6SFVNaDBrZUlES2RHWk91SdIBigJBVV95cUxNdnRDSVVzY2w3RVgtWU5KQ1BhME85aXhVc2E4MHlDa2NZQVZWTUZ6MnE1SngzSWZOS2RrTGIzY3ZSWWJDRXRJOFJicU1kS3Y1R3dlTmtITXJITTJFZlRmRHhGNHZaVnRHRWlPZUg3b3Job3RpWXY0Njk5WkI0OG4xQWJMc1dmQ3pMYjRWaW9XOFNZbDRXMm9NUThuSkExOFhjTlZ2VXhSbVVCLU0xb2hSRWdjT0xHRTJsOFVzbENUOGplTDIwSHAxODFkZnM4b09lbVk3QmZ1SC1CZnpYaHZVVlJCblgzdnZqOWllNXRxLU9RSGxpYTNsNXV2RHdwclJaREdJN29UTU1wZw?oc=5,"<a href=""https://news.google.com/rss/articles/CBMi0AFBVV95cUxNS3lzRDAxNzhvQWdDV2oxaS12MHJQdVUzM2hKS29sUXRJMnMycE9VR2owUl9oSGY5bkJKcDJ2bVBpTm55emY2dFZYV014ZDhFTEdHM1VscUtaN2p6M2dfdlF4OGVUVlpGUnJPa2stckdGUnROQjlXaW9LM3RzZXgtX043UVFvbzdjRFJEY1JFcGtvYW9tZUdLSXZVMGlFMV9HMHZJd3FOMXVMLXVabHFQWUc4Sktpd0xxWE5nX3JQLVBiMzR0VEU3WDJBTDJyUGVl0gHWAUFVX3lxTE9hSmdlU3hCbHVyVHJRV20tWGFiRTYxWjhSSWNZV3o3QTJ0Y0d4eUpYTVU4XzRvbm9uclQzS3ZnZXBDSmFPb0VQUXFBTEhYM0JDUW12Q09nMlRqaGpGekIxTTAtM3VkLVJRczhwX3NENEI4WFdXbUtqUE9seW"
347,Three held after woman alleges sexual assault during puja in Chandrapur,Sexual Assault,2026-09-01,Chandrapur,Chandrapur,Maharashtra,19.9615,79.2961,Arrest Made,1,Telangana Today,https://news.google.com/rss/articles/CBMinwFBVV95cUxQSDViRm5HWGdTVjFXMlFWb2g4OVVsQ3VEbmhOdnVhNms3c1VHZWwxbDNTdkJGWUQzXzlxNV85eW9iSWpPOVAxQ1V1RF9IWEZUWTJQUllYN09zX2dPSTVhVXByRnd5ZS1rSjhkRFhHclZjVXBRVGlkeXRwWDZlN2FyUUJheXVMZ1VOdmp2Q3NjX3ZNSWlUVjJ1Z1EyVTJ2WVk?oc=5,"<a href=""https://news.google.com/rss/articles/CBMinwFBVV95cUxQSDViRm5HWGdTVjFXMlFWb2g4OVVsQ3VEbmhOdnVhNms3c1VHZWwxbDNTdkJGWUQzXzlxNV85eW9iSWpPOVAxQ1V1RF9IWEZUWTJQUllYN09zX2dPSTVhVXByRnd5ZS1rSjhkRFhHclZjVXBRVGlkeXRwWDZlN2FyUUJheXVMZ1VOdmp2Q3NjX3ZNSWlUVjJ1Z1EyVTJ2WVk?oc=5"" target=""_blank"">Three held after woman alleges sexual assault during puja in Chandrapur</a>&nbsp;&nbsp;<font color=""#6f6f6f"">Telangana Today</font>"
331,"No chance of accountability: Rahul Gandhi slams Centre, Uttar Pradesh govt after gang-rape on moving bus",Sexual Assault,2026-09-01,Jammu,Jammu,Jammu and Kashmir,32.7266,74.857,Under Investigation,1,Jammu Links News,https://news.google.com/rss/articles/CBMiwAFBVV95cUxQYUZNaFo0T1dTbEx0OE1xa0Q3UWhkcEhQekdwdDZPcEFjbGNNc0x1WnA1SDRuT0xoMElMZXFpZUJTYVhxT2lMRzBsTXQ4MG1fVGNlSkZKNk9QSVJEUDNSTFZiN1hFQlVXN0RLSkcyTUxteEdyRUVQYUN0Z082VTg4VlJ2cWthMHFvbUlEYldQS1Foa2FPVmtUWWxGMTZiaG9EUndWSnhFamlKNWg5MDU2d2NCZjY0b1lQdWhfZFp3c1c?oc=5,"<a href=""https://news.google.com/rss/articles/CBMiwAFBVV95cUxQYUZNaFo0T1dTbEx0OE1xa0Q3UWhkcEhQekdwdDZPcEFjbGNNc0x1WnA1SDRuT0xoMElMZXFpZUJTYVhxT2lMRzBsTXQ4MG1fVGNlSkZKNk9QSVJEUDNSTFZiN1hFQlVXN0RLSkcyTUxteEdyRUVQYUN0Z082VTg4VlJ2cWthMHFvbUlEYldQS1Foa2FPVmtUWWxGMTZiaG9EUndWSnhFamlKNWg5MDU2d2NCZjY0b1lQdWhfZFp3c1c?oc=5"" target=""_blank"">No chance of accountability: Rahul Gandhi slams Centre, Uttar Pradesh govt after gang-rape on moving bus</a>&nbsp;&nbsp;<font color=""#6f6f6f"">Jammu Links News</font>"
309,NHRC seeks probe into teen’s rape in moving sleeper bus,Sexual Assault,2026-09-01,Telangana,Telangana,Telangana,18.1124,79.0193,Under Investigation,1,Telangana Today,https://news.google.com/rss/articles/CBMiiAFBVV95cUxPQWl1bkZ4LVJEYzdTS0JrVGExNkZEOFNZQ1A0dG5ENFZTRXAwdHNLamF5MDRTTmJUdC1BMEdzdWxKWFFGMHNwWnY0ekRjeXdvV1ZFRG5QV0NOMFRqd0F0ZTR0dlFYdjQ5djB0X1kwM1ExRm5DOU5kbGJtRWF4VFp0V0RQdFlTMVdY?oc=5,"<a href=""https://news.google.com/rss/articles/CBMiiAFBVV95cUxPQWl1bkZ4LVJEYzdTS0JrVGExNkZEOFNZQ1A0dG5ENFZTRXAwdHNLamF5MDRTTmJUdC1BMEdzdWxKWFFGMHNwWnY0ekRjeXdvV1ZFRG5QV0NOMFRqd0F0ZTR0dlFYdjQ5djB0X1kwM1ExRm5DOU5kbGJtRWF4VFp0V0RQdFlTMVdY?oc=5"" target=""_blank"">NHRC seeks probe into teen’s rape in moving sleeper bus</a>&nbsp;&nbsp;<font color=""#6f6f6f"">Telangana Today</font>"
296,"Bus on which girl was raped had 11 challans, no CCTV but still allowed to run",Sexual Assault,2026-09-01,,,,,,Under Investigation,1,The Indian Express,https://news.google.com/rss/articles/CBMiywFBVV95cUxOdk5HdTBnQkpwVThULXMwRE5xa2RqN0NYX3VDQVlXdkNmTnM4RWdkRnhMcU9CUzFZQ0RkQWdGbGRncVNaQlNlVy1ibnRBbE10TUZRUUZJbmw2UExxem9kSzRZSXRERTY0WGFYZUhxTUxDR0pIX2lCZHNzY05oM3lqRTJPckgwMUUySDQ4YWhLdDBCV0V0c1ZqQzNaWktQRVI5WVI1VnBTdHpSN291aU1KeEJMWnFPQXc3Uk05QTQ0UzRyNVVmVFdQR0MtSdIB0gFBVV95cUxNN2wxN0dvVFlKQ1M5eGtISnR3RGVFZkZUNl9TYmV0bHpkT0RMNnQwcVVBXzlVSEJoX2xNZ09wX0JJNlpoQ0hHSEtqbWhvMkM2Nm1GSWs2YlVHZVNfSndMdGxQMXpoYXUySHdOOFNLbnlab0V5OXRhcm9Bd3VjREUyUWhoSWhja2R2dEZyQ005cmk0X25qcFZhbFVQOVRrd2dseHFXSV90Q1JlVmxBQmZOQVJTOUFzUXZ3MnlseXNNQlVRZG1Kek9aTU1MSGctOHVOUXc?oc=5,"<a href=""https://news.google.com/rss/articles/CBMiywFBVV95cUxOdk5HdTBnQkpwVThULXMwRE5xa2RqN0NYX3VDQVlXdkNmTnM4RWdkRnhMcU9CUzFZQ0RkQWdGbGRncVNaQlNlVy1ibnRBbE10TUZRUUZJbmw2UExxem9kSzRZSXRERTY0WGFYZUhxTUxDR0pIX2lCZHNzY05oM3lqRTJPckgwMUUySDQ4YWhLdDBCV0V0c1ZqQzNaWktQRVI5WVI1VnBTdHpSN291aU1KeEJMWnFPQXc3Uk05QTQ0UzRyNVVmVFdQR0MtSdIB0gFBVV95cUxNN2wxN0dvVFlKQ1M5eGtISnR3RGVFZkZUNl9TYmV0bHpkT0RMNnQwcVVBXzlVSEJoX2xNZ09wX0JJNlpoQ0hHSEtqbWhvMkM2Nm1GSWs2YlVHZVNfSndMdGxQMXpoYXUySHdOOFNLbnlab0V5OXRhcm9Bd3VjREUyUW"
281,"Minor girl gang-raped in moving bus, nursery child sexually assaulted: Are tougher laws enough? 3.92 lakh c...",POCSO / Minor,2026-09-01,,,,,,Under Investigation,1,Bhaskar English,https://news.google.com/rss/articles/CBMinAFBVV95cUxNMkFsNjR0Sk96YVBqSHR1U056ZzlkTFlOb0tfXzNtU0RsRE9CSlpUcUx2b1BRM3ZBMXE0M2dPd2FGMl9rU1U5SUl2SF9ZRGJjclNmaHZjOWJrV1RjR2g5d211Z1BlOHV4bjVuYTZ0Z0c5Y3N0ejFWWmc5QnBIZDJKREljZW5pOHVWcVRYRmhDTjJ5NEE5bUVfQ1dVay3SAaIBQVVfeXFMTVZEU1c0MG9OemFjNThWM0gxX01mMUZtNTNJT241SXN3WVpEblE3d2hRQ1FBQzlna3RQT29abVczaFJSbmZHTEQ2cmwyWUdvYTFHUGxYbVRhekRVM3VtOW14MVJ5R3RDZ0JTd0VwbzA0d3gwRm90eUg0UHE0anI1TzY5cEV3VmZubWZtVVRsZFozR2NjWUJIR0ZPbXlZUXJhUXhR?oc=5,"<a href=""https://news.google.com/rss/articles/CBMinAFBVV95cUxNMkFsNjR0Sk96YVBqSHR1U056ZzlkTFlOb0tfXzNtU0RsRE9CSlpUcUx2b1BRM3ZBMXE0M2dPd2FGMl9rU1U5SUl2SF9ZRGJjclNmaHZjOWJrV1RjR2g5d211Z1BlOHV4bjVuYTZ0Z0c5Y3N0ejFWWmc5QnBIZDJKREljZW5pOHVWcVRYRmhDTjJ5NEE5bUVfQ1dVay3SAaIBQVVfeXFMTVZEU1c0MG9OemFjNThWM0gxX01mMUZtNTNJT241SXN3WVpEblE3d2hRQ1FBQzlna3RQT29abVczaFJSbmZHTEQ2cmwyWUdvYTFHUGxYbVRhekRVM3VtOW14MVJ5R3RDZ0JTd0VwbzA0d3gwRm90eUg0UHE0anI1TzY5cEV3VmZubWZtVVRsZFozR2NjWUJIR0ZPbXlZUXJhUXhR?oc=5"" target=""_bl"
264,'We're going your way': How NCR teen's plea for help after tiff with parents ended in gang-rape on moving,Sexual Assault,2026-09-01,,,,,,Under Investigation,1,The Times of India,https://news.google.com/rss/articles/CBMioAJBVV95cUxQSkw0TG9GMVg3bkQ1VG5JMzdQWnBwZU5hQjZsQVdJYXY4c3BpWmxCZDFLem9URjc4VTZfN2ViSVVrS3ZwZVZKX1c1U0JYWUg1QWtmM1lDV29kbS1vQ1hGekRrVVF3SU1CZS00aG84QXVHVnB5TkZrZE1sNzdYVlBvZHFST2txUVdKX1BoR3pSSDBEb0RxZ1NVQ0d4NERNbDZONHdITm1vZDVRZnhweG1QUUQwWjhaS0NjWlVyQVgzYW1XUFgzdWNrMEZJT19EaHpuekNPWDVvR1g4SnNfRFBDRHJNTEI2b2FGdUQ5bUZuU1BmSUJVemdGZE5JT1JRMzdoOWN4TXUyc3hEeU9RWjlmX2I5ZzJCczdyYXkySlUzNlnSAaYCQVVfeXFMUEdkNXNvaHN4bVhoY3FYWGtYZGZpTnVhVExDcnBtbkxCTEd0QzJKNmF5T1l3SnRxVDNRMFJiY2xuZTIwajF2RDM1aTdweGMtLXdYeC05eUdMZkp3T2xWMlhKUW1Yamg3NDFuNzdSWnZwbkhDYkJyTEQ5RDBXZ0Fydy0wRE9rN3FyYzhyY3NLSHpOZVBGUzBmb2RlVC1HX19kcVdVbVY1OU5GUEdrWTExejQ3bGhOdFhFZ0V1X1dWbldUd1Z3a0c3VFBGd2R0MlpaR1lmYnVkaklJWDQ5RXdJQ2RqUTdMb0dneFJ2RnpsQkQ4NnRkb2wxMk5aa1FnTkxwVWdLMmN3NGtFMkFvQTRoVmxOVVNiM0o5cE1BTnNzWGVUU0tpZ2h3?oc=5,"<a href=""https://news.google.com/rss/articles/CBMioAJBVV95cUxQSkw0TG9GMVg3bkQ1VG5JMzdQWnBwZU5hQjZsQVdJYXY4c3BpWmxCZDFLem9URjc4VTZfN2ViSVVrS3ZwZVZKX1c1U0JYWUg1QWtmM1lDV29kbS1vQ1hGekRrVVF3SU1CZS00aG84QXVHVnB5TkZrZE1sNzdYVlBvZHFST2txUVdKX1BoR3pSSDBEb0RxZ1NVQ0d4NERNbDZONHdITm1vZDVRZnhweG1QUUQwWjhaS0NjWlVyQVgzYW1XUFgzdWNrMEZJT19EaHpuekNPWDVvR1g4SnNfRFBDRHJNTEI2b2FGdUQ5bUZuU1BmSUJVemdGZE5JT1JRMzdoOWN4TXUyc3hEeU9RWjlmX2I5ZzJCczdyYXkySlUzNlnSAaYCQVVfeXFMUEdkNXNvaHN4bVhoY3FYWGtYZGZpTnVhVExDcnBtbkxCTEd0Qz"
245,"UP student gang-raped in Delhi, had fled after mother’s scolding: Accused from Kanpur; his wife says 'husba...",Sexual Assault,2026-09-01,Kanpur,Kanpur,Uttar Pradesh,26.4499,80.3319,Accused Absconding,1,Bhaskar English,https://news.google.com/rss/articles/CBMiygFBVV95cUxQUEstZzhrZGszZ3lmYzRLc1Z3NDZMQVUtUGFyWHUwdVRFWUNwbHVjSkRSSDF3YnpwRVV3UXRMOXlPLXRfS3hqTm1ldndTMjZJandhSGFGUEFMdWt3WDJpRnR5X3dKanhQaDZpRW1Ud0hnUDFoQWU4SzdnbDR3ajdGVEQ5U0NzdFpLdllOVDM1LUw4bjNnaU5KaFhRYTdqWmJKM0FKdkJYNnR4ejZUX2xNRXNNZXdWSWtBN3ZMay1EQkx2c3FxYmpVYkJB0gHPAUFVX3lxTE1VUzlpYXc4eVgyeFQ1Z1FHSFBoNmtyR2lucnlZQzBWX2p6X0VjNWN0RFR3YXhtdFhkUGR5bFVsc2Vrb0NoWVdQb0dRUkoxQXRBTEg5bWN0UmY5TGJYSHZiSzB4SmpHbllTYUMwMVI5VFRGNUtaQ3hMeExOYmVlWE1ORDg3R1M2eXpjTEhnd3lDd1AwMnN4cUVKT2lSR25pWGVfdVdla25MMFVrT0ZPMzk0bmtWSnB4TGVkbzFUY2FxTkRUbmlPaVlCNUI2MjdHaw?oc=5,"<a href=""https://news.google.com/rss/articles/CBMiygFBVV95cUxQUEstZzhrZGszZ3lmYzRLc1Z3NDZMQVUtUGFyWHUwdVRFWUNwbHVjSkRSSDF3YnpwRVV3UXRMOXlPLXRfS3hqTm1ldndTMjZJandhSGFGUEFMdWt3WDJpRnR5X3dKanhQaDZpRW1Ud0hnUDFoQWU4SzdnbDR3ajdGVEQ5U0NzdFpLdllOVDM1LUw4bjNnaU5KaFhRYTdqWmJKM0FKdkJYNnR4ejZUX2xNRXNNZXdWSWtBN3ZMay1EQkx2c3FxYmpVYkJB0gHPAUFVX3lxTE1VUzlpYXc4eVgyeFQ1Z1FHSFBoNmtyR2lucnlZQzBWX2p6X0VjNWN0RFR3YXhtdFhkUGR5bFVsc2Vrb0NoWVdQb0dRUkoxQXRBTEg5bWN0UmY5TGJYSHZiSzB4SmpHbllTYUMwMVI5VFRGNUtaQ3hMeExOYmVlWE1ORD"
243,"Man convicted of sexual assault on nine-year-old, compensation of Rs 10.5 lakh awarded",Sexual Assault,2026-09-01,,,,,,Convicted,1,The Times of India,https://news.google.com/rss/articles/CBMi7wFBVV95cUxQcDFGNjgwWlhvR0kwakZ2Zk56T0ZYRmJMSzVodjRKLU1zTnYyVlNCWGFGeGpzWjhmZ0dyY1Y2TWlvOGR2aTJ3aTZkQWJlNkVqMUF2dy1HbzhSMGtTWDNsWXBpV21LNlFzLXZ2ZlRnUWE5UlgtM2pKZEU5UnpFV2dsWFVSeGlEcUlxRjJNZG9vWVdtdjBkdUtUWjl0OFNIQU1EQ1BnSm56bVk0c183YWxxd2tyR1dWaVhINU1jaUJWaTEzRld4UWtiQk5EaWFza3JJSmNnT3N3R1NUZUExc3p5UFFkeVFqRWpkR1RMTUoyc9IB9AFBVV95cUxNVWhaOUh6U0JMUVZEUXRFaGlmVnhfdXMtLUlhQ2xIQmFWWWZiV2VEVGladTByNlFrNjRRQkZIQV84LW9YMXF2R0JraTdob1lWeW1jRlNrczh2VWVQM3VnWWo4aUM3b0paRGtmbW5tbHBGcVgxczBtZ1dGT0dHWmV5ZWxNTVk1V3drOWRPdzU1VTlqbEU4VV9sMDc1dFh3SE54eE9NUG9GXzRFUTZ3RmlXZHRreGotX1g2VGhfN1NUbTk5aThHcTBXUGhBV3FzTU92OU5LNmk0V1VUbjFFaERJNnpjSEVOakJnZS10cWtpRE1reTFK?oc=5,"<a href=""https://news.google.com/rss/articles/CBMi7wFBVV95cUxQcDFGNjgwWlhvR0kwakZ2Zk56T0ZYRmJMSzVodjRKLU1zTnYyVlNCWGFGeGpzWjhmZ0dyY1Y2TWlvOGR2aTJ3aTZkQWJlNkVqMUF2dy1HbzhSMGtTWDNsWXBpV21LNlFzLXZ2ZlRnUWE5UlgtM2pKZEU5UnpFV2dsWFVSeGlEcUlxRjJNZG9vWVdtdjBkdUtUWjl0OFNIQU1EQ1BnSm56bVk0c183YWxxd2tyR1dWaVhINU1jaUJWaTEzRld4UWtiQk5EaWFza3JJSmNnT3N3R1NUZUExc3p5UFFkeVFqRWpkR1RMTUoyc9IB9AFBVV95cUxNVWhaOUh6U0JMUVZEUXRFaGlmVnhfdXMtLUlhQ2xIQmFWWWZiV2VEVGladTByNlFrNjRRQkZIQV84LW9YMXF2R0JraTdob1lWeW1jRlNrczh2VWVQM3"
221,Maujpur playschool sealed after sexual assault on toddler,Sexual Assault,2026-09-01,,,,,,Under Investigation,1,The New Indian Express,https://news.google.com/rss/articles/CBMitgFBVV95cUxNZnNObHZISXBULU4xQmQ1bHZfYWlNREJTUDRCa0lRLWxfTnBNdVNDY3diVzdBN2JKZG5DSzIwT2N1T1RHUzZKT1cxSWxwTk9qYXdKSnlZOU9VOFV0V29Ic2lIZzhySFpBYlBSUXNkT2FqM2tGQmk5RVE0MFBjaV9tNVpWQzY1QnA5ek1GMFZ2XzVnR1hCdzROVFZFdVJyNnU4bTVNakZ4QVhnWGVaTlFyWmRHNTJTZ9IBwwFBVV95cUxPejkteTZLU2M4Y1ExZlNub0hXME5VRkFqLWs1ajh4ek9KWkdMTlhIU0REZ3hWYTVOUlYtdnZfZmhvaHR5TGZXSVFKMEo4anRPRHZRYmpBNGpFc0xmcDVYT2VlSnRoZjVINFB6Rzh6WmlKVEpnaFJQQXY5bm1BME5sNFkwV1IwcUtGUjk0V2U2QzJIQTM5UUpxMUNnckk0T1F1NTRyMWFCRTRHcm5RN0NqLWUzb0FacEI0eWhUUzBNdHFyQzg?oc=5,"<a href=""https://news.google.com/rss/articles/CBMitgFBVV95cUxNZnNObHZISXBULU4xQmQ1bHZfYWlNREJTUDRCa0lRLWxfTnBNdVNDY3diVzdBN2JKZG5DSzIwT2N1T1RHUzZKT1cxSWxwTk9qYXdKSnlZOU9VOFV0V29Ic2lIZzhySFpBYlBSUXNkT2FqM2tGQmk5RVE0MFBjaV9tNVpWQzY1QnA5ek1GMFZ2XzVnR1hCdzROVFZFdVJyNnU4bTVNakZ4QVhnWGVaTlFyWmRHNTJTZ9IBwwFBVV95cUxPejkteTZLU2M4Y1ExZlNub0hXME5VRkFqLWs1ajh4ek9KWkdMTlhIU0REZ3hWYTVOUlYtdnZfZmhvaHR5TGZXSVFKMEo4anRPRHZRYmpBNGpFc0xmcDVYT2VlSnRoZjVINFB6Rzh6WmlKVEpnaFJQQXY5bm1BME5sNFkwV1IwcUtGUjk0V2U2QzJIQTM5UU"
219,From Greater Noida to Delhi: 47-km bus ride ends in gangrape of 16-year-old | India News,Other GBV,2026-09-01,Greater Noida,Greater Noida,Uttar Pradesh,28.4744,77.504,Under Investigation,1,Hindustan Times,https://news.google.com/rss/articles/CBMi3wFBVV95cUxQRTFpRlBxUzRrT0ZIS3NKVzhLOW1wNlV5S2NOODFwTUVsZFU0Vmk2M0ZOeS1QQjlILVI2NWZTMUw3V2xxXzl3bHlYREJsSGxCZ1FoZThxMGNGeUdLSjh2XzVZYV9jek9hNjBKbkRIbkVZUDZud2NldU9ZLXhoY3dCN3NmOVlHMXo5YWhjMTV3dmJJcnVWNGxZaENkVEY0REdLQXo4ekJWX0tlQWZuWmtmU18zNGNqb21TaWZtNXNWdTZvZjh2MmRNQUUzRm9rQzl4NGd4aHhYTV9IT3k0a0w40gHkAUFVX3lxTE5Qczd4QVIzTlNaZmtCcDR6RnJ4U1dYRHZlLU9oam1vNnZhM2c5WUpUWUtWTWZRMmdjbDdLamNZYjVRaGQ1Y2s2djR1WV9pbTQ0cVVkcXZBRU9ZNllMdUJ5QTFibnRFUGhGUXdnTy11SjFyWUE1V3lESGxURktyRWtGbEVsMU1Ta1J6dGNXUlZ0Qnp2ZDNMb3FhdUVoM2g4NlhMU055MlRGcXZkT1NtdmQ3ZkxnWjFDWFREeHNaOFhaMkpKOUR6ejhYNF90Q2ZOXzdsYlNEUmFKZmRRSFctTzJJVG0xbw?oc=5,"<a href=""https://news.google.com/rss/articles/CBMi3wFBVV95cUxQRTFpRlBxUzRrT0ZIS3NKVzhLOW1wNlV5S2NOODFwTUVsZFU0Vmk2M0ZOeS1QQjlILVI2NWZTMUw3V2xxXzl3bHlYREJsSGxCZ1FoZThxMGNGeUdLSjh2XzVZYV9jek9hNjBKbkRIbkVZUDZud2NldU9ZLXhoY3dCN3NmOVlHMXo5YWhjMTV3dmJJcnVWNGxZaENkVEY0REdLQXo4ekJWX0tlQWZuWmtmU18zNGNqb21TaWZtNXNWdTZvZjh2MmRNQUUzRm9rQzl4NGd4aHhYTV9IT3k0a0w40gHkAUFVX3lxTE5Qczd4QVIzTlNaZmtCcDR6RnJ4U1dYRHZlLU9oam1vNnZhM2c5WUpUWUtWTWZRMmdjbDdLamNZYjVRaGQ1Y2s2djR1WV9pbTQ0cVVkcXZBRU9ZNllMdUJ5QTFibnRFUGhGUXdnTy"
205,"Teen's Gang-Rape On Moving Bus: 43-km Route, Just 2 Barricades, Missing CCTVs",Sexual Assault,2026-09-01,,,,,,Under Investigation,1,NDTV,https://news.google.com/rss/articles/CBMitAFBVV95cUxNdnZER0NDQmg3Y1pTMmQ3N2dYOTFaWTUycU9RdzZya3RfQmRLQ2dTcV9NcXc1VFFCMl9CaUpKS1B4TDA0Y1gyRGZldVl6WGMwa2NhTG4wZTM1RUpmamhMXzNFbGU3R3hPRHNSbWh3V0ZwNF9BTkdyZnFWdkdwbG5sSkFkM2lGbnBuUE5wb1BaeW82bTJZR3h4Qk1UWGhmdkx6bldRVU9IU2czblBpNDB1M05RSDHSAbwBQVVfeXFMTUpjRnBHalU0LVd4dmszM3pXVHFJcjFfQk5VRTBSRVBGcU0tcFhaQUVpcmVWME5Fa1JKSG9zRUg1bW8tdU02d192SzRLZ29aR0FJR0Q3bENrbzB4ODNTVGp2MkpnaDhYZnNJbGVoOHZnNHlpSm14eDluQ0d0ek81X0JlbHk5OExma1JoU2RqQXh6WWhBU3F2bml1S281SUtnRUszVFFVeVA1S2g0YTZja0wwVUpRMVRyZTMwNVY?oc=5,"<a href=""https://news.google.com/rss/articles/CBMitAFBVV95cUxNdnZER0NDQmg3Y1pTMmQ3N2dYOTFaWTUycU9RdzZya3RfQmRLQ2dTcV9NcXc1VFFCMl9CaUpKS1B4TDA0Y1gyRGZldVl6WGMwa2NhTG4wZTM1RUpmamhMXzNFbGU3R3hPRHNSbWh3V0ZwNF9BTkdyZnFWdkdwbG5sSkFkM2lGbnBuUE5wb1BaeW82bTJZR3h4Qk1UWGhmdkx6bldRVU9IU2czblBpNDB1M05RSDHSAbwBQVVfeXFMTUpjRnBHalU0LVd4dmszM3pXVHFJcjFfQk5VRTBSRVBGcU0tcFhaQUVpcmVWME5Fa1JKSG9zRUg1bW8tdU02d192SzRLZ29aR0FJR0Q3bENrbzB4ODNTVGp2MkpnaDhYZnNJbGVoOHZnNHlpSm14eDluQ0d0ek81X0JlbHk5OExma1JoU2RqQXh6WWhBU3F2bm"
192,GK Barry: ‘I Want Girls To Learn From My Experience Of Rape That You Can Say No’,Sexual Assault,2026-09-01,,,,,,Under Investigation,1,Grazia Daily UK,https://news.google.com/rss/articles/CBMiggFBVV95cUxQNC00emFERldJMDkzVDI5QkprendJbGFRNlc5eE5CQlZxTTB3cVY5M1FpUV9YdjV5Z2hIT3lhMGEwTzlhVWJHNkxCSmY4OWFGcy1UazVCUU4wUVhIc3pRc09GSGpyWkR4ZE1ubFM1WVQ1LXdiRHVmdkwtT19sTWNSemRB?oc=5,"<a href=""https://news.google.com/rss/articles/CBMiggFBVV95cUxQNC00emFERldJMDkzVDI5QkprendJbGFRNlc5eE5CQlZxTTB3cVY5M1FpUV9YdjV5Z2hIT3lhMGEwTzlhVWJHNkxCSmY4OWFGcy1UazVCUU4wUVhIc3pRc09GSGpyWkR4ZE1ubFM1WVQ1LXdiRHVmdkwtT19sTWNSemRB?oc=5"" target=""_blank"">GK Barry: ‘I Want Girls To Learn From My Experience Of Rape That You Can Say No’</a>&nbsp;&nbsp;<font color=""#6f6f6f"">Grazia Daily UK</font>"
166,"U.K. man accused of drugging, sexually abusing wife with 12 other men goes on trial",Other GBV,2026-09-01,,,,,,Under Investigation,1,CBS News,https://news.google.com/rss/articles/CBMioAFBVV95cUxPakhJMTJsRWVrZmlVSjdnNTM1a3Ezd2pGbTNEeG5jZkctbEtmeVBKMTQ0ay1TNjJyRmZ4OHpwU284ZjBtV3BTTEVESENtQjBoYTNwWkJYU0NISDR3QXF0S2ZnbUVEbi0wV2FGUHBDYkJrLWd2UF9yeFhxM3J6NlV5S08yUmhfVWNod29Td3B2YlNNQnBSdHdzQUItVklVUk9T?oc=5,"<a href=""https://news.google.com/rss/articles/CBMioAFBVV95cUxPakhJMTJsRWVrZmlVSjdnNTM1a3Ezd2pGbTNEeG5jZkctbEtmeVBKMTQ0ay1TNjJyRmZ4OHpwU284ZjBtV3BTTEVESENtQjBoYTNwWkJYU0NISDR3QXF0S2ZnbUVEbi0wV2FGUHBDYkJrLWd2UF9yeFhxM3J6NlV5S08yUmhfVWNod29Td3B2YlNNQnBSdHdzQUItVklVUk9T?oc=5"" target=""_blank"">U.K. man accused of drugging, sexually abusing wife with 12 other men goes on trial</a>&nbsp;&nbsp;<font color=""#6f6f6f"">CBS News</font>"
107,Husband and 12 Men in Britain Are Accused of Woman’s Yearslong Drugging and Rape,Sexual Assault,2026-09-01,,,,,,Under Investigation,1,The New York Times,https://news.google.com/rss/articles/CBMilgFBVV95cUxOUEhoSnhjYkNVYzZaQXFyNGpMTFFsYlpubzNrbUJFeS1PZzFZMC02TWdvYXVpblV5c0RXOHFWMGpIbG5VQ3Joa1FwV0JKUFQ5eXNVSm45bmZWYlJyNGh5R1J5dmNvOVdIT0VQbnQ5dnNubjRRTEhhcXJOYUY2ZHRPY25QTEtxRi1iUEVZY3F6Y2lPNFcyaGc?oc=5,"<a href=""https://news.google.com/rss/articles/CBMilgFBVV95cUxOUEhoSnhjYkNVYzZaQXFyNGpMTFFsYlpubzNrbUJFeS1PZzFZMC02TWdvYXVpblV5c0RXOHFWMGpIbG5VQ3Joa1FwV0JKUFQ5eXNVSm45bmZWYlJyNGh5R1J5dmNvOVdIT0VQbnQ5dnNubjRRTEhhcXJOYUY2ZHRPY25QTEtxRi1iUEVZY3F6Y2lPNFcyaGc?oc=5"" target=""_blank"">Husband and 12 Men in Britain Are Accused of Woman’s Yearslong Drugging and Rape</a>&nbsp;&nbsp;<font color=""#6f6f6f"">The New York Times</font>"
629,Kerala HC's Landmark Order: 'Marriage No Shield For Rape'; Will Courts Crack Down ‘Uniformly’? WATCH,Sexual Assault,2026-08-31,Kerala,Kerala,Kerala,10.8505,76.2711,Under Investigation,1,Times Now,https://news.google.com/rss/articles/CBMidkFVX3lxTE56aVUwYl9OYzhGekpDaVVuLWZfcm1FTzhqaFUwNnUzT1B2aXFQSkpTNzNyZTFTcXBNbDM4YlpLb0lvSnVDVzRnamxqTUtlTkRtaGxXR0I2REU0Sm92MUlwVC16T1NfaEVOUmNobDBPTkFaWjl6eFHSAXtBVV95cUxNMXhkZi16X2hGb2FIVjlXYUhLc0V3ck9pckd2ekVwU2Nvdk02eW9MLWRtZ21YWnBEVlpuLTdGX2FUcmRkWHpXb1JpakpyQ043djY3d1B2U25NWE9BSGR4Z0dxM0dEZGVoT1dMU3E2bkRvT0ZnMUV0OGZnVUU?oc=5,"<a href=""https://news.google.com/rss/articles/CBMidkFVX3lxTE56aVUwYl9OYzhGekpDaVVuLWZfcm1FTzhqaFUwNnUzT1B2aXFQSkpTNzNyZTFTcXBNbDM4YlpLb0lvSnVDVzRnamxqTUtlTkRtaGxXR0I2REU0Sm92MUlwVC16T1NfaEVOUmNobDBPTkFaWjl6eFHSAXtBVV95cUxNMXhkZi16X2hGb2FIVjlXYUhLc0V3ck9pckd2ekVwU2Nvdk02eW9MLWRtZ21YWnBEVlpuLTdGX2FUcmRkWHpXb1JpakpyQ043djY3d1B2U25NWE9BSGR4Z0dxM0dEZGVoT1dMU3E2bkRvT0ZnMUV0OGZnVUU?oc=5"" target=""_blank"">Kerala HC's Landmark Order: 'Marriage No Shield For Rape'; Will Courts Crack Down ‘Uniformly’? WATCH"
626,Palathayi POCSO Case: UDF Silent on Bail to BJP Leader Padmarajan,POCSO / Minor,2026-08-31,,,,,,Under Investigation,1,Deshabhimani,https://news.google.com/rss/articles/CBMiyAFBVV95cUxQVUhCSkdTRnNmQUNwWTUyeFkyazZTU0JvUUl5U0E5UHJmQnZoalJkOXBKRjh3MVZtZ2hLdno3NmVoREpZeklLRVRGRkdkSkFDTXNBSy03OU51MTZJQ3VQU3RtOV94QzlxTDhXNUdXTnZXSnJSZ1hzbktmbmJMeElHVzFQaW9abklxWTBIVElfZTd2OG5EVFhsdDNrWENpa1VicDBFRHVpd2NneDVIZDRQcFludTdTQWpmU3B0NEFpUlhDUHlHTVVNWg?oc=5,"<a href=""https://news.google.com/rss/articles/CBMiyAFBVV95cUxQVUhCSkdTRnNmQUNwWTUyeFkyazZTU0JvUUl5U0E5UHJmQnZoalJkOXBKRjh3MVZtZ2hLdno3NmVoREpZeklLRVRGRkdkSkFDTXNBSy03OU51MTZJQ3VQU3RtOV94QzlxTDhXNUdXTnZXSnJSZ1hzbktmbmJMeElHVzFQaW9abklxWTBIVElfZTd2OG5EVFhsdDNrWENpa1VicDBFRHVpd2NneDVIZDRQcFludTdTQWpmU3B0NEFpUlhDUHlHTVVNWg?oc=5"" target=""_blank"">Palathayi POCSO Case: UDF Silent on Bail to BJP Leader Padmarajan</a>&nbsp;&nbsp;<font color=""#6f6f6f"">Deshabhimani</font>"
624,Sexual Relations with Girl Under 18 Constitute POCSO Offence Even if She Is Wife; High Court Refuses to Quash Sexual Assault Case,POCSO / Minor,2026-08-31,,,,,,Under Investigation,1,Deshabhimani,https://news.google.com/rss/articles/CBMivAFBVV95cUxQel9YSTNjbVVZTWpubmxSVlpHYVFPaXhNeHlRU2tIZVJYMzlxdzM2NTJYZHFEX0Jqdlp5eWx5V1NFaGpPNThfNWYwZVVzSkg3bk5GRU1TYV9ua1laakY4ZFFRckF6TTJTZ1RibGQza3pzeEwxb3liRHNkSFRlUHI4NExXeGg3dEt1TGpkbzNFb0JZRHRLZ0NGczBLaEdIZHlVblotUGREa2xJUVhMRmJOQ1lmb0dJQUNQOW50dw?oc=5,"<a href=""https://news.google.com/rss/articles/CBMivAFBVV95cUxQel9YSTNjbVVZTWpubmxSVlpHYVFPaXhNeHlRU2tIZVJYMzlxdzM2NTJYZHFEX0Jqdlp5eWx5V1NFaGpPNThfNWYwZVVzSkg3bk5GRU1TYV9ua1laakY4ZFFRckF6TTJTZ1RibGQza3pzeEwxb3liRHNkSFRlUHI4NExXeGg3dEt1TGpkbzNFb0JZRHRLZ0NGczBLaEdIZHlVblotUGREa2xJUVhMRmJOQ1lmb0dJQUNQOW50dw?oc=5"" target=""_blank"">Sexual Relations with Girl Under 18 Constitute POCSO Offence Even if She Is Wife; High Court Refuses to Quash Sexual Assault Case</a>&nbsp;&nbsp;<font color=""#6f6f6f"">Deshab"
590,"Marriage does not bar POCSO prosecution if wife is under 18, says Kerala HC",POCSO / Minor,2026-08-31,Kerala,Kerala,Kerala,10.8505,76.2711,Under Investigation,1,The Hindu,https://news.google.com/rss/articles/CBMi1wFBVV95cUxNM3djR2NYYWtzUFJBazByZlc3RjJVbzVUYjcwTkk5b3M2aDMzRWlPY2RfbDlRd2ZyUFNpMEphMTNXREVDVURRUGtLQzB1cWc4anBZZ19XWk1lMmQ0VHl2SGEyd014WWNQM19LTk9sWnNWYTE0NHNjc3BTSU9hVVJ6ZFNTZTlySHR1bEVDSVJmSTlYMEx2NUNFVVBtaWZ4WTZEbnNvVWNwZ3EtdG0ydVltLTYxVzhIbWg4bGw0aVdDUFJta0NZMm5DSGxCeTEtMnpsODZXaHN5TdIB3gFBVV95cUxQZ1E0X2R3aUc1MTNLQTZRWTNDWHFrSkNNODFycmZJSTBReWpVUzRxWTc1UENjOUhUbjhqVGpOZzhKVWNuRmhfczhqQ1RoU21KWlctbHlBUnVXOXVEemkzbVdLM1FSNXN4ZDlsZTFxR3B0MFZFZ0pDZG53cDE2X3NOODBtWXdXSy12Rks4cFhhbDRYTE4wam9BS0N6d1k1dThIMGhXUzZ4S0JYc1ZXaDh4NUVoaTdiOU5remFQVkZzT0ZvMFBoQ3BkSDEzSzV6bWdDY0phelRkVWZuLWVtVnc?oc=5,"<a href=""https://news.google.com/rss/articles/CBMi1wFBVV95cUxNM3djR2NYYWtzUFJBazByZlc3RjJVbzVUYjcwTkk5b3M2aDMzRWlPY2RfbDlRd2ZyUFNpMEphMTNXREVDVURRUGtLQzB1cWc4anBZZ19XWk1lMmQ0VHl2SGEyd014WWNQM19LTk9sWnNWYTE0NHNjc3BTSU9hVVJ6ZFNTZTlySHR1bEVDSVJmSTlYMEx2NUNFVVBtaWZ4WTZEbnNvVWNwZ3EtdG0ydVltLTYxVzhIbWg4bGw0aVdDUFJta0NZMm5DSGxCeTEtMnpsODZXaHN5TdIB3gFBVV95cUxQZ1E0X2R3aUc1MTNLQTZRWTNDWHFrSkNNODFycmZJSTBReWpVUzRxWTc1UENjOUhUbjhqVGpOZzhKVWNuRmhfczhqQ1RoU21KWlctbHlBUnVXOXVEemkzbVdLM1FSNXN4ZDlsZTFxR3B0MFZFZ0"
586,Muslim Man Engaging In Sexual Intercourse With Minor Wife Liable For Rape Under IPC & POCSO Act: Kerala...,POCSO / Minor,2026-08-31,Kerala,Kerala,Kerala,10.8505,76.2711,Under Investigation,1,Verdictum,https://news.google.com/rss/articles/CBMixwFBVV95cUxOYzhGN2pIVFlSTEIxSmFwWEZ1SXBpLW9LelM4WGZqVWh1V0tqSWpsUEVpU0hGcThLbi1IZnpmUWY1Z2d4SkRhZW12RXk3cXdGZVJlSklBQjVlbnFyNk4tMGIyVmRYVFZqQ1ZTbk81bjBZS0VaZnFBbHRTVWJqaHhxajQtLTBxN1FwNGhrcmw0a1MwQXlnOVQ3WjVDcmNaRXM0cmNtVUdOZUVjMlhHRnA2WWxGaUVTSWJaYkFHNUJua2tKUjR3dGxN0gHMAUFVX3lxTE1yVnVvNWtiU1N1bFBmaFZpclFkQzhTcGIyUmhmWVpxdk9CdjM5UFBCWDJsNEp5MHFQZUN4OXFhUndJalJYdy1LTGctczVLbjI2Q3o0eGZCRGlyWjk3UXJnU2FKeV9sTDRlRGMtQWdJTTZwMERhVDZ3SDFfOWxwUGN5ajdJM3NNT2FDc0JmODRpX2g3QkZpb2VsOTljQ2dvS2NNT2pncGNkNXFJSHh4TktVS3RQdVJwTGkyRHZVaEZ2dlNWek5lN1NnWmswYw?oc=5,"<a href=""https://news.google.com/rss/articles/CBMixwFBVV95cUxOYzhGN2pIVFlSTEIxSmFwWEZ1SXBpLW9LelM4WGZqVWh1V0tqSWpsUEVpU0hGcThLbi1IZnpmUWY1Z2d4SkRhZW12RXk3cXdGZVJlSklBQjVlbnFyNk4tMGIyVmRYVFZqQ1ZTbk81bjBZS0VaZnFBbHRTVWJqaHhxajQtLTBxN1FwNGhrcmw0a1MwQXlnOVQ3WjVDcmNaRXM0cmNtVUdOZUVjMlhHRnA2WWxGaUVTSWJaYkFHNUJua2tKUjR3dGxN0gHMAUFVX3lxTE1yVnVvNWtiU1N1bFBmaFZpclFkQzhTcGIyUmhmWVpxdk9CdjM5UFBCWDJsNEp5MHFQZUN4OXFhUndJalJYdy1LTGctczVLbjI2Q3o0eGZCRGlyWjk3UXJnU2FKeV9sTDRlRGMtQWdJTTZwMERhVDZ3SDFfOWxwUGN5ajdJM3"
449,Woman’s body found under train seat in Karnataka; probe underway: Police | India News,Other GBV,2026-08-31,Karnataka,Karnataka,Karnataka,15.3173,75.7139,Under Investigation,1,Hindustan Times,https://news.google.com/rss/articles/CBMizAFBVV95cUxPbXN3X25PZlBsbFZCR0JMV1VhcHpHczI3MW9XZ1RvZGo2M3RzdzBsc19VQkM1MmpEcmFEYkhuLWZ0ZmdSd05zTThfR2tuS0UwMGRMOWM0dFpGT3JnSTA3MlNSalpJUUgwa1RfRFgxaHFER0lRMk5taVVmY3MyeFV4QTZSMHJ5bFY1bU1NRkE4OWxsTWpjMk5fM3pCNXR0UkZTYmFFOTlRYXNFUlVjNHJValJxenVyZWlGWldheEJCd1V6d1hMNTdJVjJFVlrSAdIBQVVfeXFMTXVDZE1YNzRoWUhZWm1sQUpBYXlBUDFKYXJuUHBhSUNTWjVVX2FhLU4tV285SFlYenA1RXR3TC1KWV9ubGVvVk80eFFIUkdSNkEzdW9qaGRsYTVFUlpaVVdvdkx4UjlIWUZLUDlkYklBaWh3SjNwTTZUTEhnWWlBb2Q3QWJqVTVBN01mbTFyRVRsdmxJemxrRnBQbmNJOGxzazBWazZpOC1RUW4xa2N4Q3BwUkp2TGVWRnBFQTFTR01yMGt1T3IwdWFDMXNIUXdoS29R?oc=5,"<a href=""https://news.google.com/rss/articles/CBMizAFBVV95cUxPbXN3X25PZlBsbFZCR0JMV1VhcHpHczI3MW9XZ1RvZGo2M3RzdzBsc19VQkM1MmpEcmFEYkhuLWZ0ZmdSd05zTThfR2tuS0UwMGRMOWM0dFpGT3JnSTA3MlNSalpJUUgwa1RfRFgxaHFER0lRMk5taVVmY3MyeFV4QTZSMHJ5bFY1bU1NRkE4OWxsTWpjMk5fM3pCNXR0UkZTYmFFOTlRYXNFUlVjNHJValJxenVyZWlGWldheEJCd1V6d1hMNTdJVjJFVlrSAdIBQVVfeXFMTXVDZE1YNzRoWUhZWm1sQUpBYXlBUDFKYXJuUHBhSUNTWjVVX2FhLU4tV285SFlYenA1RXR3TC1KWV9ubGVvVk80eFFIUkdSNkEzdW9qaGRsYTVFUlpaVVdvdkx4UjlIWUZLUDlkYklBaWh3SjNwTTZUTEhnWWlBb2"
337,"The minor, who lives with her family in a village in Uttar Pradesh's Mainpuri district, had left home without telling an",Other GBV,2026-08-31,Mainpuri,Mainpuri,Uttar Pradesh,27.23,79.02,Under Investigation,1,Mashable India,https://news.google.com/rss/articles/CBMizgFBVV95cUxNNEZOeXdFb0ZGWXF6djAwXzJiR0x2ZV8yWU95aGhGY0FncG9GQUFKX3A1RHlQM3JfeFBCN3I4SENjd0o2Ynp2a1ViV29uMG5Lc2ZZWjJ5YUZiaHFTZVlqM25ocGtCQnNraHBURlZxTTFackp0VUtqZ3dJeFpYaW4xeHM5LXdHUGNRQWhJZnF3aG8zSUwxN2g3RlVQWDE2NUtoVldBdFMyYkZRQzl2TjhTdFFQTHhtWmpaZWtuWXlaOWFmbUhLQjctekxFaVRSZw?oc=5,"<a href=""https://news.google.com/rss/articles/CBMizgFBVV95cUxNNEZOeXdFb0ZGWXF6djAwXzJiR0x2ZV8yWU95aGhGY0FncG9GQUFKX3A1RHlQM3JfeFBCN3I4SENjd0o2Ynp2a1ViV29uMG5Lc2ZZWjJ5YUZiaHFTZVlqM25ocGtCQnNraHBURlZxTTFackp0VUtqZ3dJeFpYaW4xeHM5LXdHUGNRQWhJZnF3aG8zSUwxN2g3RlVQWDE2NUtoVldBdFMyYkZRQzl2TjhTdFFQTHhtWmpaZWtuWXlaOWFmbUhLQjctekxFaVRSZw?oc=5"" target=""_blank"">The minor, who lives with her family in a village in Uttar Pradesh's Mainpuri district, had left home without telling an</a>&nbsp;&nbsp;<font color="""
295,IRS's daughter rape-murder case: Court puts Rahul Meena on trial after framing charges,Sexual Assault,2026-08-31,,,,,,Under Investigation,1,ANI News,https://news.google.com/rss/articles/CBMi4gFBVV95cUxOenpmUFdMNGd3dGhEd2dvaVZMS0JvSmxaTlh1N1RheHgxaDlPZVRrUHR2RlhzUlA4LWpqa1V2WFVLQVUteVZIdHVRSDVDdlNrdHBwVXgwaEVxVEV2Tnh0M2JMMUUwRnZsaktveGx0YzZuMzVheDNwLXpYbjRDWkpYUVJzUjNkWGJnN1ZDb20tZ3o4Vk9jZmp4b0pFWFEzNnF3UDhTRE9wamtkUHJDbnRnd0YxNGxfVzdSTWJ5YjY5Tmt1VjRkaEo3bFJOS0FYTy1TWW5VbGdOeEU3SnVnUGZLclVR?oc=5,"<a href=""https://news.google.com/rss/articles/CBMi4gFBVV95cUxOenpmUFdMNGd3dGhEd2dvaVZMS0JvSmxaTlh1N1RheHgxaDlPZVRrUHR2RlhzUlA4LWpqa1V2WFVLQVUteVZIdHVRSDVDdlNrdHBwVXgwaEVxVEV2Tnh0M2JMMUUwRnZsaktveGx0YzZuMzVheDNwLXpYbjRDWkpYUVJzUjNkWGJnN1ZDb20tZ3o4Vk9jZmp4b0pFWFEzNnF3UDhTRE9wamtkUHJDbnRnd0YxNGxfVzdSTWJ5YjY5Tmt1VjRkaEo3bFJOS0FYTy1TWW5VbGdOeEU3SnVnUGZLclVR?oc=5"" target=""_blank"">IRS's daughter rape-murder case: Court puts Rahul Meena on trial after framing charges</a>&nbsp;&nbsp;<font color=""#6f6f6f"""
260,Delhi gangrape on moving bus: Women Commission chairperson says culprits ‘must get punishment’,Other GBV,2026-08-31,Delhi,Delhi,Delhi,28.7041,77.1025,Under Investigation,7,"The Times of India, The Times of India, ANI News, The Times of India, Hindustan Times, GujaratSamachar English, Bhaskar English",https://news.google.com/rss/articles/CBMi0wFBVV95cUxPTXBCaTJzdzRuRk9rQVpHQXpFcHlqcVRJQ05ySlB4RGxZUFFjSnl5TTFaSE9PUkZ5eFcyUVVOY3kzVWpJdHBTTzk4MWRTdkdpTDgzSndmMVp2SUdMX3FuWGZXOGxRbEFWT0NiMTdlcENEa3oxd2VEZURpUkxvY1BMLVdIbnB2bXJwS0FoQ0VqMGZjTDg4cWt6S3JuSGRBVmtpaXZyMkZOcFQyLXRNMEtfVk1adjJTQVFLdjhfZl95UlpfSXY3dDlPWjJUSGtlX0Q4SGd30gHYAUFVX3lxTE1zaXlacmQzazcyOWp0aHB4a2dnUDB1NjRWbFptR01NWU5lRU1IRktPQWRmYjVBc3ItYVR3N2RaTDhjRzZPWFpsREZLRHBGSlFObUFRR1E1aVZmbW1sdm9lMkZ6LUxCYkNDSkRSeDl6YXJyRURpZUV4VlFTcWxCUnlvTFZtTUlibnRaMzUzNkVCT3h2OGFmYTJrU3BfZ2xyVVl2dWxnQl9MUlB4MFktNXBPQzNXUHg2ZHRqaVVLenhpS1NseE5HQVhINE82VUN3a3lfb3hqX0tVRw?oc=5,"<a href=""https://news.google.com/rss/articles/CBMi8AFBVV95cUxNb3dxTjBMMlI1V2RmbWhHZDNaa0dvOUtNZld3Z3dIekQ5clF6NzhLcGVFVE5GYnVxTXlyZ25TT25YOGRMR1BrYnFCRXNyNk5tbkhEekZrUUowa0tONjN1alF0OUM1UUFUb3VybEJVblNvWVVSaTZ0ckwyOHZYSXJuREJaaTU5cHhGZV9kb3dfaGl1YmNHdk1kMC0ycE9XTHRGMlBEb2dVNktzSmdWTHRpTXN0SHR1NEtTUjlwNjhwTkFIWWprdW1VUkpmdlNpeGpWbzZ3TkpMSmphc1otSjdRVUU0WktacVh2WDdOOWFXb1DSAfYBQVVfeXFMTWZLdmRnQW40SlJQZi1laEVkWm1fWGNhX1Vmd0xBOWdlNC1fZjJkbWhoZ2JPRUR0cm1FejM0dWk0Qi1NODE2eWZkZ29KcS0xZ0VnVnFvWWJKblRvQm"
224,"47km, 0 stops & defunct CCTV: Security gaps exposed in Delhi-NCR bus gang rape case",Sexual Assault,2026-08-31,Delhi,Delhi,Delhi,28.7041,77.1025,Under Investigation,62,"The Hindu, Asia News Network, The Times of India, Verdictum, NDTV, LawBeat, NDTV, The Times of India, Telegraph India, The Times of India, Scroll.in, ETV Bharat, The Indian Express, indiatoday.in, ThePrint, The Times of India, ThePrint, The Times of India, NDTV, Bar and Bench, Telangana Today, The Federal, Daily Pioneer, ThePrint, The Times of India, Telegraph India, The Times of India, Hindustan Times, Deccan Herald, Tripuratimes, Hindustan Times, The Times of India, Telangana Today, LawStreet Journal, indiatoday.in, The Times of India, Hindustan Times, The Economic Times, The Times of India, Moneycontrol.com, NDTV Profit, Press Trust of India, The News Mill, The News Mill, Daily Pioneer, WION, The News Mill, The News Mill, ANI News, The Siasat Daily, India News Network, Editorji, India.com, The Statesman, Republic World, Odisha TV, Free Press Journal, oneworldnews.com, Free Press Journal, Kashmir Life, LatestLY, Free Press Journal",https://news.google.com/rss/articles/CBMihAJBVV95cUxOTzBqRlQ0anJoQ0JHaHVzYUJNMEpDNzhpZTM0dDF3Snozamhkd1JpeE9uWldtaVYyLXU2Q1JvM1dsRWdvNUxmZE5MVElCTzlpUU1UV05RS3JCWDcxUmtDcjRIOFdFMVNDbnkzYUh3VjZVR0hhcDFQXzVwa1VTZkI3Zmp1QmtTX0JIYURnV0kxcDk3NDR4Tk5lMnlOVlNaWDkwYlI0Q3ZEZy1EWlAtQmZlVWs0Uk9ISEdPekZlNTVNVHRmOUNLdFNDTENVU0FiRmhYQUVDRGhVNVk4OERGcl9lZjJVTVB2SW5iMW95clR4ZlozVDJCYmF0ZzlZazR1V3hReUY3ONIBiwJBVV95cUxNdl9tTS1hTGJnTy1KZTRRWmo1Uzd6UkhPbzEzQmc0TFlsYzFfTjdyODc2TU0ybXhUOXUwYURsWmIzYXo2engyYTVib3JROU5ISjFEUmtqZ0lnNjRkYy03VVdNUFFZUFVRSDlrU29hekMyTmZjYjdwNzhIeDZxcWM5NjRnamtyVEdXRXhSd1BTemRIanNneXB2X0x6Y245NjlUc3k5T1VaRUx6TlB6MW9KVVlWT0N2MnRTc0syZUxJVjNOb1doRVp2TGpaUDNiZlRQcDlta1pBME5zeGJlVkd2NXdleGJuTFNzeENIQjJha0Fsb1VOVnFhb2JyNE9mX1ktMVllRTlKSWI0Vlk?oc=5,"<a href=""https://news.google.com/rss/articles/CBMi9gFBVV95cUxPbWlieGQyWUU3WXNnSC1wbkh6YWtaWFlfZURzTkFuNHVlVHU0OVhZVEhKZXVDcTFXaThUYTAyNW8tWGZNZDZoR2U2Zm5JMzI5a0x3dW5PMmpQY3ZfSklLRFdJSEFmclZYal9WZW5TLXVNQWc1ZWVBajNaZFZGbVNSRHpUNm5uS0QtMWxCNndkN3FQSjI5SEwycG5Dc3JxNmpKalFNYl95MjRma1lfaHpqSjF6Y0M2U2RvUVl0U2pXVE9xNGVuTzFkRUh0c0N5S3NZS0c1MWE0Sk5XeG9qcHB4YWxmWjNxMnhmZXBvS00yTXBsRVlUbUHSAfsBQVVfeXFMUG53TE1ZSEdGVzl5SEFfZ09QMUZ4SjQ5ZVNHZzYzaEdPNHhzYmdGZVpTVWhSMEppVDJEWWZ6ZWxnZkhJNGlUT0JOamNQSnlxMUVhUGhkWm"
211,Minor girl gang-raped inside moving bus during Noida-Delhi journey after being offered lift amid heavy rain,POCSO / Minor,2026-08-31,Delhi,Delhi,Delhi,28.7041,77.1025,Under Investigation,3,"The Hindu, aamaadmiparty.org, Telegraph India",https://news.google.com/rss/articles/CBMivAFBVV95cUxNT1FEUnFGV1VaRXZwRFVEOEhWNGZZY0h0YzFNOUc1N0ZXb1U2eWtWSUV2V2lORjJLODFiLVhmSFptbW5aMmxjNDFiRWtrRnc1NDFXOFJPUkxxdGo4bW5oa29GRVNzc0xQVXY3UXZ0R0JiRTk3YW5SQ2docDR5aGExZWc2VWdLenBFRldQakZXQXBtUWtwdERsU1Q1ZDYxTWUwSmxOVFpNU2tUck91aTAyODN4SDQ0QzRxY3V3T9IBwwFBVV95cUxQWXdnOXZEUC1BUTRTN3hqSW5CNzlNMjNneG0zMDZhUEF6eUFDS291RlpZbkcydDd0SlZWRWlzbFBTdXpwQjdEcXNtOE53TGUzYkU4QmtEOHVXakpuaEJVMFpzZkdaRXRaZnlWR2hLWEc4UFJSUGxzN3o0SGpKWjBsVUJVVjdrQ3BpYVByR01hMXZqT0FEMFFiMGpyYU5aUHNnMnJFOXg0RU4tVDExb3NScW11bGUwcWYzcXhFYmR1S3Y1RDg?oc=5,"<a href=""https://news.google.com/rss/articles/CBMivAFBVV95cUxNT1FEUnFGV1VaRXZwRFVEOEhWNGZZY0h0YzFNOUc1N0ZXb1U2eWtWSUV2V2lORjJLODFiLVhmSFptbW5aMmxjNDFiRWtrRnc1NDFXOFJPUkxxdGo4bW5oa29GRVNzc0xQVXY3UXZ0R0JiRTk3YW5SQ2docDR5aGExZWc2VWdLenBFRldQakZXQXBtUWtwdERsU1Q1ZDYxTWUwSmxOVFpNU2tUck91aTAyODN4SDQ0QzRxY3V3T9IBwwFBVV95cUxQWXdnOXZEUC1BUTRTN3hqSW5CNzlNMjNneG0zMDZhUEF6eUFDS291RlpZbkcydDd0SlZWRWlzbFBTdXpwQjdEcXNtOE53TGUzYkU4QmtEOHVXakpuaEJVMFpzZkdaRXRaZnlWR2hLWEc4UFJSUGxzN3o0SGpKWjBsVUJVVjdrQ3BpYVByR01hMX"
608,Muslim Man Having Sexual Intercourse With Minor Wife Liable Under POCSO Act: Kerala High Court,POCSO / Minor,2026-08-30,Kerala,Kerala,Kerala,10.8505,76.2711,Under Investigation,1,Live Law,https://news.google.com/rss/articles/CBMitgFBVV95cUxNUm5sTFRUR1RDSkpOVFE2aUdlaldRTkhEWXlJbGlKOGx4WVhmdHpfWG9ieGJsVVluRUV1c2l4dmFybklwRW8wdjRHVFA0S0I5c2xIckROMHdTVnRSZVJSQ01acTZkX1hiMzd4NFA2N0NTZEtydUxPWTk2ZGVOSndkV1BvRTlsenBWSGVoazlYMU9WeTV5VUthZEI3V3NLMXA0cl9Xb2UtT1luSEVVWnF5WVdJaDVMd9IBuwFBVV95cUxPYnRxNTluSWItZUJoR3dKSWN1b1hJb3p2TVFmdkV6SW12bnNXR0k4OUw3eDh6S1FkY0J1SnFURzJEMUVRODNEbGtaZVBxai1meFpndUdUbTctVzF4Nk5CT0d1QUdTSS1KaXlHSi1DZlRQdGJJUks1eWtTVVNVMjRmN2J1ZGt0OGdUZ25ndVhLbnd0NlpmbFFEN0Y0WmVCaHc2MjlKVFZvQUJxRGlJOXhpb0VuRVV5ZVY1N3hz?oc=5,"<a href=""https://news.google.com/rss/articles/CBMitgFBVV95cUxNUm5sTFRUR1RDSkpOVFE2aUdlaldRTkhEWXlJbGlKOGx4WVhmdHpfWG9ieGJsVVluRUV1c2l4dmFybklwRW8wdjRHVFA0S0I5c2xIckROMHdTVnRSZVJSQ01acTZkX1hiMzd4NFA2N0NTZEtydUxPWTk2ZGVOSndkV1BvRTlsenBWSGVoazlYMU9WeTV5VUthZEI3V3NLMXA0cl9Xb2UtT1luSEVVWnF5WVdJaDVMd9IBuwFBVV95cUxPYnRxNTluSWItZUJoR3dKSWN1b1hJb3p2TVFmdkV6SW12bnNXR0k4OUw3eDh6S1FkY0J1SnFURzJEMUVRODNEbGtaZVBxai1meFpndUdUbTctVzF4Nk5CT0d1QUdTSS1KaXlHSi1DZlRQdGJJUks1eWtTVVNVMjRmN2J1ZGt0OGdUZ25ndVhLbnd0NlpmbF"
550,"Industrialist R. Veeramani, two associates arrested for alleged sexual assault of minor girls",Sexual Assault,2026-08-30,,,,,,Arrest Made,1,thesouthfirst.com,https://news.google.com/rss/articles/CBMixwFBVV95cUxNd2I0T2dFdkdWaGVJR0hQTDVlclpLenlfYXFjWUxHM0ZQbVdldDNDN3Z2MXQ0a0dLdk0wNVd4b204TU1GdDhWMkpBTDZpajhMQWg1cVBfSjNEQ2NFbWRPdUZ6bW5DeFBWUkw5R1B3QmczdUI1SGxtZkJGdElPaGdiNE03Q3VIWUN1ZHhCM3NkZWpyYlBqdG93RjFrSU9kMXhsaEhkTmtWZlMzUDRXYnZrMDlMaDVWRjAwMjVpSG9qVUVIWk93dHpN?oc=5,"<a href=""https://news.google.com/rss/articles/CBMixwFBVV95cUxNd2I0T2dFdkdWaGVJR0hQTDVlclpLenlfYXFjWUxHM0ZQbVdldDNDN3Z2MXQ0a0dLdk0wNVd4b204TU1GdDhWMkpBTDZpajhMQWg1cVBfSjNEQ2NFbWRPdUZ6bW5DeFBWUkw5R1B3QmczdUI1SGxtZkJGdElPaGdiNE03Q3VIWUN1ZHhCM3NkZWpyYlBqdG93RjFrSU9kMXhsaEhkTmtWZlMzUDRXYnZrMDlMaDVWRjAwMjVpSG9qVUVIWk93dHpN?oc=5"" target=""_blank"">Industrialist R. Veeramani, two associates arrested for alleged sexual assault of minor girls</a>&nbsp;&nbsp;<font color=""#6f6f6f"">thesouthfirst.com</font>"
535,"Tamil Nadu businessman, 84, two aides held in minor sexual assault case: Police | India News",Sexual Assault,2026-08-30,Tamil Nadu,Tamil Nadu,Tamil Nadu,11.1271,78.6569,Arrest Made,2,"Hindustan Times, DT Next",https://news.google.com/rss/articles/CBMi1gFBVV95cUxPLTNYcGk1bThXekNuVVJqRE9HWWxoNFl0VV81bUVyaFVYTUZKci1xbjZPQlNzQU81RnhBLWRQeXJYUGx3OXhxMzdvMVpzdHhwYW80ejY3UDZGSjB5VG9CbGktSVhWdGZkcFhDSlcxM1FFR1dQUXNwc0t5QUJrUXRNc0RRRUE1R0RYRTdHZ0xiMXgyUUJDNTd2TnViRm5kbENhOVhHOXp6WmwxTEo2UTB4R0w1TlJsUnVHT3N6blR6dWk3ZjFtUUJpUUJITkN6TDgtcE1DYkZR0gHbAUFVX3lxTE9jbTVHbDM2RnpCRTBteHVkdUs5bFNuQ29icW80d0FyandSbjdVbmxfR3BOaVNMWHBwRGN5NUZoaDNCWHBhM2FZejNEVXBaU1BKOHNPd0ZVR2ltMUtKZmFwUkJXcmxTRHVNS0FQbVRVejFFcjN4cXB1VlJZb3V5OG5UN05uSFlxT0tQN2Nsa1BHRWZaSU1ZVUpOV3dsRnp2SkUzSGRuV0tOaUp6cUNMbHhqQk9sZHJBc25uMDladXJZWHZiZ0g2X29wSlBTamlSWDZHVGxfRld4dGlZNA?oc=5,"<a href=""https://news.google.com/rss/articles/CBMi1gFBVV95cUxPLTNYcGk1bThXekNuVVJqRE9HWWxoNFl0VV81bUVyaFVYTUZKci1xbjZPQlNzQU81RnhBLWRQeXJYUGx3OXhxMzdvMVpzdHhwYW80ejY3UDZGSjB5VG9CbGktSVhWdGZkcFhDSlcxM1FFR1dQUXNwc0t5QUJrUXRNc0RRRUE1R0RYRTdHZ0xiMXgyUUJDNTd2TnViRm5kbENhOVhHOXp6WmwxTEo2UTB4R0w1TlJsUnVHT3N6blR6dWk3ZjFtUUJpUUJITkN6TDgtcE1DYkZR0gHbAUFVX3lxTE9jbTVHbDM2RnpCRTBteHVkdUs5bFNuQ29icW80d0FyandSbjdVbmxfR3BOaVNMWHBwRGN5NUZoaDNCWHBhM2FZejNEVXBaU1BKOHNPd0ZVR2ltMUtKZmFwUkJXcmxTRHVNS0FQbVRVejFFcjN4cX"
469,Video From Bangladesh Falsely Shared as One of Rape-Murder Case in West Bengal,Sexual Assault,2026-08-30,West Bengal,West Bengal,West Bengal,22.9868,87.855,Under Investigation,2,"The Quint, Bhaskar English",https://news.google.com/rss/articles/CBMixgFBVV95cUxQTHZjTEJpNWlNb3A5R0JRLXdVQ2R5Mmt3cHFZVzJjajMwdnRseHNYS3dfeVZCUFk3bVRENDlwQ2lENG5aS3hCTk5TWXpiYTFfcm1IUzlHZ3FKRnAxRkFfWkp3bjNhMm1IQjR5Vkc4UFlzTEpDSWNYNkVYdUZsdktnZ0k3WTZFNWR6LUhyQjJIVkRsdG5jMUVoWHZJTGVjY08xeTlNOHF1OVZ3dWRBX2VMZWVCZHlaT0N1cU5fOFhQQzFrMk5kNGfSAdMBQVVfeXFMUGcwdFBESWF6YWdVWVpXMS1vdGZ3aEVweGRaUEJJcEZLMWREd2xRVFZfT3FMVVRjNnNqWHNRc3BpXzFjZXJWV240czhERTNZRnRNU1NuOTdNVXVxX05VZG1SRDd2V3RoNHF2R05BejZsVENMaDZoWjNOeHVSa3VTRDJLMkFmY19MX19ZRjlzWkZSZzhsaThvaWVZdDZFNU1HZVpvZWpuV1JuUlZveDBHMkY2MUtTbVNmX1hfMVlMM3M4dDdUbkJNSllFRlBMbEdGWkp4dw?oc=5,"<a href=""https://news.google.com/rss/articles/CBMixgFBVV95cUxQTHZjTEJpNWlNb3A5R0JRLXdVQ2R5Mmt3cHFZVzJjajMwdnRseHNYS3dfeVZCUFk3bVRENDlwQ2lENG5aS3hCTk5TWXpiYTFfcm1IUzlHZ3FKRnAxRkFfWkp3bjNhMm1IQjR5Vkc4UFlzTEpDSWNYNkVYdUZsdktnZ0k3WTZFNWR6LUhyQjJIVkRsdG5jMUVoWHZJTGVjY08xeTlNOHF1OVZ3dWRBX2VMZWVCZHlaT0N1cU5fOFhQQzFrMk5kNGfSAdMBQVVfeXFMUGcwdFBESWF6YWdVWVpXMS1vdGZ3aEVweGRaUEJJcEZLMWREd2xRVFZfT3FMVVRjNnNqWHNRc3BpXzFjZXJWV240czhERTNZRnRNU1NuOTdNVXVxX05VZG1SRDd2V3RoNHF2R05BejZsVENMaDZoWjNOeHVSa3VTRDJLMkFmY1"
335,UP rape-murder case: Class 1 girl's body in sack; crime scene recreation ends in accused's killing,Sexual Assault,2026-08-30,Uttar Pradesh,Uttar Pradesh,Uttar Pradesh,26.8467,80.9462,Under Investigation,8,"The Times of India, Deccan Herald, NDTV, National Herald, Press Trust of India, FM Bharat, Mathrubhumi English, Social News XYZ",https://news.google.com/rss/articles/CBMi9wFBVV95cUxQcDlBZlpsMGZuWFdnd1RjM0dISkFzM0VGbHotaW5zQUYwN2RJS2sxb0ZCVlVpdXY2SkdjV0ljR2ZUbkFRdlNzQkstX2JYQXZwM29MZ2Q2MkNuaUJYNGdJOTF4OEVtbkhqSFUwdDNMX1RqSjJMUHBleF9OVHJNeVVaWExSdDU2M0RuS3g2TU56alBvYThFQnZiR25pZ2hmOTJPZjFGMmhHdG1RR1VsWHJGTnRnSnJqT1JiWk9NeHlpTWZqR1Y4WFo1RUI4SHVNcVd3bVV4UF9tRXY5anhmZGhnVTMzclFXTHNDRmRyRkR4TnJtRjNlMzQ00gH8AUFVX3lxTE1jNTl5eE02aTl6aVc2eVFBc2tfR255ZV8tbkt5MGxLdTA4cVpTN3pia1JLSFdscHJMSTJFbXpqM0FoNXFmN0NJME5DUzFIZkNoYkhUaDI4YjI4MktOQzRjX3VzQmh3Sk5rWG1wOXlBWENvb081UG5iNEIxY2xVSHJyNHJmUG5famdyNW1GTFZOcTBHTmhFX080WmZPb3JzNExIQ0dFSXJ5Qlo0eVhUWGtpcjRNVTVHMUlOVXV0N2ZIeU9kbGhic3RVV19Hamp5Zlp0dGNacVhPQXA3UGVNSk1tS3lGblNjdmxJeVNKSWZwMThCc09wQWNPd1Jicg?oc=5,"<a href=""https://news.google.com/rss/articles/CBMi3wFBVV95cUxOUU5tRk41MjNRVTBZNHFDYjBwcXR4TVZHUFRhckw2SmU2aGE2anFqNUNYNjBmc3h3WXZBMzVhc3UxMmdibW9tTDFOZ3dCTnpmdVFGQVRDVnhhUzl3LUFXUjItb1M0cFR4NXB2ZmxpQVdoSnozTzZRTUNYZkRORHpVcE11VU1nd0U4QzlzYy1Sc3dUc1lfWnRWekxMQ29DQmhNVXVUUXJxaTlmd0lxRFYwU2tleXRROGxrelVfTkYtZ2VIS2hUNno2WllmNExnQ0hoQnRjYTZVZmJRVmdlOEdJ0gHkAUFVX3lxTE5nV003b0NncW0wX1hiLVl3Ym5WdGZCYmppWkttTWNUNGg1SXhKNzlfSnRtTjNCcFZPa1RqbkJLZnBUVE10SGIzczVQQUNCb0duMWhNTUFWY2NKM0JnTHdzdGRZYURGZjhpZGkwb1"
619,"Kottayam man posing as IPS officer held for sexual assault, cheating",Sexual Assault,2026-08-29,Kottayam,Kottayam,Kerala,9.5916,76.5222,Arrest Made,1,Telangana Today,https://news.google.com/rss/articles/CBMimgFBVV95cUxQR3Y5clp6MkljME42b2ZQX1VuZ1VUVnlCb3hNdHNTdG5EZmNQbFpBY016LXVaQXMyd01rUE1qMHo4RWlZM0ZJM1VFYUFkQmM1SXV6RUhMWGpYdDZnZUI1TzNOek9ZdVFUc0dTMEJBeVZoQVc0cHh3UlZsNWtZS1JDTVlETXBsNWowcDNrREJtQUhLcEl3aHhxZ0Jn?oc=5,"<a href=""https://news.google.com/rss/articles/CBMimgFBVV95cUxQR3Y5clp6MkljME42b2ZQX1VuZ1VUVnlCb3hNdHNTdG5EZmNQbFpBY016LXVaQXMyd01rUE1qMHo4RWlZM0ZJM1VFYUFkQmM1SXV6RUhMWGpYdDZnZUI1TzNOek9ZdVFUc0dTMEJBeVZoQVc0cHh3UlZsNWtZS1JDTVlETXBsNWowcDNrREJtQUhLcEl3aHhxZ0Jn?oc=5"" target=""_blank"">Kottayam man posing as IPS officer held for sexual assault, cheating</a>&nbsp;&nbsp;<font color=""#6f6f6f"">Telangana Today</font>"
568,"UP man arrested for raping, killing girlfriend under influence of sexual stimulant drug",Other GBV,2026-08-29,Uttar Pradesh,Uttar Pradesh,Uttar Pradesh,26.8467,80.9462,Arrest Made,1,The Times of India,https://news.google.com/rss/articles/CBMi7wFBVV95cUxQa3lVYUVYYzlNWVNYOF9HRGRMN0VUSHNiUWZIbTZjTEF5M3RuMlp4VzBrdDdidHFOSnRla0ZrcDhiUVVadllKTUxxY1BjLWxCNFBmREU5TW5TN2ZKUldhTnRia0lqSUcwZTF2eE5uOTY1dlJ2cHhPaFdRMzduNmFTVTdacW1qd3dMVjQ5ODlVUkxYVm9xTGNITkJCcG84a1lMckQ1bWFzaGFKZUVxaXQyUTE0TGZuZTM3U2d1WERRMEJmeUVvclZfVU5IRndtSFY3c2J1TFBHMVcyNU9qQnp2d01wN3Z3aElsNlJfUXlkY9IB9AFBVV95cUxOMnZiSS1mWG8xUUYyS0VqelBQaWc4RDMzLXU2YmdXYjd6Q29xU2pfWm9GazdKb1RDVXozSEVaanhuZmczTEZSZXJYdjhLS1BUWVk4WWNDb1daOFpiWlJJcFpuOXZZNUkzUFE5aGxxOFduRFp6cWtiTnkwVXpqdGVRSUVERzZEY2JTaml2cjM0ejNpY19vajkya0MxTW9SSnl1NmdEbXdwWWNINmNhSjR3NFpwOUxxR3hyZWtuUGZjM01mLTdqVUNJWnc3dXlBUFh6eVdQakhvN2ktRjRPQWlHUUozZG1rRVltUTdNaEFYN1o5SGJU?oc=5,"<a href=""https://news.google.com/rss/articles/CBMi7wFBVV95cUxQa3lVYUVYYzlNWVNYOF9HRGRMN0VUSHNiUWZIbTZjTEF5M3RuMlp4VzBrdDdidHFOSnRla0ZrcDhiUVVadllKTUxxY1BjLWxCNFBmREU5TW5TN2ZKUldhTnRia0lqSUcwZTF2eE5uOTY1dlJ2cHhPaFdRMzduNmFTVTdacW1qd3dMVjQ5ODlVUkxYVm9xTGNITkJCcG84a1lMckQ1bWFzaGFKZUVxaXQyUTE0TGZuZTM3U2d1WERRMEJmeUVvclZfVU5IRndtSFY3c2J1TFBHMVcyNU9qQnp2d01wN3Z3aElsNlJfUXlkY9IB9AFBVV95cUxOMnZiSS1mWG8xUUYyS0VqelBQaWc4RDMzLXU2YmdXYjd6Q29xU2pfWm9GazdKb1RDVXozSEVaanhuZmczTEZSZXJYdjhLS1BUWVk4WWNDb1daOFpiWl"
555,T logs threefold jump in conviction rate of rape & Pocso cases,POCSO / Minor,2026-08-29,,,,,,Under Investigation,1,The Times of India,https://news.google.com/rss/articles/CBMi0wFBVV95cUxQejlKTXRsR1pyMHg4Mzd2ZkRCaU1CRmpHaXMxazZZMGRrd3MzX0ZvWHpSTEhFQXY4cjJVaUVhLTRncE55RDFLek1KY0FCYnRibU1NbGxNSTl4bDkySFlOczY3ejYzeHVpcXU5anZmaXIxZHA4NVgyMUp6dGVLWHFLTEhTeWx2UDlBNGxTb3BrWTRKZEtZdHpNN0Z3UW9iOFBYbnQ4UU9CZ2xBdktiaktBTjB2Q0k2OXN2QmVXeVhpcGEwTTNrWGJtMVNhYlUwalFXTEZN0gHYAUFVX3lxTE1jZ29tV25TMHE4QWt4YVVzSnJ5MkxfZUNBYzBFalp3Wll0LTZNQmZzZFJMTHNKMTBSTlNVWGhWMXREOGwxSzZ4OHdPZ3N3SGJGRXNaeGpJUW5xbE9iX0wxeDZZZHlJQi1KTHJHTFppb09kUVI4NmwwTDdQbTUtX0dQLVIyNFl4T2Y3WkpoemI4RDRMdlhSZjZEOHZLal93MWx0TGZoRmZUM0pMaDR3RWw1NHZqVTNlNHd0TlZyNk56eHlsN2RYQ1U1RV81ZXJ5dnZjNURDdW5PeQ?oc=5,"<a href=""https://news.google.com/rss/articles/CBMi0wFBVV95cUxQejlKTXRsR1pyMHg4Mzd2ZkRCaU1CRmpHaXMxazZZMGRrd3MzX0ZvWHpSTEhFQXY4cjJVaUVhLTRncE55RDFLek1KY0FCYnRibU1NbGxNSTl4bDkySFlOczY3ejYzeHVpcXU5anZmaXIxZHA4NVgyMUp6dGVLWHFLTEhTeWx2UDlBNGxTb3BrWTRKZEtZdHpNN0Z3UW9iOFBYbnQ4UU9CZ2xBdktiaktBTjB2Q0k2OXN2QmVXeVhpcGEwTTNrWGJtMVNhYlUwalFXTEZN0gHYAUFVX3lxTE1jZ29tV25TMHE4QWt4YVVzSnJ5MkxfZUNBYzBFalp3Wll0LTZNQmZzZFJMTHNKMTBSTlNVWGhWMXREOGwxSzZ4OHdPZ3N3SGJGRXNaeGpJUW5xbE9iX0wxeDZZZHlJQi1KTHJHTFppb09kUVI4NmwwTD"
359,Gujarat horror: How 'good touch-bad touch lesson' uncovered rape of sisters,Sexual Assault,2026-08-29,Gujarat,Gujarat,Gujarat,22.2587,71.1924,Under Investigation,1,The Times of India,https://news.google.com/rss/articles/CBMi5AFBVV95cUxQX2RGMWRpVTJic1QtbUdkZUJjV3BuZXRxNU1veS0tRW1xdkluTklVWmFRTnNHWXJISnAzeWlIX0MwVGNwN0wtZGlvdWJMbDMzOC1GOGE3X2d6SG5xeVJ0UU5TcjhuR1JWLVVNOURUTEdrMm1fNXNyRFo0Y2tiV2dNTnJGUlhocmlaN1JmdDl4NU1DU01wdFNWR2xQU1ljSzlGQ1l1SkZ6TmZyeWdkVEgtaXNBNnp2Q3FseUNONDBkbWwtS25DSHVmZzFmelZqbTNNZjRWQ3d5RE5INEZ1Sy15TGh2ZlDSAeoBQVVfeXFMTTloc0pWRnprTHdGdmEtYkNpdldsUjRyblZXZ3hKekh2elh6blViTm5USW4zclZvNXUxQVc4bmZueXlnNWZmMmRGTFVWZExYZ0xQY183VGhTVE1DLVZDa0pJOFVScUE5SGZ1QmplVUQwY09jMHVaUk13eWdIVXV0am1RYVFqLU56WTQyOURtaC1BWUI4QUdkcXctd2w5SjhhTVNMb1lTYVhQNF95RlB3UHlJX3VCUFB0VWVwSHdONjh4TXVLM29UUkpua2xRSnpUdUdteFhxXzVmSkVxZmlBLVVnaUFCN0dGMkVB?oc=5,"<a href=""https://news.google.com/rss/articles/CBMi5AFBVV95cUxQX2RGMWRpVTJic1QtbUdkZUJjV3BuZXRxNU1veS0tRW1xdkluTklVWmFRTnNHWXJISnAzeWlIX0MwVGNwN0wtZGlvdWJMbDMzOC1GOGE3X2d6SG5xeVJ0UU5TcjhuR1JWLVVNOURUTEdrMm1fNXNyRFo0Y2tiV2dNTnJGUlhocmlaN1JmdDl4NU1DU01wdFNWR2xQU1ljSzlGQ1l1SkZ6TmZyeWdkVEgtaXNBNnp2Q3FseUNONDBkbWwtS25DSHVmZzFmelZqbTNNZjRWQ3d5RE5INEZ1Sy15TGh2ZlDSAeoBQVVfeXFMTTloc0pWRnprTHdGdmEtYkNpdldsUjRyblZXZ3hKekh2elh6blViTm5USW4zclZvNXUxQVc4bmZueXlnNWZmMmRGTFVWZExYZ0xQY183VGhTVE1DLVZDa0pJOFVScUE5SG"
342,Hathras Rape Horror: Drunk Son S*xually Assaults Elderly Mother; Arrested,Sexual Assault,2026-08-29,Hathras,Hathras,Uttar Pradesh,27.5968,78.0519,Arrest Made,1,LatestLY,https://news.google.com/rss/articles/CBMiuwFBVV95cUxQN1BQQU9aQ01JTUVfSXVhV3NSQUlaMm1rVGhzOTI0enBjUkc5Q3RjM251U1pBTGpZR0hiNG51RXdwUzYzbDhZdW1uUk5ELUhZZ2RzSTh1TUZTUkVrLVI4MVJuYnNwazQ5SVpkY3lIMVJ3X3k5MjdpTEhKOE52cGZ5dTlYTUJjeWo5LWJmUEEtNVJMNXROTmxHTkxHYU83bGhuX1p6WFY1cDhfREpQekd2MFZVbndiR3VqaXhj0gHAAUFVX3lxTE1zWm9PMzdib3YwZE9WUU1idG1xbDJzT2p2N0VZY3JGdEFlR29OOFFrOWJHU1R3dEpmalBZOTNDamQxbWxPTHYyVXN0RnN5MW5kLVh4cXhKRkEzUld2QjlUMkZxMDl5NmdXTUQyWHJNX1puLUJCTk5sakUwTW1XMlZaaE9PRllSbXNhNGF6dHVmOHRUU2VuUUd6by1mLTREN1cxUGlIYU16Uy1WWU1XQ3dlX0tQajlqY2FGSnRkakRnWg?oc=5,"<a href=""https://news.google.com/rss/articles/CBMiuwFBVV95cUxQN1BQQU9aQ01JTUVfSXVhV3NSQUlaMm1rVGhzOTI0enBjUkc5Q3RjM251U1pBTGpZR0hiNG51RXdwUzYzbDhZdW1uUk5ELUhZZ2RzSTh1TUZTUkVrLVI4MVJuYnNwazQ5SVpkY3lIMVJ3X3k5MjdpTEhKOE52cGZ5dTlYTUJjeWo5LWJmUEEtNVJMNXROTmxHTkxHYU83bGhuX1p6WFY1cDhfREpQekd2MFZVbndiR3VqaXhj0gHAAUFVX3lxTE1zWm9PMzdib3YwZE9WUU1idG1xbDJzT2p2N0VZY3JGdEFlR29OOFFrOWJHU1R3dEpmalBZOTNDamQxbWxPTHYyVXN0RnN5MW5kLVh4cXhKRkEzUld2QjlUMkZxMDl5NmdXTUQyWHJNX1puLUJCTk5sakUwTW1XMlZaaE9PRllSbXNhNGF6dHVmOH"
316,"Rape accused killed in encounter with Noida Police, girl found dead",Sexual Assault,2026-08-29,Noida,Noida,Uttar Pradesh,28.5355,77.391,Under Investigation,10,"The Indian Express, The New Indian Express, NDTV, ETV Bharat, indiatoday.in, The Statesman, Hindustan Times, The Tribune, indiagazette.com, Free Press Journal",https://news.google.com/rss/articles/CBMirAFBVV95cUxNNFdQZmdWeGp0REJiNGEzLWNjTEpCS1ZTcW9SdEJxdzBBazkxYWpuR2pPNVlRTTJISUVpVTloQURzOWFIcGlJVnpGUnlSN19VRTM2a1NoazdnR1ZsQnQ3V0UtVk50V2FIcVpjUmhPdGw0ZWo1MGdrT08yWGxiYmpDVGZ6bnEwRk9fSnNydlc3VXFEcmEtcG1ZSzlScFJCNnVySjAzamtnWGpPUGdC0gGzAUFVX3lxTE5zUC1RdkpzQ3h1a2hzM3pwSTBEdnphRHJxSUVZdjQ5WXJVOFBXdWx0OTlWM0NidG9LSGJINl9ScnBpRnAzSjhGVkd5Uy0yX3FzM0FSU0xHRTFPcWdlT0FPZFhBLWsyVjIzLUxMcnBDdW5QMVBiOVdwYXlLM3lMclZlRlI3eUY1djhKejladk9qaUxxS3E3dHNQT0p1WFE5am51TGlZRzZHTllyRk9QOTlMZFFJ?oc=5,"<a href=""https://news.google.com/rss/articles/CBMitgFBVV95cUxPenQyNm5uc0RGUjF4TjhtSkh5SkJMcDRPbm01M3ZheE16b0Z0akUzWEVHZ3VFTE5NbkJFaU9tTkt3elhtbWtmVkdYUFBUclhtN24ta194bm1JcDU0ZUZhNV9CUzhmb05ZYXI3aXFvTS1WWEJvdWFucjl0RTh2Z0s1cUZZUGVXX0J2eUhGVnBYZkhFZjRUcEdIYmc4ZU9CYVVVcW1YbjJzODVEQ1JDZDhobk5xNmpGQdIBugFBVV95cUxPdXE1dkZHVmtLam9JVnRmN0RJTEdoalVrakx3UUQxOUNJVUwyQ08wQjhQMHhfV2tSM0pzUU04bFhyY28wQ055anNjbUc0SzRfdE1TUVd0WmtVa3hNVWsxd1B0YTlPYzdXbHJ6bG1BOGlmZGxPT1NkaXdPZFVsY3NkYlZDMUpFWl91bjhHSWh0OThfXzBYVk"
460,‘Incapable HM not needed’: BJP Priyank Kharge over ‘Kalyana K’taka’ crimes,Other GBV,2026-08-28,,,,,,Under Investigation,1,Social News XYZ,https://news.google.com/rss/articles/CBMiqwFBVV95cUxNZG5KOV9TZkRRLW5BdncyX3dTeTc5cE5LQkRibFZJVW9raVFzR2FUQ0Fvc0V3NlIwcWl2S2tyOVJraV9VanFUNm9ueGVLZ01HY2ladTh0QzdDQjRSR3ZTd3d6aHpLelRzR1pNU0hHVkt5SnVhODV6Y0c0eThBbGx3MkZGb2htdWI5LURqZFQ4dmVUdmRqaTJHbjVHcFRqRHo4cUZleGVwbmNqYWvSAasBQVVfeXFMTWRuSjlfU2ZEUS1uQXZ3Ml93U3k3OXBOS0JEYmxWSVVva2lRc0dhVENBb3NFdzZSMHFpdktrcjlSa2lfVWpxVDZvbnhlS2dNR2NpWnU4dEM3Q0I0Ukd2U3d3emh6S3pUc0daTVNIR1ZLeUp1YTg1emNHNHk4QWxsdzJGRm9obXViOS1EamRUOHZlVHZkamkyR241R3BUakR6OHFGZXhlcG5jamFr?oc=5,"<a href=""https://news.google.com/rss/articles/CBMiqwFBVV95cUxNZG5KOV9TZkRRLW5BdncyX3dTeTc5cE5LQkRibFZJVW9raVFzR2FUQ0Fvc0V3NlIwcWl2S2tyOVJraV9VanFUNm9ueGVLZ01HY2ladTh0QzdDQjRSR3ZTd3d6aHpLelRzR1pNU0hHVkt5SnVhODV6Y0c0eThBbGx3MkZGb2htdWI5LURqZFQ4dmVUdmRqaTJHbjVHcFRqRHo4cUZleGVwbmNqYWvSAasBQVVfeXFMTWRuSjlfU2ZEUS1uQXZ3Ml93U3k3OXBOS0JEYmxWSVVva2lRc0dhVENBb3NFdzZSMHFpdktrcjlSa2lfVWpxVDZvbnhlS2dNR2NpWnU4dEM3Q0I0Ukd2U3d3emh6S3pUc0daTVNIR1ZLeUp1YTg1emNHNHk4QWxsdzJGRm9obXViOS1EamRUOHZlVHZkamkyR241R3BUakR6OH"
365,"FIR registered against top neta’s bodyguard for rape, likely to be suspended",Sexual Assault,2026-08-28,,,,,,FIR Registered,1,The Times of India,https://news.google.com/rss/articles/CBMi4gFBVV95cUxOcFhfeUp4cU9kclFzdHphN05xOVhlNDRYVWZFazFIaU9jUTU3NGwzSm9Tb3MxOGM5Vm9BSExVamdqeTB6VThVNVpUS3ZXSktXVDdqeDAwWko1alNFWjFSY3NTdnNCZ3JrOWtBRDByRkg5YlNjNkJCVHBtYlU2QkxXVlJ4LUg1THUtQUx3SEh5bDVjSVpRcDJVVkFWVkpleUtuM19mLWI1OHRfOWVoWnJLOTVrSERHei1oWE9zdnhpaDVOTjJtMjRKWkMzT0NtS05TT1lDWXNKRkF3OUp1ajk0OEF30gHnAUFVX3lxTE1iNTcxMFYxQTRPSWNVV2txRVZFNjJnMjBlUWhEdmRXSjBJZzIwVnRSTTExQWVuZDZDSWYya1pZT3pzT2JlLVhwenluUGVhaFFBNVp2N1NibUxoVjg4SG5PaWtlNXBOU0gzeVZYdGotOUpSeGlYMk9EWGVrVHRkbkZzZTZQN3BRQnJmYWwzYWpXbC1IN2VhdWZwRDhPRGpQdmJZd1NNUHZPb0RMUThZVGFTaGpCYTBGM3ZIUUUyaGQwTVRYVXJJcTNjVlpEUVVwLWtGWDAyTnk2dWlkMHJLR1BsWlNVRndmQQ?oc=5,"<a href=""https://news.google.com/rss/articles/CBMi4gFBVV95cUxOcFhfeUp4cU9kclFzdHphN05xOVhlNDRYVWZFazFIaU9jUTU3NGwzSm9Tb3MxOGM5Vm9BSExVamdqeTB6VThVNVpUS3ZXSktXVDdqeDAwWko1alNFWjFSY3NTdnNCZ3JrOWtBRDByRkg5YlNjNkJCVHBtYlU2QkxXVlJ4LUg1THUtQUx3SEh5bDVjSVpRcDJVVkFWVkpleUtuM19mLWI1OHRfOWVoWnJLOTVrSERHei1oWE9zdnhpaDVOTjJtMjRKWkMzT0NtS05TT1lDWXNKRkF3OUp1ajk0OEF30gHnAUFVX3lxTE1iNTcxMFYxQTRPSWNVV2txRVZFNjJnMjBlUWhEdmRXSjBJZzIwVnRSTTExQWVuZDZDSWYya1pZT3pzT2JlLVhwenluUGVhaFFBNVp2N1NibUxoVjg4SG5PaWtlNXBOU0gzeV"
143,Syracuse University Seeks to Prevent Campus Rape Victim From Obtaining Police Records,Sexual Assault,2026-08-28,,,,,,Under Investigation,1,ProPublica,https://news.google.com/rss/articles/CBMif0FVX3lxTE1UdXpoUzItM2NsVVBoT0dMUHUydEs1SDgtRmtOTmhoX1QwdHpyQmtONlA2OHp0cGMtZVMwbUx0eE1zaGdRX2ZGVzNWVTBudEE0SGs5bmZKWXFyVUtzcWkwVXNzREFKcGE0Zkp1VG1PSWRfWTJKOWNxUlVXOHA1cDA?oc=5,"<a href=""https://news.google.com/rss/articles/CBMif0FVX3lxTE1UdXpoUzItM2NsVVBoT0dMUHUydEs1SDgtRmtOTmhoX1QwdHpyQmtONlA2OHp0cGMtZVMwbUx0eE1zaGdRX2ZGVzNWVTBudEE0SGs5bmZKWXFyVUtzcWkwVXNzREFKcGE0Zkp1VG1PSWRfWTJKOWNxUlVXOHA1cDA?oc=5"" target=""_blank"">Syracuse University Seeks to Prevent Campus Rape Victim From Obtaining Police Records</a>&nbsp;&nbsp;<font color=""#6f6f6f"">ProPublica</font>"
105,PM accelerates roll out of police rape and sexual offence teams,Sexual Assault,2026-08-28,,,,,,Under Investigation,1,GOV.UK,https://news.google.com/rss/articles/CBMinwFBVV95cUxPY0p0MTRucUh5SmZpSEZhb2xLVTJmcUZfc0d2NlllMURzZHB2U0V5SnEyZl9ZT01UckpmYTE2aDA5bHNrZmQ4T3VyRFAwNjdrMWxpX1NkZmw3UzV0c1AzanVNVUFTSzZYTnA4TnlaMFBiM212QS0tYUZmbDBlVTRGWnpoTkJQbC1wX21LUEF1el80REhPcExzaFVVR0lUSFk?oc=5,"<a href=""https://news.google.com/rss/articles/CBMinwFBVV95cUxPY0p0MTRucUh5SmZpSEZhb2xLVTJmcUZfc0d2NlllMURzZHB2U0V5SnEyZl9ZT01UckpmYTE2aDA5bHNrZmQ4T3VyRFAwNjdrMWxpX1NkZmw3UzV0c1AzanVNVUFTSzZYTnA4TnlaMFBiM212QS0tYUZmbDBlVTRGWnpoTkJQbC1wX21LUEF1el80REhPcExzaFVVR0lUSFk?oc=5"" target=""_blank"">PM accelerates roll out of police rape and sexual offence teams</a>&nbsp;&nbsp;<font color=""#6f6f6f"">GOV.UK</font>"
520,"""Deployed 250-300 Police just to tear down board...they are weak"": TMC MLA Siddique on signboard removal from Abhishek Banerjee's office building",Other GBV,2026-08-27,,,,,,Under Investigation,1,indiagazette.com,https://news.google.com/rss/articles/CBMijgJBVV95cUxOaDZYWFJRWGs3bFBtWXBKRzBxR21zdGN2LTBhMFR5Z1N6Sk5EUlhXOEUyNTFlVmxFaHhaaXBXU1lzV0RUcHF1RlVDd3FaM0ZyNTFiRmxqVndxM3ByUXhURzUzc01fWkZHOFB3RVdrUVpDRWp2LW5fRUk2VE1SNlFWTENCWmdKaU1kVW5GUXlueGloVHRLWTBOdDNuVjNacUxkaUJPUF9MblNIRlppcWd0b2gtR3paa1lUTG5CdUFpYVktb2xIV2d3ZjEtdS14c2R3NDZkWUdhaU5sanhGdFBkbWh0SUJfZi0zUmk2YzE0bHZpajFOWVRnbUk0Zkh6TkRoenY3X3RtcWFqNUZOVFE?oc=5,"<a href=""https://news.google.com/rss/articles/CBMijgJBVV95cUxOaDZYWFJRWGs3bFBtWXBKRzBxR21zdGN2LTBhMFR5Z1N6Sk5EUlhXOEUyNTFlVmxFaHhaaXBXU1lzV0RUcHF1RlVDd3FaM0ZyNTFiRmxqVndxM3ByUXhURzUzc01fWkZHOFB3RVdrUVpDRWp2LW5fRUk2VE1SNlFWTENCWmdKaU1kVW5GUXlueGloVHRLWTBOdDNuVjNacUxkaUJPUF9MblNIRlppcWd0b2gtR3paa1lUTG5CdUFpYVktb2xIV2d3ZjEtdS14c2R3NDZkWUdhaU5sanhGdFBkbWh0SUJfZi0zUmk2YzE0bHZpajFOWVRnbUk0Zkh6TkRoenY3X3RtcWFqNUZOVFE?oc=5"" target=""_blank"">""Deployed 250-300 Police just to tear down board...they are weak"
484,Neighbour held for sexual assault of child in Garfa,Sexual Assault,2026-08-27,,,,,,Arrest Made,1,Telegraph India,https://news.google.com/rss/articles/CBMiuwFBVV95cUxOU2hOSFNFRi1SanN5MHAtNWt4ckg4M1FiZWtIdnQxNWkwdURaZmNuRnZnZmlmZHFDNUQzSzlGNjN6ZFdEdHA0U2RaMnM3cmw5VF8tZ0JrZVZBdzgyVzFKNFhCZDhYVmNwRllYR2hNdXJjVlBtN3BfY2Z6NHZEME9yZ3Vzby1CemVVc0R0dE84c3R0UXNqOXJmR192eWtCd2FPWDN2bE5UYWdFSG1tLW1oeXFSWXRxeUR6Yndr0gHAAUFVX3lxTE5ONHQwcWlTTjRqNVNuMFNjLVlRemhDX3Bnbklrd2lEUzFodEJRTC1XbzFvRVU0SU9GMjY2UmNYWXVkb3lGVmtMbGx6dF9OVnN0czJCTVJxYll1SjFGa3hEdGZ1Q0VsXzJoSjh4R0hmRkNKUzczOW4xUndOUkVFRzBRaXRCTUR4M2hON1loa0FycUpVMHdDWmZzM0ZwVlNESC13V2J4VllPWTdfVzRZN2xrblpWYnc0OHBXeFBGNjZXTw?oc=5,"<a href=""https://news.google.com/rss/articles/CBMiuwFBVV95cUxOU2hOSFNFRi1SanN5MHAtNWt4ckg4M1FiZWtIdnQxNWkwdURaZmNuRnZnZmlmZHFDNUQzSzlGNjN6ZFdEdHA0U2RaMnM3cmw5VF8tZ0JrZVZBdzgyVzFKNFhCZDhYVmNwRllYR2hNdXJjVlBtN3BfY2Z6NHZEME9yZ3Vzby1CemVVc0R0dE84c3R0UXNqOXJmR192eWtCd2FPWDN2bE5UYWdFSG1tLW1oeXFSWXRxeUR6Yndr0gHAAUFVX3lxTE5ONHQwcWlTTjRqNVNuMFNjLVlRemhDX3Bnbklrd2lEUzFodEJRTC1XbzFvRVU0SU9GMjY2UmNYWXVkb3lGVmtMbGx6dF9OVnN0czJCTVJxYll1SjFGa3hEdGZ1Q0VsXzJoSjh4R0hmRkNKUzczOW4xUndOUkVFRzBRaXRCTUR4M2hON1loa0FycU"
451,US woman rape case: HC quashes chargesheet against resort owner,Sexual Assault,2026-08-27,,,,,,FIR Registered,1,The Siasat Daily,https://news.google.com/rss/articles/CBMimgFBVV95cUxPYXlNaXEwVHZjZDhCWDZaekdHZTlQWnd2NHpaZnctSF9lRmM3LXdlei0wSVp1WVFJbkFYQURoRW1vV28tR0I1NVh2NUNUaGtkY3kyclc5eVNPOWRQRGRDQ2IxT3ZTbm5WLU9wUElHT1Y0Wk04T2FJZC1YYXhtZkZGMk5yMGw3NHZSd2I3aU10NE5zSmw1TzBrYllR0gGfAUFVX3lxTE4wTUJuX3hZYTA0QTZfNnBZMGNXTWZOR3dzb0dPUjFWaTJ2YXo3V2hsX2I0VXhCZFcyX3g0M2dCRnRzS2NRY1VsTFpYaS02em9TVXFQTEJjVm9vR05CRlpFSHV5dW9rTXM3Z1pqRmFYX3N3MjVPUlZzc05leGRwal9pZmZhQ1BxYTBxaWVLLWNoZEU2RGlQUGs3T2tza1VXUQ?oc=5,"<a href=""https://news.google.com/rss/articles/CBMimgFBVV95cUxPYXlNaXEwVHZjZDhCWDZaekdHZTlQWnd2NHpaZnctSF9lRmM3LXdlei0wSVp1WVFJbkFYQURoRW1vV28tR0I1NVh2NUNUaGtkY3kyclc5eVNPOWRQRGRDQ2IxT3ZTbm5WLU9wUElHT1Y0Wk04T2FJZC1YYXhtZkZGMk5yMGw3NHZSd2I3aU10NE5zSmw1TzBrYllR0gGfAUFVX3lxTE4wTUJuX3hZYTA0QTZfNnBZMGNXTWZOR3dzb0dPUjFWaTJ2YXo3V2hsX2I0VXhCZFcyX3g0M2dCRnRzS2NRY1VsTFpYaS02em9TVXFQTEJjVm9vR05CRlpFSHV5dW9rTXM3Z1pqRmFYX3N3MjVPUlZzc05leGRwal9pZmZhQ1BxYTBxaWVLLWNoZEU2RGlQUGs3T2tza1VXUQ?oc=5"" target=""_blank"">U"
436,"Karnataka: POCSO case registered against father, relative over alleged sexual assault on minor girl",POCSO / Minor,2026-08-27,Karnataka,Karnataka,Karnataka,15.3173,75.7139,Under Investigation,2,"ANI News, The News Mill",https://news.google.com/rss/articles/CBMi8wFBVV95cUxNZENlUWNIOUxCV3RPMWd1MTNYWXpBZVl3cldURGx4eWtUV1pxVjdlMkVFMFktTF9RNjZRSThWQUFTcEM4dkJhSEgwbVVRTUszTHNpYXoyaTl5VWtBeFJlRDBQblpjaWdTN2VEa3dUT0tsbnRmTGNMUGJPNGxMaTl5cEVUWWdKa1hHOG9SendqeTdyQW41Z1NUUFp0NEt1MXN6cS16RU94b2ZJMGRpY3U3MFM5WFRpOUZxbFpjeloyUDlQaEM0VFBtRHdTQVJEQU5TSWZ6X1NGLUk3RTRKR0pLRVRlQ3hiOWlQYlE1dEdIa3B3QTg?oc=5,"<a href=""https://news.google.com/rss/articles/CBMi8wFBVV95cUxNZENlUWNIOUxCV3RPMWd1MTNYWXpBZVl3cldURGx4eWtUV1pxVjdlMkVFMFktTF9RNjZRSThWQUFTcEM4dkJhSEgwbVVRTUszTHNpYXoyaTl5VWtBeFJlRDBQblpjaWdTN2VEa3dUT0tsbnRmTGNMUGJPNGxMaTl5cEVUWWdKa1hHOG9SendqeTdyQW41Z1NUUFp0NEt1MXN6cS16RU94b2ZJMGRpY3U3MFM5WFRpOUZxbFpjeloyUDlQaEM0VFBtRHdTQVJEQU5TSWZ6X1NGLUk3RTRKR0pLRVRlQ3hiOWlQYlE1dEdIa3B3QTg?oc=5"" target=""_blank"">Karnataka: POCSO case registered against father, relative over alleged sexual assault on minor girl<"
389,"Pimpalwandi Rape & Murder: Sunetra Pawar Meets Victims Family, Promises Fast-Track Trial",Sexual Assault,2026-08-27,,,,,,Under Investigation,1,Free Press Journal,https://news.google.com/rss/articles/CBMivgFBVV95cUxQSWZOdTZteVNqQmdwRHpMZks3cWhpanBhTDVTN2ZsNDNBaGhtYzNTY3I4NTRhdGZmVzE1UktvMzluWU93MTU5Rk9Fd2RXQ0dWSjhvWEJFaTYyMWFSZWotZE1YQ2k0eXZDS211Y2NhSHgxSmVNY01kNERPaUlLb2xUZkJnLXhwb3htRHlURTN3RHBYS2xHOExvLXBXOVl1Yk9iYy12MjdEeThucDhHektzbUh2MGdlWS1tanhwWHF30gHDAUFVX3lxTFBKQThzRU9xN2xkQU1oN2hHMzRGZWhLbXlfMXVKV1RVODVqTWlmbmhiZHAzdkY2MW9rWkxVdWFzWVhTMlJhSkMzRXBycDVBTmNROXZaZkVJaHhtSGxjTGhQWTFyR0FPVmE4UFNTT0wyalc2Nnc2bkh6dTdKajJyMWNweWliTU1PeDB0S2t2M2prVUtZR1VaYlAtNWlsbGVHTmNoQjZlbUJEdFlvQWRGNHpTMEFZTWhIODcxa0Q2dEdSWV83RQ?oc=5,"<a href=""https://news.google.com/rss/articles/CBMivgFBVV95cUxQSWZOdTZteVNqQmdwRHpMZks3cWhpanBhTDVTN2ZsNDNBaGhtYzNTY3I4NTRhdGZmVzE1UktvMzluWU93MTU5Rk9Fd2RXQ0dWSjhvWEJFaTYyMWFSZWotZE1YQ2k0eXZDS211Y2NhSHgxSmVNY01kNERPaUlLb2xUZkJnLXhwb3htRHlURTN3RHBYS2xHOExvLXBXOVl1Yk9iYy12MjdEeThucDhHektzbUh2MGdlWS1tanhwWHF30gHDAUFVX3lxTFBKQThzRU9xN2xkQU1oN2hHMzRGZWhLbXlfMXVKV1RVODVqTWlmbmhiZHAzdkY2MW9rWkxVdWFzWVhTMlJhSkMzRXBycDVBTmNROXZaZkVJaHhtSGxjTGhQWTFyR0FPVmE4UFNTT0wyalc2Nnc2bkh6dTdKajJyMWNweWliTU1PeDB0S2t2M2"
138,"Rape and sex offence specialists on all police forces by 2027, PM says",Sexual Assault,2026-08-27,,,,,,Under Investigation,1,BBC,https://news.google.com/rss/articles/CBMiXEFVX3lxTE9BTTVUdF9mWkw1a1ZadGV0dmI4RWVwaW1PUm81Qm1qaGlGbk5nMXVWVXpQXy0zbW15c0psSnVteXU5MjJIU2tGd1RtbS0wSnhNRTVWTWdoREM2YmQx?oc=5,"<a href=""https://news.google.com/rss/articles/CBMiXEFVX3lxTE9BTTVUdF9mWkw1a1ZadGV0dmI4RWVwaW1PUm81Qm1qaGlGbk5nMXVWVXpQXy0zbW15c0psSnVteXU5MjJIU2tGd1RtbS0wSnhNRTVWTWdoREM2YmQx?oc=5"" target=""_blank"">Rape and sex offence specialists on all police forces by 2027, PM says</a>&nbsp;&nbsp;<font color=""#6f6f6f"">BBC</font>"
482,Fact Check: Bangladesh rape-murder victim's clip FALSELY shared as West Bengal incident,Sexual Assault,2026-08-26,West Bengal,West Bengal,West Bengal,22.9868,87.855,Under Investigation,1,indiatoday.in,https://news.google.com/rss/articles/CBMiygFBVV95cUxNbnNxZThLOXgtZlBUcjV6al9LZjFVV0U4aDNfXzc3S3NOODBmek5uZ2owNi1nT3J2MHlzaTFsYTRzRkdoU04zSzhUbzhCZjZ2bmNPTEZxZ0QzRWtNSTBaSm9WNkhnVEFnNFF3ZUl2d2hySW9xUEhTTjEzMjlhQkFULS1DcV9sT25rQjNGQm9hVXNIcklGYV9kQ0R6dk02MGtCSzk1eTBKUnB3NElzeV9ZbGZHVXoxNFQ4RmQ5ZGRsUF9MYmx1NjBQVEdR0gHPAUFVX3lxTE8zYWFiU3QzX09sNURKdjljcmU4VDc1VTF0UUZ4YzhJZjdwMFFWS2JQNFRWRzBrVjFiQnJETHF3SFZsU1hFYjhiUVM1dFV6ZktRU2E3VWs2T0JiOXNTSHE1NWcwYXlXd21ZVVhybDQ4VUZSTm9xQ2RnSDZnOGx6SUo5ekxmLUhVMlBMNV9IZFJ4a3I2amhsNlBNUzRNWWxuNG8yWkJVcnlpeEtyaS1TZTBmZmNfWnlTUnF4VGhvdlp2WjNCTmxRY2g4NXN2SHBVZw?oc=5,"<a href=""https://news.google.com/rss/articles/CBMiygFBVV95cUxNbnNxZThLOXgtZlBUcjV6al9LZjFVV0U4aDNfXzc3S3NOODBmek5uZ2owNi1nT3J2MHlzaTFsYTRzRkdoU04zSzhUbzhCZjZ2bmNPTEZxZ0QzRWtNSTBaSm9WNkhnVEFnNFF3ZUl2d2hySW9xUEhTTjEzMjlhQkFULS1DcV9sT25rQjNGQm9hVXNIcklGYV9kQ0R6dk02MGtCSzk1eTBKUnB3NElzeV9ZbGZHVXoxNFQ4RmQ5ZGRsUF9MYmx1NjBQVEdR0gHPAUFVX3lxTE8zYWFiU3QzX09sNURKdjljcmU4VDc1VTF0UUZ4YzhJZjdwMFFWS2JQNFRWRzBrVjFiQnJETHF3SFZsU1hFYjhiUVM1dFV6ZktRU2E3VWs2T0JiOXNTSHE1NWcwYXlXd21ZVVhybDQ4VUZSTm9xQ2RnSDZnOGx6SUo5ek"
414,Karnataka High Court quashes charges against Kodagu homestay owner in U.S. national rape case,Sexual Assault,2026-08-26,Karnataka,Karnataka,Karnataka,15.3173,75.7139,Under Investigation,2,"The Hindu, Bar and Bench",https://news.google.com/rss/articles/CBMi8gFBVV95cUxOeGxCYVQ4WThvSUJwcWNMNE1DdlNNVzB1ODFOSDdsZEUyRGNYaG45dFJ6WExkX0kzWTE4aDJUdGxNcG95RjR6V0x4OWtPSzVnZkRPNllENHhhY0JuU0ZxWW81WU5nLXNQa01jSzdrVHBNb1lFTFBPeVFYSkt4SU5IdmVTTWVlZmhOamZoQ2NvT1NWX3J5NXYwWjk2U0ozdjJHenFmbURXbUFOaEVEazB6V2NuZEM2YmxCNXdqWTd0Wi1kTWJzcDRrdy1tNGhDRmNWaFZHVW0xT3RNTFI3bFZZMmQxZk12QlY2Tnh1aHdkSjBGUdIB-AFBVV95cUxPWEhkX1k2STR4c0xOSDFZd1Jwa3d3M0NfdjkwWHpFdThVRVJoR3lfZmNUeTJkZUgyb29KNjBCMTN2R3FiaG85cV84SXVhdU4xbW52OW1MaENBZDR6VVg2Xzh1ZUpjTFRocnYtUHdpUkZZOF9nT1hjNUl1LUpDdFp1VWtOVlpKN2ZEdHFoTDhxMUFOMTBPVVp6bFBZMFBpeEFieG1EbDctSWZSVC1LWDd2SlRKMy1wRkN0OWJIUHJKWlItMjVGdmlaVjdPQVd0SmFtbEI4d1lhMzAxZlhwTTRpSGFRODJhcEIwalFGUkd3bGxJTU1sTGhRQw?oc=5,"<a href=""https://news.google.com/rss/articles/CBMi8gFBVV95cUxOeGxCYVQ4WThvSUJwcWNMNE1DdlNNVzB1ODFOSDdsZEUyRGNYaG45dFJ6WExkX0kzWTE4aDJUdGxNcG95RjR6V0x4OWtPSzVnZkRPNllENHhhY0JuU0ZxWW81WU5nLXNQa01jSzdrVHBNb1lFTFBPeVFYSkt4SU5IdmVTTWVlZmhOamZoQ2NvT1NWX3J5NXYwWjk2U0ozdjJHenFmbURXbUFOaEVEazB6V2NuZEM2YmxCNXdqWTd0Wi1kTWJzcDRrdy1tNGhDRmNWaFZHVW0xT3RNTFI3bFZZMmQxZk12QlY2Tnh1aHdkSjBGUdIB-AFBVV95cUxPWEhkX1k2STR4c0xOSDFZd1Jwa3d3M0NfdjkwWHpFdThVRVJoR3lfZmNUeTJkZUgyb29KNjBCMTN2R3FiaG85cV84SXVhdU4xbW52OW1MaENBZD"
164,'Below Deck' Star Nathan Gallagher Breaks Silence on Domestic Violence Arrest: 'I Made Mistakes',Domestic Violence,2026-08-26,,,,,,Under Investigation,1,Rolling Stone,https://news.google.com/rss/articles/CBMiuwFBVV95cUxQQ2dtY0tYaDhGUm5ObkFYdG1uTTdBb0VNeWw2dnpKbUZobXBLZ0ZUUTVaVFJ3cGEtNTVUNlk4U0paaDlQSTlNZFBzOTNUNEUzUS1yTjhxczZqbjlBbERjSGJ4aUdYUXA0WXBHRFdUUU16SUJTSGVXRGpIYlNqb3ItVUU0WHZIRGhtakRGLUZvbnp5a25Vc2VRY3MyZkVhc1BpRm53WDlmUWFrUGNhM0NfV1lqQ0gtRlNSeTVV?oc=5,"<a href=""https://news.google.com/rss/articles/CBMiuwFBVV95cUxQQ2dtY0tYaDhGUm5ObkFYdG1uTTdBb0VNeWw2dnpKbUZobXBLZ0ZUUTVaVFJ3cGEtNTVUNlk4U0paaDlQSTlNZFBzOTNUNEUzUS1yTjhxczZqbjlBbERjSGJ4aUdYUXA0WXBHRFdUUU16SUJTSGVXRGpIYlNqb3ItVUU0WHZIRGhtakRGLUZvbnp5a25Vc2VRY3MyZkVhc1BpRm53WDlmUWFrUGNhM0NfV1lqQ0gtRlNSeTVV?oc=5"" target=""_blank"">'Below Deck' Star Nathan Gallagher Breaks Silence on Domestic Violence Arrest: 'I Made Mistakes'</a>&nbsp;&nbsp;<font color=""#6f6f6f"">Rolling Stone</font>"
467,Pregnant woman alleges repeated rape and forced conversion in Gujarat,Sexual Assault,2026-08-25,Gujarat,Gujarat,Gujarat,22.2587,71.1924,Under Investigation,1,newskarnataka.com,https://news.google.com/rss/articles/CBMisAFBVV95cUxNeE9JaXFHdnVCZjhoT2lrYWJ2OFpiNXdnVDFnY2VnWjdwVWpvS3Q4WGdGV1RZZFdicGVySXl5dFhhYVRSN0JEODlSZ2ZISjZIYWx3eGdGbHZocHBtdm5oZ2c2LWxGakNVbVRJbk9LR25uVDlUaE5jV1dxN2FCMWVFLWwtUkFObElPUVplWXhQSkJOdzN1anBqR01sWURxVGtYLUl6MjJFTTdYandMbUFrZw?oc=5,"<a href=""https://news.google.com/rss/articles/CBMisAFBVV95cUxNeE9JaXFHdnVCZjhoT2lrYWJ2OFpiNXdnVDFnY2VnWjdwVWpvS3Q4WGdGV1RZZFdicGVySXl5dFhhYVRSN0JEODlSZ2ZISjZIYWx3eGdGbHZocHBtdm5oZ2c2LWxGakNVbVRJbk9LR25uVDlUaE5jV1dxN2FCMWVFLWwtUkFObElPUVplWXhQSkJOdzN1anBqR01sWURxVGtYLUl6MjJFTTdYandMbUFrZw?oc=5"" target=""_blank"">Pregnant woman alleges repeated rape and forced conversion in Gujarat</a>&nbsp;&nbsp;<font color=""#6f6f6f"">newskarnataka.com</font>"
428,Four Karnataka cops suspended over ‘delay’ in Raichur gang rape-murder case,Sexual Assault,2026-08-25,Raichur,Raichur,Karnataka,16.2076,77.3463,Under Investigation,1,The Indian Express,https://news.google.com/rss/articles/CBMivwFBVV95cUxQMXFXREZnSi1wYkc3TTRDT0JyMTI3bUEyOHIxQkdOM0FaeTVMcjhQSjduelB2TzRGS3ZxYTVoakN2dEhhaXc5Zmx1dE1FMU53TXB5eVNaRU8tdnQ5N29XVUVtR3N3SHJ4Qm9GY2hGVm9jc0RkUkdVd09pdXFxRzdWbFVRWDZXVDJFYzJhUTJsdGs3b3dhN3pZVFRxUnVMUzkwb1VsWGQwS3c5RGlyX3hpSnE2akUwWF9QN01nS2Y5ONIBxgFBVV95cUxQUE9XV1h3YlVULXFINVpwanNxSGJfdUVDRkVEbTRNeWpTZzZGVUY5cGctUnZINDdxOFF5cTRNczhqM3hFYTA4RTFJS0hNZE9sOFZzWG5xbkZrNmlzLXpLVlZmWlNBSjJWZEtNMU4zVUxxX2pJNU9kM3AtaElxUGRMZ2V2MXhucEJhcHhSYnFYTExuNVRFTmZMMm5KT1poUmtWMHpaYXNWZnZSZ1NJU1RUNlFRcy0telRUams2RzdmZ0w5MlV3NHc?oc=5,"<a href=""https://news.google.com/rss/articles/CBMivwFBVV95cUxQMXFXREZnSi1wYkc3TTRDT0JyMTI3bUEyOHIxQkdOM0FaeTVMcjhQSjduelB2TzRGS3ZxYTVoakN2dEhhaXc5Zmx1dE1FMU53TXB5eVNaRU8tdnQ5N29XVUVtR3N3SHJ4Qm9GY2hGVm9jc0RkUkdVd09pdXFxRzdWbFVRWDZXVDJFYzJhUTJsdGs3b3dhN3pZVFRxUnVMUzkwb1VsWGQwS3c5RGlyX3hpSnE2akUwWF9QN01nS2Y5ONIBxgFBVV95cUxQUE9XV1h3YlVULXFINVpwanNxSGJfdUVDRkVEbTRNeWpTZzZGVUY5cGctUnZINDdxOFF5cTRNczhqM3hFYTA4RTFJS0hNZE9sOFZzWG5xbkZrNmlzLXpLVlZmWlNBSjJWZEtNMU4zVUxxX2pJNU9kM3AtaElxUGRMZ2V2MXhucEJhcHhSYn"
406,"MBA/MMS CAP Round 3 Allotment List Announced As 4,454 Students Secure Seats In Maharashtra Colleges",Other GBV,2026-08-25,Maharashtra,Maharashtra,Maharashtra,19.7515,75.7139,Under Investigation,1,Free Press Journal,https://news.google.com/rss/articles/CBMi1gFBVV95cUxPX3VxOFJIYzJvMlgtZ29LT01feXQzcFBaQnExTHNxTjNXdmhRRVBHZmNoLUdRaXEzQnFRSFFra3lnR2dZRmo2RmtybEFNV2MtcjhSMGVsZnNEN0ZldE9Ta25QeEZlRS11Tm1rU3pNUk9YSTVoTGVVbWxzRkVYNFZyb1dXSmR2NWwzWVktX09QZmNpdEZxMmpkTTd0TVEwWHRlTWdsM3FRMjQ1OWRrWThtWDRDSHpyVkFXd3MweEx5VGo3Z3hrXzhYc2tsSVRDYzRDbjJXa1V30gHbAUFVX3lxTE5Dbl9SWnhFdUpFald6dUpGNDhfYjM2VXpTSlk0SmNXZlBNR3JVZFA5MDBrRTBEWFRXTy1FVWc4NzM5N2hyR0cxaXpjbmplQWRYOGJteUs0VFB6d2VkNTRkd3NaeWNzSTVWM0h2Zm9TX0RwLTVaQ3g2VXhfd3ZRTjEwTGdjQ0FSUDhOcTl0dzM1NkVUZGVMNGZKaVAtME12c3k4OXpsdjBWczVVaWFuck1tUkNpV2RDanF1RnYxVlo5eWNwYmpMdmlldldmZGhTUThJQUF4Q1MyclZTcw?oc=5,"<a href=""https://news.google.com/rss/articles/CBMi1gFBVV95cUxPX3VxOFJIYzJvMlgtZ29LT01feXQzcFBaQnExTHNxTjNXdmhRRVBHZmNoLUdRaXEzQnFRSFFra3lnR2dZRmo2RmtybEFNV2MtcjhSMGVsZnNEN0ZldE9Ta25QeEZlRS11Tm1rU3pNUk9YSTVoTGVVbWxzRkVYNFZyb1dXSmR2NWwzWVktX09QZmNpdEZxMmpkTTd0TVEwWHRlTWdsM3FRMjQ1OWRrWThtWDRDSHpyVkFXd3MweEx5VGo3Z3hrXzhYc2tsSVRDYzRDbjJXa1V30gHbAUFVX3lxTE5Dbl9SWnhFdUpFald6dUpGNDhfYjM2VXpTSlk0SmNXZlBNR3JVZFA5MDBrRTBEWFRXTy1FVWc4NzM5N2hyR0cxaXpjbmplQWRYOGJteUs0VFB6d2VkNTRkd3NaeWNzSTVWM0h2Zm9TX0RwLTVaQ3"
182,Exclusive: Navy Sexual Assault Survivor Says a Workers' Comp Claim Just Ended Her Fight for Justice,Sexual Assault,2026-08-25,,,,,,Under Investigation,1,Military.com,https://news.google.com/rss/articles/CBMivwFBVV95cUxNOHpDbDQ4eXRxLUFCSVNVUzFfOHpKcGNFZXRUSk5DYmdUOGR6LVdpRW4tY3MzMkdwYnVYVmdWcjVzbTBGNVZZZTBZMi1PTTMxUS1yUWd4M2p3R21TSVZKdjBtSGs0TEpZTDZGNXNhSGFGRklZcW00V0NSMklYdThBRV9QVmdQQ0trenBhX0VPdUgwQUlQNGZtak9CVXRWWktDZlowczFpc3RVTERZSXEzaEhuLTB3RVJ4NmtMck8yaw?oc=5,"<a href=""https://news.google.com/rss/articles/CBMivwFBVV95cUxNOHpDbDQ4eXRxLUFCSVNVUzFfOHpKcGNFZXRUSk5DYmdUOGR6LVdpRW4tY3MzMkdwYnVYVmdWcjVzbTBGNVZZZTBZMi1PTTMxUS1yUWd4M2p3R21TSVZKdjBtSGs0TEpZTDZGNXNhSGFGRklZcW00V0NSMklYdThBRV9QVmdQQ0trenBhX0VPdUgwQUlQNGZtak9CVXRWWktDZlowczFpc3RVTERZSXEzaEhuLTB3RVJ4NmtMck8yaw?oc=5"" target=""_blank"">Exclusive: Navy Sexual Assault Survivor Says a Workers' Comp Claim Just Ended Her Fight for Justice</a>&nbsp;&nbsp;<font color=""#6f6f6f"">Military.com</font>"
163,Lawsuit over sexual assault aboard Navy transport ship dismissed as worker’s comp issue,Sexual Assault,2026-08-25,,,,,,Under Investigation,1,stripes.com,https://news.google.com/rss/articles/CBMirAFBVV95cUxNSmM0azExbk55ckxwNXp3N0dqNVp5azdNS1pLSldwMS1sQV9fbExqaXNfdm1zbUxpUzQ2SzktTEhoU0hjOGU2N295LWhFMmNVY0Q5MkYwbjd6WTN3alpVOGlDd0lUTFhIR0pyNXhCYXMtNVdWSHdwVHowT0wtT3k0ZUpLV0RzZDhuV0J1Y0s1ZG9lR0s1Q1RxSUMxMm9ISWJDaDlPd2JtYWt3RWxD?oc=5,"<a href=""https://news.google.com/rss/articles/CBMirAFBVV95cUxNSmM0azExbk55ckxwNXp3N0dqNVp5azdNS1pLSldwMS1sQV9fbExqaXNfdm1zbUxpUzQ2SzktTEhoU0hjOGU2N295LWhFMmNVY0Q5MkYwbjd6WTN3alpVOGlDd0lUTFhIR0pyNXhCYXMtNVdWSHdwVHowT0wtT3k0ZUpLV0RzZDhuV0J1Y0s1ZG9lR0s1Q1RxSUMxMm9ISWJDaDlPd2JtYWt3RWxD?oc=5"" target=""_blank"">Lawsuit over sexual assault aboard Navy transport ship dismissed as worker’s comp issue</a>&nbsp;&nbsp;<font color=""#6f6f6f"">stripes.com</font>"
136,"Rape and murder of 3 year old girl sparks outrage in Nepal, with protesters demanding tougher laws",Sexual Assault,2026-08-25,,,,,,Under Investigation,1,CBS News,https://news.google.com/rss/articles/CBMimwFBVV95cUxPeGJtTFJuV19FUWxsYU9Dc3RQNU5tNHlYRXZ0Sl9mTlNvSkJITVhyWjVRNE53V003dUFlZzRWclZ2MTVXZVVuWjY1Sk54dzBNYVZ0SmdJMHZXN3VZVmktVFBsT3Fad1VxNHJidHA1UlZtaXhmMGpNMjhNeEp4emdQSXpKdFplTUt6YnRZR2VNclFSdFFKdnRmcmxsZw?oc=5,"<a href=""https://news.google.com/rss/articles/CBMimwFBVV95cUxPeGJtTFJuV19FUWxsYU9Dc3RQNU5tNHlYRXZ0Sl9mTlNvSkJITVhyWjVRNE53V003dUFlZzRWclZ2MTVXZVVuWjY1Sk54dzBNYVZ0SmdJMHZXN3VZVmktVFBsT3Fad1VxNHJidHA1UlZtaXhmMGpNMjhNeEp4emdQSXpKdFplTUt6YnRZR2VNclFSdFFKdnRmcmxsZw?oc=5"" target=""_blank"">Rape and murder of 3 year old girl sparks outrage in Nepal, with protesters demanding tougher laws</a>&nbsp;&nbsp;<font color=""#6f6f6f"">CBS News</font>"
606,Kerala: Ex-BJP leader KK Padmarajan gets bail in Palathayi POCSO case,POCSO / Minor,2026-08-24,Kerala,Kerala,Kerala,10.8505,76.2711,Under Investigation,1,The News Minute,https://news.google.com/rss/articles/CBMiqAFBVV95cUxOZXNlVWtfZVFYLUdienBHa1h5dWV2SU42Y05MWjg3UUdLTUd1QzVaNFI5RGlPSUVmVjRPVS0tb0ZmODl0b2NxTVlBbTU5Z051Q3hNaTU5YWg5V0JjRWJSVXdRdTlHN0dJQnpwZF8zN1BBc3c0QUhNNmVBV1NEdk16NGU2T2Y5WllXWEp5TTJoWDNLMXJSbldEc3BSMHZKT0l4czhTcW1tWDfSAbYBQVVfeXFMTXhJNWtEY2hWem9kNHI2a0VHSk1jNnZMbnRGVVV0QjZ3Z1praU9CbVdKVWVLRzg2YmxBQXZuV01qbHVCamNFZHZQb3lBdF9neW11Nm1PRzlSMm5tcy1Eb19QRXVLcmE2aF9mZS1RWkhidXBzeDR5ZUMyWHZKQktkcWl2djJMbTlJQk9tUWRCTTFiZVFBRXJqdktocU9uandyVmZwaHRqMEdUcmVPUGZ5WG5MT2xGTWc?oc=5,"<a href=""https://news.google.com/rss/articles/CBMiqAFBVV95cUxOZXNlVWtfZVFYLUdienBHa1h5dWV2SU42Y05MWjg3UUdLTUd1QzVaNFI5RGlPSUVmVjRPVS0tb0ZmODl0b2NxTVlBbTU5Z051Q3hNaTU5YWg5V0JjRWJSVXdRdTlHN0dJQnpwZF8zN1BBc3c0QUhNNmVBV1NEdk16NGU2T2Y5WllXWEp5TTJoWDNLMXJSbldEc3BSMHZKT0l4czhTcW1tWDfSAbYBQVVfeXFMTXhJNWtEY2hWem9kNHI2a0VHSk1jNnZMbnRGVVV0QjZ3Z1praU9CbVdKVWVLRzg2YmxBQXZuV01qbHVCamNFZHZQb3lBdF9neW11Nm1PRzlSMm5tcy1Eb19QRXVLcmE2aF9mZS1RWkhidXBzeDR5ZUMyWHZKQktkcWl2djJMbTlJQk9tUWRCTTFiZVFBRXJqdktocU9uandyVmZwaH"
605,Kerala High Court suspends life sentence of Padmarajan Master in Palathayii rape case,Sexual Assault,2026-08-24,Kerala,Kerala,Kerala,10.8505,76.2711,Under Investigation,1,Organiser,https://news.google.com/rss/articles/CBMizgFBVV95cUxORjRjRGJuUzk1ejFzcGdUVTczbzVTN0VGa2s3Y2JwaUpiM2c1QmFWMnAxWEEtbUpCOGc4SWt1eVlYeFZLbUs2QlJVV0liYnR1bWdKMVRRd1k2LVMwSkFYRVVQV2poYTBIczQxMDhISTczbTQyVGtlRzBRbUZhMGI0QzM5ZjZqTE0zai1vc2xFd1M1X3g2dF9paXFINC1VVUZpSFNqc1VKTjBESXRiT0w4VEszZ1hEYW9jc281RWxJVEc5U3U1aEtvd2ZsMGFyQQ?oc=5,"<a href=""https://news.google.com/rss/articles/CBMizgFBVV95cUxORjRjRGJuUzk1ejFzcGdUVTczbzVTN0VGa2s3Y2JwaUpiM2c1QmFWMnAxWEEtbUpCOGc4SWt1eVlYeFZLbUs2QlJVV0liYnR1bWdKMVRRd1k2LVMwSkFYRVVQV2poYTBIczQxMDhISTczbTQyVGtlRzBRbUZhMGI0QzM5ZjZqTE0zai1vc2xFd1M1X3g2dF9paXFINC1VVUZpSFNqc1VKTjBESXRiT0w4VEszZ1hEYW9jc281RWxJVEc5U3U1aEtvd2ZsMGFyQQ?oc=5"" target=""_blank"">Kerala High Court suspends life sentence of Padmarajan Master in Palathayii rape case</a>&nbsp;&nbsp;<font color=""#6f6f6f"">Organiser</font>"
595,Kerala law student rape and murder: Supreme Court seeks State's response on plea to transfer death-row convict to Assam,Sexual Assault,2026-08-24,Assam,Assam,Assam,26.2006,92.9376,Under Investigation,1,Bar and Bench,https://news.google.com/rss/articles/CBMi8wFBVV95cUxNM0lLLUZvb19BQm1BVkdIb0k4ZUZmdWxKZFM3anFVZGI2Nmczb24wNEJtOXNlTjNFU1puNnZUZFY1aFRVQ1p3VllKRlhpcW85dmpEc3pMb3IxR2luSlVMd3FHOTlvUGVZRGdjM29Hc3lVaERtZ1lOc3h5S1JlMDVGbkF5QW1ZUmVpNWJQTk50N2FwczhsMXVGRUdNZFhuRVFDXzd2V242NkdUbGNnNzRWQnZLVkVVLTlBLTl1NGpJWVdYX3VUWlRqQ25aYWttSTU3SmxfUEs4a2U0RGdmVWlwdDFrOVNuSFJ4eElGZ2VqWWM0aXc?oc=5,"<a href=""https://news.google.com/rss/articles/CBMi8wFBVV95cUxNM0lLLUZvb19BQm1BVkdIb0k4ZUZmdWxKZFM3anFVZGI2Nmczb24wNEJtOXNlTjNFU1puNnZUZFY1aFRVQ1p3VllKRlhpcW85dmpEc3pMb3IxR2luSlVMd3FHOTlvUGVZRGdjM29Hc3lVaERtZ1lOc3h5S1JlMDVGbkF5QW1ZUmVpNWJQTk50N2FwczhsMXVGRUdNZFhuRVFDXzd2V242NkdUbGNnNzRWQnZLVkVVLTlBLTl1NGpJWVdYX3VUWlRqQ25aYWttSTU3SmxfUEs4a2U0RGdmVWlwdDFrOVNuSFJ4eElGZ2VqWWM0aXc?oc=5"" target=""_blank"">Kerala law student rape and murder: Supreme Court seeks State's response on plea to transfer death-r"
575,"Tamil Nadu: Tirunelveli POCSO court awards death sentence to church pastor Abraham, for sexually assaulting minor girls",POCSO / Minor,2026-08-24,Tirunelveli,Tirunelveli,Tamil Nadu,8.7139,77.7567,Under Investigation,1,Organiser,https://news.google.com/rss/articles/CBMi-AFBVV95cUxPNW0zaE83RHZ5UFpzdnBlcXlXd1p1Z0dIUE91d0tRLUNQcjl6T0dkM3o4UTQ0M18wNFVCeWJGODJDYVlOWE5NUEh0S0taSUdMNFpOX29nRGp3SFhKU0ZDdGtscTFxSlNDUi1vTmsyaWJYQ3AzSnFlRVB1aVkxN0xwSVZQckNXSmM2eFk4bGxMbDU5c3ZSMWhwTi1PMW9aSV9kRzZFSFByRW1DdXZaYjA2RmRxUldYUDdvaHZpYW44YURWRjZVQ0t3a0c5STRzOU5ZWG5jWGh4NzFZbV9RTEM3NU1JS1Z0cHRqN2xSYlBNM2prTXBYWUhIbtIB_gFBVV95cUxPRDBacU5qdVRzelVHdzlkekZkY0s4OGgycjdpbGl2dE91MHR2bVp2VXlhZnNlbWJ0UnF3UVBZc29FMnJYaEhIMVVNX0JWM3F0RXIxTkZQckltQjFhV1VNaGdRN1UwYksxa3ZBT185eVBlTHhNb0x5cTI4NklWNml0a2d2ZHY4Zk5pejRfOEN0YjFVZlJkZnYtWC1BLVRudUs0dFYxYXpCR3FuZWFWMVp6SDhaUXBNMkllM2VuVldiR1RucVJHS055dGxpZE5HQm1rYTFzb3FNUGs3aDRiTjV4d0wzSWRnTWNxb29OOFI1YThJRFMyR1F4Zm9PTm9JUQ?oc=5,"<a href=""https://news.google.com/rss/articles/CBMi-AFBVV95cUxPNW0zaE83RHZ5UFpzdnBlcXlXd1p1Z0dIUE91d0tRLUNQcjl6T0dkM3o4UTQ0M18wNFVCeWJGODJDYVlOWE5NUEh0S0taSUdMNFpOX29nRGp3SFhKU0ZDdGtscTFxSlNDUi1vTmsyaWJYQ3AzSnFlRVB1aVkxN0xwSVZQckNXSmM2eFk4bGxMbDU5c3ZSMWhwTi1PMW9aSV9kRzZFSFByRW1DdXZaYjA2RmRxUldYUDdvaHZpYW44YURWRjZVQ0t3a0c5STRzOU5ZWG5jWGh4NzFZbV9RTEM3NU1JS1Z0cHRqN2xSYlBNM2prTXBYWUhIbtIB_gFBVV95cUxPRDBacU5qdVRzelVHdzlkekZkY0s4OGgycjdpbGl2dE91MHR2bVp2VXlhZnNlbWJ0UnF3UVBZc29FMnJYaEhIMVVNX0JWM3F0RXIxTk"
562,Video | Punjab CM Bhagwant Mann's Wife Faces ₹5 Crore Rape Case Allegation: What Happened?,Sexual Assault,2026-08-24,Punjab,Punjab,Punjab,31.1471,75.3412,Under Investigation,1,NDTV,https://news.google.com/rss/articles/CBMitAFBVV95cUxOUms4aVpHQkpZbW5wWENiZ2o4WktiZ2ZqSjJyYVBBZkNpVS1BWGpZN3ZVM1kybmwxSnZxX20xbEJjaEh0S3V4OFZETzlISUk5WFI2anFtRXlXN2FnT0hETm9IazFfdE02MklWQndmYUw1cEdVWU8yeWlORlNyNXdwV2syd0tER212MjRNRHVEaTQtdldHWFhRd0lRZGlHX3l1MF9Sa2N2eHNTT3ZSdjRqYmJsRjA?oc=5,"<a href=""https://news.google.com/rss/articles/CBMitAFBVV95cUxOUms4aVpHQkpZbW5wWENiZ2o4WktiZ2ZqSjJyYVBBZkNpVS1BWGpZN3ZVM1kybmwxSnZxX20xbEJjaEh0S3V4OFZETzlISUk5WFI2anFtRXlXN2FnT0hETm9IazFfdE02MklWQndmYUw1cEdVWU8yeWlORlNyNXdwV2syd0tER212MjRNRHVEaTQtdldHWFhRd0lRZGlHX3l1MF9Sa2N2eHNTT3ZSdjRqYmJsRjA?oc=5"" target=""_blank"">Video | Punjab CM Bhagwant Mann's Wife Faces ₹5 Crore Rape Case Allegation: What Happened?</a>&nbsp;&nbsp;<font color=""#6f6f6f"">NDTV</font>"
487,Cook arrested for alleged rape attempt on domestic help at residential complex,Sexual Assault,2026-08-24,,,,,,Arrest Made,1,Telegraph India,https://news.google.com/rss/articles/CBMi3wFBVV95cUxNNmktb2pJdFBjZmpDSkU1aGJwbUtZQjhXNXNtYlJMUHRXX0Z3cXNRVDVKOTVEdHM2a20ySEdoUnB2Rm1QX3lZYnA4dmFGeEtuR2Y1SWFxYmxWNzcwVTR1ckFfZnR1ZFdsd0I3X3VtNHNnY2hZMFk0S0kwdWgzXy02ZUFON25fX0lXaERrQTVYZkhFT2Q0amtUSnZiQW9mMEl2MkM5amdOM2RrZkVaaFZTbDAwMzFCakREMUFHTHZndS05RHoxdkNUdWwwaW9XX1JydnFDaXltMmd2YzJKVVZr0gHkAUFVX3lxTFBFVWFfVU82cjVvb1Y4Z0RmSGc2UkpTOXZlRjlpVW5jVXRHdGZHenBHbUY0ZXdKUE1sTUxoUnZNb1dlQXJQc1dpRmxCZmp6S1Z3Y2tRTXhHWG15NktoMW1fR0lIQWp5eEt3ZFFFeVJVUm1rb0liMm1HZ0V6WHA5WS04am54X0JaeUN3SEZKYnJnMzFPdE5FNU5TZzV5MHE2NVZ5ZTRjcGUwMHdpaDN0bmxzamNBbElrRDRyYjJudUtYb3YtckwxbXA1VlVoZmNQcXBhY2JtNlE3M1lTVFhQbzlnQzVMdQ?oc=5,"<a href=""https://news.google.com/rss/articles/CBMi3wFBVV95cUxNNmktb2pJdFBjZmpDSkU1aGJwbUtZQjhXNXNtYlJMUHRXX0Z3cXNRVDVKOTVEdHM2a20ySEdoUnB2Rm1QX3lZYnA4dmFGeEtuR2Y1SWFxYmxWNzcwVTR1ckFfZnR1ZFdsd0I3X3VtNHNnY2hZMFk0S0kwdWgzXy02ZUFON25fX0lXaERrQTVYZkhFT2Q0amtUSnZiQW9mMEl2MkM5amdOM2RrZkVaaFZTbDAwMzFCakREMUFHTHZndS05RHoxdkNUdWwwaW9XX1JydnFDaXltMmd2YzJKVVZr0gHkAUFVX3lxTFBFVWFfVU82cjVvb1Y4Z0RmSGc2UkpTOXZlRjlpVW5jVXRHdGZHenBHbUY0ZXdKUE1sTUxoUnZNb1dlQXJQc1dpRmxCZmp6S1Z3Y2tRTXhHWG15NktoMW1fR0lIQWp5eEt3ZFFFeV"
367,"Burhanpur Woman Sold Minor Daughters To Several Men For Money; Three Held, Five Booked",Other GBV,2026-08-24,,,,,,Arrest Made,1,ETV Bharat,https://news.google.com/rss/articles/CBMizwFBVV95cUxOYklkaWpzU0JpaHlsWEZ2YWNWWVpjaTl4eHBqSmVOSzB5anlSNk9ZelJtb3V5YnJFUVM5UFZCZGl0ZzdnUThaZWRHU3FmOUVfdzYtVVZZa3dESVBSQ2JyVVB5RXZ5dVl3ci1wMDBxSUVuVVdpdlBNWW5uckJDNGpoNXFfeGlUR2c0R0xSV25GUTdTdTFPaEd4Z3RFRHhPbHE3Y2k3akVKeGpHRWxfZkx1M3FzNFlHR3RCN3BtczBBQVoyeGFLdnNCOWczTk9ud2PSAdQBQVVfeXFMT3ljRW85eTZzS1FvWlpQVFp6VVc4bFZhYVFGREp3OGZHbmRrcm5aY3kzUmhCbWtsVTdfZ3FqODRFWjExYTRmalpaa1ZrZUdJRGQ4aERGNml2RFo0YUFEUmR5dlhUMEVRSDZYUTNPaEhhUmNDZzltbkNaeGxacjB2NUR3aHFJVDlmVlJpVURkaXlPNi1taVdJMWhXSnpNb1dqLU9FX2RDb2tycl9JOHBOR2xldlVuZUtFbnRwUzVmejl6WlB5RUI1bVpzbTZHNGdPQUwwWlM?oc=5,"<a href=""https://news.google.com/rss/articles/CBMizwFBVV95cUxOYklkaWpzU0JpaHlsWEZ2YWNWWVpjaTl4eHBqSmVOSzB5anlSNk9ZelJtb3V5YnJFUVM5UFZCZGl0ZzdnUThaZWRHU3FmOUVfdzYtVVZZa3dESVBSQ2JyVVB5RXZ5dVl3ci1wMDBxSUVuVVdpdlBNWW5uckJDNGpoNXFfeGlUR2c0R0xSV25GUTdTdTFPaEd4Z3RFRHhPbHE3Y2k3akVKeGpHRWxfZkx1M3FzNFlHR3RCN3BtczBBQVoyeGFLdnNCOWczTk9ud2PSAdQBQVVfeXFMT3ljRW85eTZzS1FvWlpQVFp6VVc4bFZhYVFGREp3OGZHbmRrcm5aY3kzUmhCbWtsVTdfZ3FqODRFWjExYTRmalpaa1ZrZUdJRGQ4aERGNml2RFo0YUFEUmR5dlhUMEVRSDZYUTNPaEhhUmNDZzltbkNaeGxacj"
339,"Rape Suspect Climbs Chambal Bridge, Demands Custody Of Child With Lover After Returning From Jail",Sexual Assault,2026-08-24,,,,,,Under Investigation,1,Free Press Journal,https://news.google.com/rss/articles/CBMi0AFBVV95cUxPa0VhOTZqQ3VvQjEyVGc1d2wxZ04yckZ3Vkp0S0tRMUpwd2ZJMFFYd3VZTlhBcERWTm5MaVRfbjZaNURPeWo1SlR4S3RKRFRiMWFpQWZKWUcyYkN2Z3BOS0sxbkZ3QndrcWs2UGpKYzZOQlNFbjdvUlNmZG05SF91Y1VRaldIbDBQNDI1Rjd1SkNvME1UVWNuT1RwLW5YblFjVUwxYTFoR3VJd2RROG5ZUk0xMWtCMUxlSW9ld3NJczFPM3UwZ05jX2tCTUNTRExn0gHWAUFVX3lxTFBiRXVRVU5tbGZSSUN4dXRvTVROUzF6Wk9nRjVRYXBfb0Rrb2tDclZKSVNfajR3N3dMVnM3YXk0Z01GS3hfdGRDOVZvamVEZy1LUDJUN2UtS2djcHJvSWNfVWdRa0R3NFh0a2tJdUlMSzA1OXU4cTJ4WGpnNTg5YVlQNk03REZfNFhEZWpvWWRYZkIyQ0szazVZR1ZsUV82bWVBZVdxX2pudC1Bc0NDQXVjVHJ6UnpFSnNvZ2xkTmk1Qy1YdHRGeTVwaTNVZE5XSjl3VHhaR0E?oc=5,"<a href=""https://news.google.com/rss/articles/CBMi0AFBVV95cUxPa0VhOTZqQ3VvQjEyVGc1d2wxZ04yckZ3Vkp0S0tRMUpwd2ZJMFFYd3VZTlhBcERWTm5MaVRfbjZaNURPeWo1SlR4S3RKRFRiMWFpQWZKWUcyYkN2Z3BOS0sxbkZ3QndrcWs2UGpKYzZOQlNFbjdvUlNmZG05SF91Y1VRaldIbDBQNDI1Rjd1SkNvME1UVWNuT1RwLW5YblFjVUwxYTFoR3VJd2RROG5ZUk0xMWtCMUxlSW9ld3NJczFPM3UwZ05jX2tCTUNTRExn0gHWAUFVX3lxTFBiRXVRVU5tbGZSSUN4dXRvTVROUzF6Wk9nRjVRYXBfb0Rrb2tDclZKSVNfajR3N3dMVnM3YXk0Z01GS3hfdGRDOVZvamVEZy1LUDJUN2UtS2djcHJvSWNfVWdRa0R3NFh0a2tJdUlMSzA1OXU4cTJ4WGpnNT"
155,He Was Wrongly Convicted of Attempted Rape. He’s Suing the DNA Analysts.,Sexual Assault,2026-08-24,,,,,,Convicted,1,The New York Times,https://news.google.com/rss/articles/CBMilgFBVV95cUxQRTI4SVB4MXFfblNkSFlFOVBfYWVubk9aMDRRaUc3RGx2My1ZUGgtNUJaWHQ5cVRKVXBKd1RlWEU2WVNtaHZNSV9WNXh4ejZsWmNYMEJUZnptclpwM19Qd0J4RWZXTmRvYmh2M1ZoNlp0VHoyTm4xOTA5bk02YmNnOWx5V0ZfLVd3Nk85eUEwZTZDbUpjdkE?oc=5,"<a href=""https://news.google.com/rss/articles/CBMilgFBVV95cUxQRTI4SVB4MXFfblNkSFlFOVBfYWVubk9aMDRRaUc3RGx2My1ZUGgtNUJaWHQ5cVRKVXBKd1RlWEU2WVNtaHZNSV9WNXh4ejZsWmNYMEJUZnptclpwM19Qd0J4RWZXTmRvYmh2M1ZoNlp0VHoyTm4xOTA5bk02YmNnOWx5V0ZfLVd3Nk85eUEwZTZDbUpjdkE?oc=5"" target=""_blank"">He Was Wrongly Convicted of Attempted Rape. He’s Suing the DNA Analysts.</a>&nbsp;&nbsp;<font color=""#6f6f6f"">The New York Times</font>"
141,Outrage in Nepal over rape and murder of three-year-old girl,Sexual Assault,2026-08-24,,,,,,Under Investigation,1,BBC,https://news.google.com/rss/articles/CBMiXEFVX3lxTFB5TnlncVNjM2RkSUJCaFVLamlvTzB6N2Q3ZGNHcGkxVEQya1NqaFpNQ3lKV0tyekN5Tk1IdXdpMGh0SDloNkpUWHprM1BMSW1ra29XcmlVaVpCQThi?oc=5,"<a href=""https://news.google.com/rss/articles/CBMiXEFVX3lxTFB5TnlncVNjM2RkSUJCaFVLamlvTzB6N2Q3ZGNHcGkxVEQya1NqaFpNQ3lKV0tyekN5Tk1IdXdpMGh0SDloNkpUWHprM1BMSW1ra29XcmlVaVpCQThi?oc=5"" target=""_blank"">Outrage in Nepal over rape and murder of three-year-old girl</a>&nbsp;&nbsp;<font color=""#6f6f6f"">BBC</font>"
488,"Baruipur encounter policy will also be implemented in Kharagpur, says Dilip Ghosh",Other GBV,2026-08-23,,,,,,Under Investigation,1,The New Indian Express,https://news.google.com/rss/articles/CBMi3AFBVV95cUxNVTNtYlZBay1GVnJTWmxpWnQzcnZmWlBwOUh0cXJVandHY0dUemR1ZHRRNDhiUkJhUkZsaEJmZnUwTUdna2NsVUFXNlo5bk5mTVpjd2xCVi0ydVRXLTRKOElzazRoUW9KN1p4WDRhMzBSWHhjWXViLUVyalE4bWZrQTRIU3ZTeEp6MzZrbzRTdjZvTTd3RjlUdnN3eWhlaGg4REI4dFJQX2VSZUFZWXdpWkVaMExEQ2kzWFdrOG9leXA1a0R5UG9jNGxVY1UyLXotY2I3ZHFYOHlBQ2hZ0gHqAUFVX3lxTFBzRTBMSVY2MDdlWFZ6aWR5M2phdVBzcXV6eDlJTmZ2U3FjMWpJcUVkZ3MxWGVxZVVQeVJIaGF1bnlVdEhFNm52ekhGTVNxNUlGbjBjZkdVN0pacEJZbXJTYnA1RXJlRm5FQjNUNURvSU10dWV1WjBjRUoyRmNFRUctYTBTeVk2UVdSbkcxWXA1NmhleUt5aW1ROWtMd05mOS1sY3M5YkQzTzZVbTEyMVZVMDAtNTB3Q2QzV1hRblRXR29YRFVhVHo4Rl9sM0N3VXZ4QVJud3VoSjBvbmc1eDVBc056Nm5hOE9mZw?oc=5,"<a href=""https://news.google.com/rss/articles/CBMi3AFBVV95cUxNVTNtYlZBay1GVnJTWmxpWnQzcnZmWlBwOUh0cXJVandHY0dUemR1ZHRRNDhiUkJhUkZsaEJmZnUwTUdna2NsVUFXNlo5bk5mTVpjd2xCVi0ydVRXLTRKOElzazRoUW9KN1p4WDRhMzBSWHhjWXViLUVyalE4bWZrQTRIU3ZTeEp6MzZrbzRTdjZvTTd3RjlUdnN3eWhlaGg4REI4dFJQX2VSZUFZWXdpWkVaMExEQ2kzWFdrOG9leXA1a0R5UG9jNGxVY1UyLXotY2I3ZHFYOHlBQ2hZ0gHqAUFVX3lxTFBzRTBMSVY2MDdlWFZ6aWR5M2phdVBzcXV6eDlJTmZ2U3FjMWpJcUVkZ3MxWGVxZVVQeVJIaGF1bnlVdEhFNm52ekhGTVNxNUlGbjBjZkdVN0pacEJZbXJTYnA1RXJlRm5FQjNUNURvSU"
397,Opposition Steps Up Attack On Bhagwant Mann Over ₹5 Crore Allegation In Rape Case,Sexual Assault,2026-08-23,,,,,,Under Investigation,1,Free Press Journal,https://news.google.com/rss/articles/CBMiugFBVV95cUxNTkhtM2hLejREZlNZVEs1SmRWRVFVUlI5czcwZjlQbElWb0lWa0p4bUhNc1lNcWE3MkFYSlJEMFlEemVyMkZzUnBRdnk4MXB5cFdRazVIQS1jRGN6bkRadnJjUTFvVnRhb2Q5TnVjNlUySVVjWlZmYzZtMVFJdzlZRkJFa29kbUt0YVNOdXRfQ0ZTYjQ3Q2w1YmdaOHRZcEFteFBtTmNFNjJkMU0xVGp0WGp0SjBCazlHX0HSAb8BQVVfeXFMTmwweE9waDJiQ2FKRkhMUjJwcU0yTkowdkdQYzRYeU9DVy12YjM4Q0ZGUUFydHF6ZV9Xc2JNZVdWVTd0RFZPczVHeGpuWXZKY3Qtd1V3QmotbGl4WURUeDdkQ3lvS0JXcmRGT0dBaHh3b3YxNFNLRVphQnEtemVyTUJudFo0LU9YSmlpR0tIQmQxeUlUaFdGTnBLUmMtcUhrMlQ0aUxCTF9iMTJfY2xLaG5vNEVMWjJlV3FhbENCQ00?oc=5,"<a href=""https://news.google.com/rss/articles/CBMiugFBVV95cUxNTkhtM2hLejREZlNZVEs1SmRWRVFVUlI5czcwZjlQbElWb0lWa0p4bUhNc1lNcWE3MkFYSlJEMFlEemVyMkZzUnBRdnk4MXB5cFdRazVIQS1jRGN6bkRadnJjUTFvVnRhb2Q5TnVjNlUySVVjWlZmYzZtMVFJdzlZRkJFa29kbUt0YVNOdXRfQ0ZTYjQ3Q2w1YmdaOHRZcEFteFBtTmNFNjJkMU0xVGp0WGp0SjBCazlHX0HSAb8BQVVfeXFMTmwweE9waDJiQ2FKRkhMUjJwcU0yTkowdkdQYzRYeU9DVy12YjM4Q0ZGUUFydHF6ZV9Xc2JNZVdWVTd0RFZPczVHeGpuWXZKY3Qtd1V3QmotbGl4WURUeDdkQ3lvS0JXcmRGT0dBaHh3b3YxNFNLRVphQnEtemVyTUJudFo0LU9YSmlpR0tIQmQxeU"
336,"Outrage in UP's Muzaffarnagar over minor Dalit girl's gang rape; two arrested, govt assures strict action",Sexual Assault,2026-08-23,Muzaffarnagar,Muzaffarnagar,Uttar Pradesh,29.4727,77.7085,Arrest Made,1,The Hans India,https://news.google.com/rss/articles/CBMi5wFBVV95cUxNNTRfNy1XS2g1ZWE3VmRyNGtFcGxWMXpScDNEejlqM3VoVHFEMFh4dWY5OGtuVUx5R2lXaV95aWo3V0NTeHQ0eHpzbGRCWXhFcTdxR0ZiTE1KTFdydERMLWtrZkdHSmUtQnVQMjk0Y2hiQ2pyRHRCVzkzcWlMMXNuVENsS21jWFUyd1FHTXN5MEZLTDRkOENpejQ1bG90WEF2cjFPQlFySVlhZzZaSUFXaUZ2MHJKaHFVcEpNbFZXZ1JUSFFERlJmMzV1cVVRbllYd0tOQTJvc01jWlR0UGg0bkF6YTdjWlE?oc=5,"<a href=""https://news.google.com/rss/articles/CBMi5wFBVV95cUxNNTRfNy1XS2g1ZWE3VmRyNGtFcGxWMXpScDNEejlqM3VoVHFEMFh4dWY5OGtuVUx5R2lXaV95aWo3V0NTeHQ0eHpzbGRCWXhFcTdxR0ZiTE1KTFdydERMLWtrZkdHSmUtQnVQMjk0Y2hiQ2pyRHRCVzkzcWlMMXNuVENsS21jWFUyd1FHTXN5MEZLTDRkOENpejQ1bG90WEF2cjFPQlFySVlhZzZaSUFXaUZ2MHJKaHFVcEpNbFZXZ1JUSFFERlJmMzV1cVVRbllYd0tOQTJvc01jWlR0UGg0bkF6YTdjWlE?oc=5"" target=""_blank"">Outrage in UP's Muzaffarnagar over minor Dalit girl's gang rape; two arrested, govt assures strict action</a>&nbsp;&"
312,"70-year-old UP man arrested for raping, impregnating minor granddaughter",Other GBV,2026-08-23,Uttar Pradesh,Uttar Pradesh,Uttar Pradesh,26.8467,80.9462,Arrest Made,1,The Indian Express,https://news.google.com/rss/articles/CBMirgFBVV95cUxQSzNsYmdwcU92OTUxZjJDS3Q1VGx3TVo0dGlZLXdnVDI3THJDYzhKOTBwUFFvR1VvaDROMXktOUo4ZDhtWkJkRHQ5S0tXdHg3bGNlcUtjRFg1cDJCV2I3YWIxcXFvSTVoUTVJbFgwWHl1Q3BqTFFDbWJxNTAxVmxucHN0XzRzRTVpVE1sSTVRUk45VUhTTmFrMFBia3NpZko3aVEyTmFsaVlGTkE0VGfSAbQBQVVfeXFMUHFhM2VmTGZLdmUtQnN6aUJCaE9hVkFnQWUtelR2enBobTlNSXp1Rl96SnhaZ0xBeXlLQzZWMmNCSTRFZE5sTGNuQ3VieUZTckM0OEJvQmpQNmd5UHRPVTdaend2LVlIejVhYjB5bkFUYmJHQ080UzIzb1BEcmZUMV9HTEhlOWdZcmtBMTZCOC1JcEx3LVNGX0s0bE96M0Fscm5HbnZ2dnBXcGxHMW1QN29KaUVS?oc=5,"<a href=""https://news.google.com/rss/articles/CBMirgFBVV95cUxQSzNsYmdwcU92OTUxZjJDS3Q1VGx3TVo0dGlZLXdnVDI3THJDYzhKOTBwUFFvR1VvaDROMXktOUo4ZDhtWkJkRHQ5S0tXdHg3bGNlcUtjRFg1cDJCV2I3YWIxcXFvSTVoUTVJbFgwWHl1Q3BqTFFDbWJxNTAxVmxucHN0XzRzRTVpVE1sSTVRUk45VUhTTmFrMFBia3NpZko3aVEyTmFsaVlGTkE0VGfSAbQBQVVfeXFMUHFhM2VmTGZLdmUtQnN6aUJCaE9hVkFnQWUtelR2enBobTlNSXp1Rl96SnhaZ0xBeXlLQzZWMmNCSTRFZE5sTGNuQ3VieUZTckM0OEJvQmpQNmd5UHRPVTdaend2LVlIejVhYjB5bkFUYmJHQ080UzIzb1BEcmZUMV9HTEhlOWdZcmtBMTZCOC1JcEx3LVNGX0s0bE96M0"
297,"Man, 70, Rapes, Impregnates 16-Year-Old Granddaughter In UP's Hathras",Other GBV,2026-08-23,Hathras,Hathras,Uttar Pradesh,27.5968,78.0519,Under Investigation,1,NDTV,https://news.google.com/rss/articles/CBMizwFBVV95cUxNUWtVYi1tSGMtWndpM1ZtOHVxRmZadUZyVzNjZkZFTjdKaHF3OHNaSG5yTmFwenBxWlBXa3d0clBtTlFJNzN4M3Z0MHRoTm9Hdm9Ua3h4VEtrNTdJNU5hcUxyREV4ZGJmR0F6dVJ4T2ZlMlBRVXcxZjlGWmhBeUJ0WVZCVkRMel9rUXo0SDFqNFdzX2pHa0g5WEYyWWdCN0I4ZktvMWVrVEpkTEZoMGhOX2xzYXhPV0U4VVU2bGFrdHJ3b21RLUxrNWp4clRRSnfSAdcBQVVfeXFMUENCQy1iYmZtNGFoV1NWd2lvaGxPb1ppR0RyY1FoRnBua1VRSWtDdHBPZmF5SXh3b1RWcFlReGp4UkJxMV9TYWxzZTV2TjBrbU1sREZpeFpQUWk3YllzUXpwRExNZVZreEUzYktYZGVJTzJKYkxueUJQbTE1V0lHZGhLeEpkR19oZlUyVUJjVVhNWnJXQ3E3bElsYnZXUkp5c01QekFBdTkxRl96anhLc1loa1FQcmpMU0hJajNsUDVVT0g0eklZZTdyeDNOOVBIekVxb0tRUEE?oc=5,"<a href=""https://news.google.com/rss/articles/CBMizwFBVV95cUxNUWtVYi1tSGMtWndpM1ZtOHVxRmZadUZyVzNjZkZFTjdKaHF3OHNaSG5yTmFwenBxWlBXa3d0clBtTlFJNzN4M3Z0MHRoTm9Hdm9Ua3h4VEtrNTdJNU5hcUxyREV4ZGJmR0F6dVJ4T2ZlMlBRVXcxZjlGWmhBeUJ0WVZCVkRMel9rUXo0SDFqNFdzX2pHa0g5WEYyWWdCN0I4ZktvMWVrVEpkTEZoMGhOX2xzYXhPV0U4VVU2bGFrdHJ3b21RLUxrNWp4clRRSnfSAdcBQVVfeXFMUENCQy1iYmZtNGFoV1NWd2lvaGxPb1ppR0RyY1FoRnBua1VRSWtDdHBPZmF5SXh3b1RWcFlReGp4UkJxMV9TYWxzZTV2TjBrbU1sREZpeFpQUWk3YllzUXpwRExNZVZreEUzYktYZGVJTzJKYkxueUJQbTE1V0"
103,I Asked ABVP About a Molestation Case. They Asked Me to Meet Them at Night,Harassment & Stalking,2026-08-23,,,,,,Under Investigation,1,The Wire India,https://news.google.com/rss/articles/CBMirAFBVV95cUxOWG9MSzVqZ2JPN0F4Smg1UkczTzNzelNybnVZbU5RbTNKeEx0T2tYMW1LZnFMVVM0MHhNM0pSa3JOdHlrYUNiZkJ1MkNPMkctd1ZyNzZrMU5sd0ZDc251WDdXSjloZzNMeGNPV0J5d3BWRFI1aEZtaFlISng5OGczZE15ZGJ0RC1kanZfZWFoTUdEdWZnTmJxa0RST29YNndlaUFpeHJSUUlCTmlX0gGyAUFVX3lxTE5fTG0yMjN0VFZzNXdhMzM5MlVOOURvMF9jLTJmWldJMUR3dWJGR1NRT3BRSUxCOUVhMEhodlNWNFlqVTNWVTBoc2EwR25QOTJfV0g0X3VKX1pyUFZONkItR1J6Nks2NngxWXhoX0xVZEJzTTgxa1ZnaGNQeENPb1dRVlhrUnlZRnZITmN2QW5tSXB0NXZzbWpqallRVkM2R0VUWGVqcng5VTlnNDVPc2ZEX1E?oc=5,"<a href=""https://news.google.com/rss/articles/CBMirAFBVV95cUxOWG9MSzVqZ2JPN0F4Smg1UkczTzNzelNybnVZbU5RbTNKeEx0T2tYMW1LZnFMVVM0MHhNM0pSa3JOdHlrYUNiZkJ1MkNPMkctd1ZyNzZrMU5sd0ZDc251WDdXSjloZzNMeGNPV0J5d3BWRFI1aEZtaFlISng5OGczZE15ZGJ0RC1kanZfZWFoTUdEdWZnTmJxa0RST29YNndlaUFpeHJSUUlCTmlX0gGyAUFVX3lxTE5fTG0yMjN0VFZzNXdhMzM5MlVOOURvMF9jLTJmWldJMUR3dWJGR1NRT3BRSUxCOUVhMEhodlNWNFlqVTNWVTBoc2EwR25QOTJfV0g0X3VKX1pyUFZONkItR1J6Nks2NngxWXhoX0xVZEJzTTgxa1ZnaGNQeENPb1dRVlhrUnlZRnZITmN2QW5tSXB0NXZzbWpqallRVkM2R0"
612,Kerala HC suspends life term of former BJP local leader K Padmarajan in Palathayi POCSO case,POCSO / Minor,2026-08-22,Kerala,Kerala,Kerala,10.8505,76.2711,Under Investigation,1,The Statesman,https://news.google.com/rss/articles/CBMi2wFBVV95cUxQM0RSQWJKV1RtNkxCc3l4c2c3MDVoWEpxTHp1RnJoallGTXdzNkpDQXFIUjBfazY2cUZiU2NsdC1YM0RpSlJDbWlSLW03QVYyTVV0aHJEYVFDM3BaVUhJNFMzeUFMMnZUbkdnUUVMT2ZWZkx4WFc4dXF5S016Wmp0dzVhQUNTbGd3TkpfUnZrdHRQRnVTbTZtaE1ybDdWVkJ1XzJGczVhYlZTeUUtcmFQaW9mOElmNDlyWV83alZCWVZrdVlZQkdTVFBQZGJwYndlTFJRcXJUS29mUGvSAeABQVVfeXFMUGlKWDFnVWUzNW90R1dReUQ1VWlTakExLXVpLWlpWVlsc0s1czZjVHN5X0ZJVmZ4Qng3UmgxaWdXcnpxeEw0cjdUMmZGcTlBSkdITWNZRmxWME1oV2tuWk9ZbllZVjM4Yms1dk1mdl9MTmtnQXhabElCaUVoRlVSTEVxMmpNZWVQbEl0dlctLURLWXFrN1BETGY1ejd0WTVONWxacTFXZnNRSG9GSlZuSk43VUV1dnBXUGEwZ3oyblMyZEU2clhUcElTazdlY21XZC13ang3UDdwem9iT1NCWW8?oc=5,"<a href=""https://news.google.com/rss/articles/CBMi2wFBVV95cUxQM0RSQWJKV1RtNkxCc3l4c2c3MDVoWEpxTHp1RnJoallGTXdzNkpDQXFIUjBfazY2cUZiU2NsdC1YM0RpSlJDbWlSLW03QVYyTVV0aHJEYVFDM3BaVUhJNFMzeUFMMnZUbkdnUUVMT2ZWZkx4WFc4dXF5S016Wmp0dzVhQUNTbGd3TkpfUnZrdHRQRnVTbTZtaE1ybDdWVkJ1XzJGczVhYlZTeUUtcmFQaW9mOElmNDlyWV83alZCWVZrdVlZQkdTVFBQZGJwYndlTFJRcXJUS29mUGvSAeABQVVfeXFMUGlKWDFnVWUzNW90R1dReUQ1VWlTakExLXVpLWlpWVlsc0s1czZjVHN5X0ZJVmZ4Qng3UmgxaWdXcnpxeEw0cjdUMmZGcTlBSkdITWNZRmxWME1oV2tuWk9ZbllZVjM4Yms1dk1mdl9MTm"
604,"Ex Kerala BJP Leader's Life Term Suspended In Sexual Assault Case, Gets Bail",Sexual Assault,2026-08-22,Kerala,Kerala,Kerala,10.8505,76.2711,Under Investigation,1,NDTV,https://news.google.com/rss/articles/CBMixwFBVV95cUxNMVlHX2xUUW5ZaThXeGpDdmpHS2QtOGY3M0Q3LV91X1Z6LWJyOE9tcWhkaGhpc2Q1WWFreVMzTmk0WUV6ZkxLdlpZQUl6YmFIYVlrUVVnX3lqT2N1UzRORndnU1FFYks5V3pWTWJaV041clhXY3pEM0x3OVFKTVlHbjhveGk2Z1ZId21iTTlfQVg2QzNBT3BKM042WUNUcjFBWFhmSlBsVkR0bFVfMFJ2R0lrRG5OdnpGX3NSWjQ1b2E5STZuT2VN0gHPAUFVX3lxTE84bVhLRmlPOXRVVlB1YVpIa0R0WGEtSXd2akItbWFLUEZ1ODFpVFoxaG1fY0VFUnRPa2xqaHdvRzJxempaVWs0bmpPQXVTTC04akVpM0FVQTdBaDZ1NkpnMXF6NVBBUDB5Ym40dXNfbTdHRWtUSVEzZGJzN0R0b0I2Y3RYenRWOXZKZkRFcVZWVEpzNDRRU0ZzeFF1dlpaUHZGa1JpRkcwRWpzT25XRUlZWFpzT1JvWU1IY3BfcGRtc0xxMmE3Z2pRbFVKQkRUNA?oc=5,"<a href=""https://news.google.com/rss/articles/CBMixwFBVV95cUxNMVlHX2xUUW5ZaThXeGpDdmpHS2QtOGY3M0Q3LV91X1Z6LWJyOE9tcWhkaGhpc2Q1WWFreVMzTmk0WUV6ZkxLdlpZQUl6YmFIYVlrUVVnX3lqT2N1UzRORndnU1FFYks5V3pWTWJaV041clhXY3pEM0x3OVFKTVlHbjhveGk2Z1ZId21iTTlfQVg2QzNBT3BKM042WUNUcjFBWFhmSlBsVkR0bFVfMFJ2R0lrRG5OdnpGX3NSWjQ1b2E5STZuT2VN0gHPAUFVX3lxTE84bVhLRmlPOXRVVlB1YVpIa0R0WGEtSXd2akItbWFLUEZ1ODFpVFoxaG1fY0VFUnRPa2xqaHdvRzJxempaVWs0bmpPQXVTTC04akVpM0FVQTdBaDZ1NkpnMXF6NVBBUDB5Ym40dXNfbTdHRWtUSVEzZGJzN0R0b0I2Y3RYen"
456,Dalit woman 'gangrape-murder' shocker in Karnataka: 4 arrested after body found in well,Other GBV,2026-08-22,Karnataka,Karnataka,Karnataka,15.3173,75.7139,Arrest Made,3,"Live Law, The Indian Express, Indiablooms",https://news.google.com/rss/articles/CBMi2AFBVV95cUxPQUtzdExzREcyWmoxVks4dzctZmxJMjJMNEhCby0yOFU1eTEtN2VFYXZYejd0Z3NUQWFqVFRrbVd1WHVGR1BRR0UyaW9MVkR1ODdKdDBXR0VqMWdVRGV2dWdIb1hWcnUyQlV3VVczODVJckdRWVliUllrOWFpdDVtWVlvR2FOa3hULTFJNWtBQkIxSVFDNHNMbkY4X21qcnNKV05WQjY2QTM4V2V4anhRVXZCZmRaZW9wR284Rmw3S3RaQjBDdmFockg3bGhIVjFlOGVWcmJISHfSAd4BQVVfeXFMT0hmVm9uZGE3dnozanhVUmJZX2lLNGsyLV9YellQRDR3Rko5c3lSaEZDQnktWnU0OXZmX0x2SlBxLUlaSG9McUFsOWg1ZXdCdkxNU3JLbk9YYWgxMWFZUTJhRmphQWUwLVY4bUtMcDFvRVh4U2N0akpEMWFaZnU5a1BCd29ya0xncVhiSnRmTlJmbzVncjBfZjc3MjJHblRyVEpSWnFXNHFjTXktZURteDVQUTJmOTlUWXNpXzZiTXZ3aFczdGZIbjNLVDFxVEpibkN6TkpiY05sSWJxckFR?oc=5,"<a href=""https://news.google.com/rss/articles/CBMiwwFBVV95cUxOdlBOQnFVaWdYaF9LUHVfTFIyZHkxYWVNamd6QkFtZV9LTEZwTzlHVkVnelM5WjFMV0EzcDJTVy1DWlhRVm85OERLdXFTbmZGS1pldnVNSWJBdzZUYjE5emVmMWFOVklxMmlQNXktSG1oTzNLOVVzX3Q3NS1xQkg1ZzBJU015SlpRTnItOWh1UE4zTGJKOU5RNGRjSThLdzhZVGs0Zl9sdWZVeHJRR053WTNPWmJhMUJPcVRyRkwxM3VfN3M?oc=5"" target=""_blank"">Dalit woman 'gangrape-murder' shocker in Karnataka: 4 arrested after body found in well</a>&nbsp;&nbsp;<font color=""#6f6f6f"">Indiablooms</font>"
444,Sirwar gang-rape and murder case: Four cops suspended for dereliction of duty,Sexual Assault,2026-08-22,,,,,,Under Investigation,1,Deccan Herald,https://news.google.com/rss/articles/CBMiyAFBVV95cUxNc05QdXMzcXZOUG9RSmdUVnNRZTJMQnMtUG12UUlwamZBZW1MRW5pVFpwU1FrZ0hXRFYwR0Y1b0k5bkJ2anQ2SmtWNEU3TG5CUkZRS0JSRmlXbDN4MzRUNXVDTTFtWnpPS25fMUxoQVd5OENQOUZrLTRqdkZ5dVVaRzNMQllVMEE3WkQtVnVFd0UtN1E2eS1PcWlDdlhtY3hGRGJnWlV1aDVudUFweFh4TC1JZTVvemZTNlJyaXZqdWNKOEEtc1dxaQ?oc=5,"<a href=""https://news.google.com/rss/articles/CBMiyAFBVV95cUxNc05QdXMzcXZOUG9RSmdUVnNRZTJMQnMtUG12UUlwamZBZW1MRW5pVFpwU1FrZ0hXRFYwR0Y1b0k5bkJ2anQ2SmtWNEU3TG5CUkZRS0JSRmlXbDN4MzRUNXVDTTFtWnpPS25fMUxoQVd5OENQOUZrLTRqdkZ5dVVaRzNMQllVMEE3WkQtVnVFd0UtN1E2eS1PcWlDdlhtY3hGRGJnWlV1aDVudUFweFh4TC1JZTVvemZTNlJyaXZqdWNKOEEtc1dxaQ?oc=5"" target=""_blank"">Sirwar gang-rape and murder case: Four cops suspended for dereliction of duty</a>&nbsp;&nbsp;<font color=""#6f6f6f"">Deccan Herald</font>"
432,‘They threatened to kill me’: Prajwal Revanna case witness tells Bengaluru court,Other GBV,2026-08-22,Bengaluru,Bengaluru,Karnataka,12.9716,77.5946,Under Investigation,1,The News Minute,https://news.google.com/rss/articles/CBMiuAFBVV95cUxQSWtWM08wMDdQWjU3R3BvcFFha0tIWTBudFpsdHM2WjlDSlJydUx5TWNENU8waXVkUGk5RFZDdDAxd1QySElnWjRBc1B1SURCSXRfQ3NwMzJzWlhPMS05Q3d2RzREMU1tbkpxNlFGc20zWEVBYWUzeVFKRXN3RElkY3lrZm00aURzeVd5SnFFX3JyLTRIQ3Fod19xNWZxRWFxNTNtLTFiTEptOFZrcTVwbFIyWUp4RlR3?oc=5,"<a href=""https://news.google.com/rss/articles/CBMiuAFBVV95cUxQSWtWM08wMDdQWjU3R3BvcFFha0tIWTBudFpsdHM2WjlDSlJydUx5TWNENU8waXVkUGk5RFZDdDAxd1QySElnWjRBc1B1SURCSXRfQ3NwMzJzWlhPMS05Q3d2RzREMU1tbkpxNlFGc20zWEVBYWUzeVFKRXN3RElkY3lrZm00aURzeVd5SnFFX3JyLTRIQ3Fod19xNWZxRWFxNTNtLTFiTEptOFZrcTVwbFIyWUp4RlR3?oc=5"" target=""_blank"">‘They threatened to kill me’: Prajwal Revanna case witness tells Bengaluru court</a>&nbsp;&nbsp;<font color=""#6f6f6f"">The News Minute</font>"
427,Seven arrested a year after minor girl's rape in Karnataka's Koppal,POCSO / Minor,2026-08-22,Karnataka,Karnataka,Karnataka,15.3173,75.7139,Arrest Made,3,"The New Indian Express, Lawtext, Lawtext",https://news.google.com/rss/articles/CBMixgFBVV95cUxNX0lpZlJ1a0ZsS3hCSF9mcmVSNjZ3eDdaMGtPTlNTZENxZVVwOElVdGFweFVVeTgwTTNxckVjLUQwdTZIVkpmeXdGd20zd29YTU1fX0c4aDBUSEJMRVB0Z0NSYU1ldl9kUzlLSi1fb3c0Z0ZrSnhNc0I5X0Nuc19LMW9oSko5NzJvVkRYdmQyNmhOSnA1TXY3ZTNuanBBb1p1WTNlZ0VZU0ZnMGx0dWRqT3UyXzZudVllU1pzTWRSNnNkdzZIc0HSAdMBQVVfeXFMTnlnVUJxZU1UUW94TkUzLXpScnFVbDZNZjRUbnVjdGZibmJTM1RkUVRTelJ1c0dLYWYwTS1aelRtMUNQMzh1aDF4U0dvZmdzRkJhT0UzYjlMR1htVncxWmxldDdRU0xpWGNEeE1VR1ZLaHhCOTBFQVU0MV9Hc0NWU2hzTFktS1FzYTR2NGVsNk5YejFta2JlWTU2ck1ybzBmZTJFLUlOT2NTSm84OWdEbzFoR3lRUkczVzhuQ2RzLVg4RF9EN1VDcUR3MDkyTXVfN0p3WQ?oc=5,"<a href=""https://news.google.com/rss/articles/CBMixgFBVV95cUxNX0lpZlJ1a0ZsS3hCSF9mcmVSNjZ3eDdaMGtPTlNTZENxZVVwOElVdGFweFVVeTgwTTNxckVjLUQwdTZIVkpmeXdGd20zd29YTU1fX0c4aDBUSEJMRVB0Z0NSYU1ldl9kUzlLSi1fb3c0Z0ZrSnhNc0I5X0Nuc19LMW9oSko5NzJvVkRYdmQyNmhOSnA1TXY3ZTNuanBBb1p1WTNlZ0VZU0ZnMGx0dWRqT3UyXzZudVllU1pzTWRSNnNkdzZIc0HSAdMBQVVfeXFMTnlnVUJxZU1UUW94TkUzLXpScnFVbDZNZjRUbnVjdGZibmJTM1RkUVRTelJ1c0dLYWYwTS1aelRtMUNQMzh1aDF4U0dvZmdzRkJhT0UzYjlMR1htVncxWmxldDdRU0xpWGNEeE1VR1ZLaHhCOTBFQVU0MV9Hc0NWU2hzTFktS1"
378,domestic violence complaints in Maharashtra,Domestic Violence,2026-08-22,Maharashtra,Maharashtra,Maharashtra,19.7515,75.7139,Under Investigation,1,Esakal,https://news.google.com/rss/articles/CBMifEFVX3lxTE9JV2ZGaG4zNjBaRnExMXE4X0hqaXdLZmN5WnV1ODgzOWpjbG9nOVZPWUtVcy1KN1l3Z1VydHJ1d1EwUkE2anlnbHJoSEtybERxSTJBVWF6bzJCRTFhSXNuaTgzcTFkRDdHZDBXWGkwbFctYnJuQkFzTjh3cV8?oc=5,"<a href=""https://news.google.com/rss/articles/CBMifEFVX3lxTE9JV2ZGaG4zNjBaRnExMXE4X0hqaXdLZmN5WnV1ODgzOWpjbG9nOVZPWUtVcy1KN1l3Z1VydHJ1d1EwUkE2anlnbHJoSEtybERxSTJBVWF6bzJCRTFhSXNuaTgzcTFkRDdHZDBXWGkwbFctYnJuQkFzTjh3cV8?oc=5"" target=""_blank"">domestic violence complaints in Maharashtra</a>&nbsp;&nbsp;<font color=""#6f6f6f"">Esakal</font>"
361,Mumbai airhostess assault: Accused tells cops he and 2 friends posed as transgenders to seek alms,Other GBV,2026-08-22,Mumbai,Mumbai,Maharashtra,19.076,72.8777,Under Investigation,2,"The Times of India, Free Press Journal",https://news.google.com/rss/articles/CBMiwAJBVV95cUxQNXpRNHU2V1BjSWEtOFBPNmgxanJmRXlrRVc1STVGelhNakFKbmEwV2V3T2pxUUs4bjlxY1hBMHJKMXN0bXItVk1sSzUwaHdUeGhaNndwWWJMUU8yYkxTd0djUnhqQkxqdk1od3BYcHpoM0plRFpUU2FTOHQtNkJ1cjRjbkdvU3dmS2hKR1JuWGJnRTVwVXRSUUQzNHdUaEVlMEVjSE15cjRrLTV2Vk8xaV92b1FLbVhfa3B3bEVHU2lSdkQtTlBOdE54T3FOdTZtSWxreWE4cGJvcnFBdi1fZG5OTzJXOG9rbUY3XzlyVk16NnRHallkWHNNbnZqSzA1MUpYVHN5THl2a1VnOEZrWTI0QmdxUHdSTDFWTklzNGFQc0FrMmRoN3lGdXRMZ3ZGVUQtVlI1TzVqZUFnUVdHZNIBxgJBVV95cUxNQ1Uyel80LW04NVgxb0VoVE1QRC1OSVhqRi1ZTEpUbGFRNmNndXE2TndybkN3c2dHajNvdC1QSHYyMzdsVG10SXRjaG90X00zclBOOWhhWkZobXFqbkJyQXFTTGxGUzZVNWVNU0RsbDBITHR4ZWsxMl8wUGxyX3JOel85eGFJWDNWRVV4bnVNM2Q2YjZuYXNRY3dseXNtV2xHZDNhSXQ1S0NCLU1rZHpBWFI5OFh0cUI3eHktY2dtZnJrZXYyZnNXbmFoWnNmS1A5azA1OGc5d21PMEkzNGYtbHJFamRHd0hiekhjeWhqdkdWQTc4eHZtXzgzWEcybENaTXJhT245SmNFSERNMXRNRnNKNVRHYnRnYkI1OVdTVHE5Q2lGWXBFU0h2WFNTUnU0STdQdGdCNDJLeTBFaTdvTUEwblFwUQ?oc=5,"<a href=""https://news.google.com/rss/articles/CBMiwAJBVV95cUxQNXpRNHU2V1BjSWEtOFBPNmgxanJmRXlrRVc1STVGelhNakFKbmEwV2V3T2pxUUs4bjlxY1hBMHJKMXN0bXItVk1sSzUwaHdUeGhaNndwWWJMUU8yYkxTd0djUnhqQkxqdk1od3BYcHpoM0plRFpUU2FTOHQtNkJ1cjRjbkdvU3dmS2hKR1JuWGJnRTVwVXRSUUQzNHdUaEVlMEVjSE15cjRrLTV2Vk8xaV92b1FLbVhfa3B3bEVHU2lSdkQtTlBOdE54T3FOdTZtSWxreWE4cGJvcnFBdi1fZG5OTzJXOG9rbUY3XzlyVk16NnRHallkWHNNbnZqSzA1MUpYVHN5THl2a1VnOEZrWTI0QmdxUHdSTDFWTklzNGFQc0FrMmRoN3lGdXRMZ3ZGVUQtVlI1TzVqZUFnUVdHZNIBxgJBVV95cUxNQ1Uyel"
304,Special Court Acquits 19‑Year‑Old of Rape and Child‑Sexual‑Assault Charges,Sexual Assault,2026-08-22,Goa,Goa,Goa,15.2993,74.124,Under Investigation,1,Prudent Media Goa,https://news.google.com/rss/articles/CBMitgFBVV95cUxPTVVVS0Vxcklya2d2TXFSelVBYkx5SVBLSG9BUzdTN1ZYOTlfSXhKamtrZERPaDN2d3R5NGlCRXFYb1hZZWpGRDV3UXlCN0lhbGhQaTJ3R3k0T0h0U3lEWWhwMXQzejBDS1hyYW9teEVteUE0V3REWG9Ub19CZUx2M2Jxc29tN2szM2JhWmpIXzJPNGhNU244UUVUeFJ6VkZjaEhfMEVNMmU4SkVWeXJ2X1FBWUl6Zw?oc=5,"<a href=""https://news.google.com/rss/articles/CBMitgFBVV95cUxPTVVVS0Vxcklya2d2TXFSelVBYkx5SVBLSG9BUzdTN1ZYOTlfSXhKamtrZERPaDN2d3R5NGlCRXFYb1hZZWpGRDV3UXlCN0lhbGhQaTJ3R3k0T0h0U3lEWWhwMXQzejBDS1hyYW9teEVteUE0V3REWG9Ub19CZUx2M2Jxc29tN2szM2JhWmpIXzJPNGhNU244UUVUeFJ6VkZjaEhfMEVNMmU4SkVWeXJ2X1FBWUl6Zw?oc=5"" target=""_blank"">Special Court Acquits 19‑Year‑Old of Rape and Child‑Sexual‑Assault Charges</a>&nbsp;&nbsp;<font color=""#6f6f6f"">Prudent Media Goa</font>"
614,Kerala HC grants bail to teacher convicted in Palathayi Pocso case,POCSO / Minor,2026-08-21,Kerala,Kerala,Kerala,10.8505,76.2711,Convicted,1,The Times of India,https://news.google.com/rss/articles/CBMi1gFBVV95cUxOemRqUFBoUERWMGJUZ2tuZ3BCNS1td1l4R1lBX3dDRjhYT25LOXRzY0k4LXpMa2ZIQkVsMDVudjZXUk9QRE5lay1xSlFjbTAzcHJ0ZHltVGxFd1NCaklUSEVVVk5ueU14emEwVXM4a2stV21JSmhQUHVXZzZDTmgtRnNlMy01WmF2eGZEam5pVVcwZkRhT2xmVWZKZkZGNm9PdGFvWl9uZ1ZYaVZKdl9fd0d1eGF1VVBGOTNxX1ZWbmw5OUtic3lfZFoyeDFObFdrTDZ3cnRn0gHbAUFVX3lxTE5KYVhDZ1pLMjllVUp2cFZrLWlGR1dDaW85Y29QZk5pS2hrNDhySlpvNnlqekVKN2llT1hNREQ3Ukh5UFFlanBtU1c2bGV0dDJWWUYwSE0tc0FmMVMtM3hCY0IxRjBQWGNUMGlVdlE4ZDVqdkFXVV9RWkRFdVNkeHZocFR5eXB2bm9CYjR4UHJTV21ELS1oZl8xWmlfd2RudmE1ZTFHRUMxVWlEVXFJZXJpSkg2a1owMVp6Q2lKeFN3ajkzSldhUkx2SEgyZnFpUFV3VzJuY0VRUFBoYw?oc=5,"<a href=""https://news.google.com/rss/articles/CBMi1gFBVV95cUxOemRqUFBoUERWMGJUZ2tuZ3BCNS1td1l4R1lBX3dDRjhYT25LOXRzY0k4LXpMa2ZIQkVsMDVudjZXUk9QRE5lay1xSlFjbTAzcHJ0ZHltVGxFd1NCaklUSEVVVk5ueU14emEwVXM4a2stV21JSmhQUHVXZzZDTmgtRnNlMy01WmF2eGZEam5pVVcwZkRhT2xmVWZKZkZGNm9PdGFvWl9uZ1ZYaVZKdl9fd0d1eGF1VVBGOTNxX1ZWbmw5OUtic3lfZFoyeDFObFdrTDZ3cnRn0gHbAUFVX3lxTE5KYVhDZ1pLMjllVUp2cFZrLWlGR1dDaW85Y29QZk5pS2hrNDhySlpvNnlqekVKN2llT1hNREQ3Ukh5UFFlanBtU1c2bGV0dDJWWUYwSE0tc0FmMVMtM3hCY0IxRjBQWGNUMGlVdlE4ZDVqdkFXVV"
588,Kerala High Court Suspends Life Sentence Of Former BJP Leader Padmarajan In Palathayi Rape Case,Sexual Assault,2026-08-21,Kerala,Kerala,Kerala,10.8505,76.2711,Under Investigation,1,Live Law,https://news.google.com/rss/articles/CBMitwFBVV95cUxPOFhfNzBCSVd5RUlncFF5SkRxWHR0VVBvem1oVHBqZkxrNWczbGtDNHZUMTlub25QNmZTX1g4STJ0STlsRTEtUlRsSGVkM2ZFYmJ0S1ZvTTJTeGd3R05TZjJta01kSlpzQ2l0aHlsTkk5LVJ5d2Zqd294RWs4ZTc1NG5IX3FUdkEzRzVTVHJWd0RoWEpsREhqSDg0UXNSc0NFWFFfdkl6R0dBZ0h5R203Rk5LUE93UkXSAbwBQVVfeXFMTklkNlpObnlwSVZwNU5ULVM2eHV2Qi1aNkJZTUJ6TTZHMVVQbnlmemhMV0JVWmwwUUJXYUo5dGE4YkREcjVaVjBfVmNsUTdqc2hmb2hERHN3MFZQZTcydUlWNmx3SXdsWjFhSEMyR1Zud3dqSVVFaVJrQkt3V240dW1XSUNOMnZTQVhKY3Fta0poV1dmSHVCSUlRRzc4cVpFVDVNR2VBbER1VG9ReEhzYVVqTjRWQmFzN0EtVDQ?oc=5,"<a href=""https://news.google.com/rss/articles/CBMitwFBVV95cUxPOFhfNzBCSVd5RUlncFF5SkRxWHR0VVBvem1oVHBqZkxrNWczbGtDNHZUMTlub25QNmZTX1g4STJ0STlsRTEtUlRsSGVkM2ZFYmJ0S1ZvTTJTeGd3R05TZjJta01kSlpzQ2l0aHlsTkk5LVJ5d2Zqd294RWs4ZTc1NG5IX3FUdkEzRzVTVHJWd0RoWEpsREhqSDg0UXNSc0NFWFFfdkl6R0dBZ0h5R203Rk5LUE93UkXSAbwBQVVfeXFMTklkNlpObnlwSVZwNU5ULVM2eHV2Qi1aNkJZTUJ6TTZHMVVQbnlmemhMV0JVWmwwUUJXYUo5dGE4YkREcjVaVjBfVmNsUTdqc2hmb2hERHN3MFZQZTcydUlWNmx3SXdsWjFhSEMyR1Zud3dqSVVFaVJrQkt3V240dW1XSUNOMnZTQVhKY3Fta0poV1dmSH"
530,POCSO Court Hands 4 Death Sentences To Tirunelveli Church Preacher S. Abraham For The Sexual Assault Of...,POCSO / Minor,2026-08-21,Tirunelveli,Tirunelveli,Tamil Nadu,8.7139,77.7567,Under Investigation,1,LawBeat,https://news.google.com/rss/articles/CBMi8AFBVV95cUxPeTRpMmlaSUJaZkhRWFAzWE9LdVdMWFdTOUk2cFpXWlRGbk53LXN5T0ZCVDJtTmJwcDdqUjdmQ05UakRubkQyU3J5bWNPalFGSFN0Tjd1aTlJTFQwYWNWTlF4Y3pZalpMRjBpT3FId2ZVQVVfbGFNUGo3VHR5c2pPUmVJUGd0d1B6QWdlR2ltWUZMNFI4RHhxQk45VVFUbkR3ZjZTekJPSE9qcnEtS3ZJMlZTZEtfeWp0V1V5Z1A2X0xZcHcxMGM1WGFWSmxBcUlSZlB6alkyS1JmQVBtR0RaVTd2aGZNWFFwb01FWEJad2PSAfYBQVVfeXFMTzNGOGlxdXU2UkczYS1RdW5uZ3UyTzlQc2cxNlNvQzY5SG1mVE9memhMRFFxTVhodGdJTnV6UTNzUUZjV1JTci0xVktWcWp3YVBxSzQ5d1pfM1JZaGZCdmpoajRIbF9kcHI0RGVVVnF2d0h6T04yUWRpb2llQ2xZY1cxUDBSQ191Qkpyd1FsV1VHb2Z4bHV5dEhBN2ZYTnJBWW1yQm1qQjVERWhoTVBQMktHcnprMlBGUGUyLWpOZk10emw2THQ3aXFZSnMwM2hqR0JpNUtOd0RaYkVsVURxb3BPWGVEdTloT0lSLUFYcVNpZjN1QmNB?oc=5,"<a href=""https://news.google.com/rss/articles/CBMi8AFBVV95cUxPeTRpMmlaSUJaZkhRWFAzWE9LdVdMWFdTOUk2cFpXWlRGbk53LXN5T0ZCVDJtTmJwcDdqUjdmQ05UakRubkQyU3J5bWNPalFGSFN0Tjd1aTlJTFQwYWNWTlF4Y3pZalpMRjBpT3FId2ZVQVVfbGFNUGo3VHR5c2pPUmVJUGd0d1B6QWdlR2ltWUZMNFI4RHhxQk45VVFUbkR3ZjZTekJPSE9qcnEtS3ZJMlZTZEtfeWp0V1V5Z1A2X0xZcHcxMGM1WGFWSmxBcUlSZlB6alkyS1JmQVBtR0RaVTd2aGZNWFFwb01FWEJad2PSAfYBQVVfeXFMTzNGOGlxdXU2UkczYS1RdW5uZ3UyTzlQc2cxNlNvQzY5SG1mVE9memhMRFFxTVhodGdJTnV6UTNzUUZjV1JTci0xVktWcWp3YVBxSzQ5d1pfM1JZaG"
446,Karnataka shocker: Two Raichur women murdered in separate incidents within 48 hours,Other GBV,2026-08-21,Raichur,Raichur,Karnataka,16.2076,77.3463,Under Investigation,1,thesouthfirst.com,https://news.google.com/rss/articles/CBMiuwFBVV95cUxQYmlvTkF0WXZuZ0h6c2NPMTItbDlFVWotaXdVNWVSWE4wUnQtalBVYkxXeU9Lc0JhRTlMU3lURzI4VGxOMjMzZVowLXBrQnVfWVlQdE5qQ1Z2eUQ5aHk1RXdqT2xuYkNJZHJ4c3VQXzlUNE9mU0szdFRFd0p6STlSeUxqdUdDQWpXNFZjbE95dnh5QVlQUTQ0OFlnejZPdE5BNTBBT1JONHRfNDdITVJTWUd5NUR4XzhOb2FF?oc=5,"<a href=""https://news.google.com/rss/articles/CBMiuwFBVV95cUxQYmlvTkF0WXZuZ0h6c2NPMTItbDlFVWotaXdVNWVSWE4wUnQtalBVYkxXeU9Lc0JhRTlMU3lURzI4VGxOMjMzZVowLXBrQnVfWVlQdE5qQ1Z2eUQ5aHk1RXdqT2xuYkNJZHJ4c3VQXzlUNE9mU0szdFRFd0p6STlSeUxqdUdDQWpXNFZjbE95dnh5QVlQUTQ0OFlnejZPdE5BNTBBT1JONHRfNDdITVJTWUd5NUR4XzhOb2FF?oc=5"" target=""_blank"">Karnataka shocker: Two Raichur women murdered in separate incidents within 48 hours</a>&nbsp;&nbsp;<font color=""#6f6f6f"">thesouthfirst.com</font>"
442,"Prajwal Revanna rape trial witness alleges threats, court orders CID probe",Sexual Assault,2026-08-21,,,,,,Under Investigation,1,indiatoday.in,https://news.google.com/rss/articles/CBMi2gFBVV95cUxQY2prTmNXRk1LYUdSTlpRTW9wSHQtcUVtaWs4Wk9QSmd3QXFWUFBRa0ZxV0hkM29XSDlkUFRKelRmNWJDZngtbDNoSktkenpiWTRWM1hPVU41eWJCZ1VrMnpMX1JucnE5NXM2bnZ0NjU3d2N0X1BPbkltejAwNjROR1F6RkV0T2kzbGh3dFlnYWh4YUFkRVRiM1RyZ0EwYzVPajIzaHhnV1pYUU1sUTVwd1NDMlhDQi1kbmY0OFlCUzB0RGo5N2JPM3pDY3VLajBIVS1OMkI3MG9xd9IB3wFBVV95cUxPLUlVbTZydVJtcmwxc1RIRnVSY3ZiMTVhNURab1dNSmpBZHhXYlhOcW5HOVg4OFN4ejN4US1JWmdTQXhGMk5YZlM2QWV0ZDRXVEJBYlBEVGJrTG5KdzdKLXhjellNZWgwQkd0bUJ6dFZwYnZkN3JZZDNLSXY4bFh6SVNGY1Noal9SQ0dOY2ZrbS1wb2F6QTRJdHRQR0xaY3BpbmtsYmhiU1VvSk1NQzFHMmZpV1I2WE5rZUh1WHJoUk02OVBmblBtY3BDRWo4QWtyVDZrTnc3cHV4MVVqLWNz?oc=5,"<a href=""https://news.google.com/rss/articles/CBMi2gFBVV95cUxQY2prTmNXRk1LYUdSTlpRTW9wSHQtcUVtaWs4Wk9QSmd3QXFWUFBRa0ZxV0hkM29XSDlkUFRKelRmNWJDZngtbDNoSktkenpiWTRWM1hPVU41eWJCZ1VrMnpMX1JucnE5NXM2bnZ0NjU3d2N0X1BPbkltejAwNjROR1F6RkV0T2kzbGh3dFlnYWh4YUFkRVRiM1RyZ0EwYzVPajIzaHhnV1pYUU1sUTVwd1NDMlhDQi1kbmY0OFlCUzB0RGo5N2JPM3pDY3VLajBIVS1OMkI3MG9xd9IB3wFBVV95cUxPLUlVbTZydVJtcmwxc1RIRnVSY3ZiMTVhNURab1dNSmpBZHhXYlhOcW5HOVg4OFN4ejN4US1JWmdTQXhGMk5YZlM2QWV0ZDRXVEJBYlBEVGJrTG5KdzdKLXhjellNZWgwQkd0bUJ6dFZwYn"
421,"Witness in rape case against Prajwal allegedly threatened, court orders probe",Sexual Assault,2026-08-21,,,,,,Under Investigation,1,The Hindu,https://news.google.com/rss/articles/CBMi3gFBVV95cUxNbU43X2ctVjdqZmVTLU1WSFU4VUJ0WTZVV0lMdlp2RHdWcnpRSTljaU9Rc3JseFQ0dDlzMlZBTTZjV2dPcFpLV0JwV2cweTFrcWdFNkk2Ykt0Zjh0Vi1BN0VsWFkxMzNibnZfalZTY1hpTjlkcGdlTFdQeWk2S2hyYlNySVNjZWVOTzVRaDFfbmI4Z0gxUUFSZ2YyM1A4cG1OVFl6cWdBLTFCSlg2NENVMVBnZkk1aEJPeUw4dWdlWUpQU041em9wRkhnMm5MNi1MSzJvSElNOXFVZkRGanfSAeQBQVVfeXFMTXVZMUoxUUhnc0FDeXp4NjY2Uk9taEFMTWo5TEhEeTRDQ24wVjJrOEJOOXFTOFVsNF9BTlVaOGcyNzJfV3REbEZfS0lMWkNTMVF6NnU0ZDk3WEJVN3ljV0dXNjdacmhSYTI5Njl1ZUlzbC0tWjlRRUpROW9TZXNzSmtwSmVQUy1jR1c1VXM2NmtCSnpOX2oyM3NqT3A1MnI4NzgzRkl5Rzl2bENFT2lCVkJhNVZrNV8xX0xWVlhDQkNMc0hVWHdmalJsdS03eDh3aDF1dXBSSHlGeDctV3lvMl82NEFI?oc=5,"<a href=""https://news.google.com/rss/articles/CBMi3gFBVV95cUxNbU43X2ctVjdqZmVTLU1WSFU4VUJ0WTZVV0lMdlp2RHdWcnpRSTljaU9Rc3JseFQ0dDlzMlZBTTZjV2dPcFpLV0JwV2cweTFrcWdFNkk2Ykt0Zjh0Vi1BN0VsWFkxMzNibnZfalZTY1hpTjlkcGdlTFdQeWk2S2hyYlNySVNjZWVOTzVRaDFfbmI4Z0gxUUFSZ2YyM1A4cG1OVFl6cWdBLTFCSlg2NENVMVBnZkk1aEJPeUw4dWdlWUpQU041em9wRkhnMm5MNi1MSzJvSElNOXFVZkRGanfSAeQBQVVfeXFMTXVZMUoxUUhnc0FDeXp4NjY2Uk9taEFMTWo5TEhEeTRDQ24wVjJrOEJOOXFTOFVsNF9BTlVaOGcyNzJfV3REbEZfS0lMWkNTMVF6NnU0ZDk3WEJVN3ljV0dXNjdacmhSYTI5Njl1ZU"
413,"Karnataka Woman Kidnapped Outside Home By 4 Men, Raped And Murdered",Sexual Assault,2026-08-21,Karnataka,Karnataka,Karnataka,15.3173,75.7139,Under Investigation,4,"NDTV, LawBeat, The Indian Express, The Indian Express",https://news.google.com/rss/articles/CBMiqwFBVV95cUxPOGJoclJkM0t4M0ZWczZ1ZEotS05sbjdVUDFTLWt1N3lGUFctWTZRSk16NjFWWldxSmg5b3Fwa1ZkTzJhazdwTGZFVjE0NnRmSWVfOFRjc2JoUFU1V3V6bHE2c1RfOGF5eFFKM0Zra0g5WEsyajVvekY3SjBZRFRUU2FQUk1OUDVtTjdTMzZsVzU4aTFDRVpCVG04elpUZjNZOWttYlV4c2hiOHPSAbMBQVVfeXFMTllPOEo0R3Z2RTkyM2syZFVybXNLTlVyWTE4SXhGSk1PT3ViRWs1V1Y4UFpCQmhSYkc2RHVkLUpQX0lobnNldzJoV0NnV0RCSG0ybURxajl2UU1zMmJrZXFwdmNLOEZGVlBwNjhhd1Q4VDE3bERUQ2R5WXYtSE9RSEotcVFtUFdKTTAwc05TUnE1Tmdsckd1MlRaYmJxQXNfNExiUTVLMXJWenBzbEQ4elZDaXc?oc=5,"<a href=""https://news.google.com/rss/articles/CBMiqwFBVV95cUxPOGJoclJkM0t4M0ZWczZ1ZEotS05sbjdVUDFTLWt1N3lGUFctWTZRSk16NjFWWldxSmg5b3Fwa1ZkTzJhazdwTGZFVjE0NnRmSWVfOFRjc2JoUFU1V3V6bHE2c1RfOGF5eFFKM0Zra0g5WEsyajVvekY3SjBZRFRUU2FQUk1OUDVtTjdTMzZsVzU4aTFDRVpCVG04elpUZjNZOWttYlV4c2hiOHPSAbMBQVVfeXFMTllPOEo0R3Z2RTkyM2syZFVybXNLTlVyWTE4SXhGSk1PT3ViRWs1V1Y4UFpCQmhSYkc2RHVkLUpQX0lobnNldzJoV0NnV0RCSG0ybURxajl2UU1zMmJrZXFwdmNLOEZGVlBwNjhhd1Q4VDE3bERUQ2R5WXYtSE9RSEotcVFtUFdKTTAwc05TUnE1Tmdsckd1MlRaYmJxQXNfNE"
379,Telangana: Reactor blast at pharma plant leaves two dead,Other GBV,2026-08-21,Assam,Assam,Assam,26.2006,92.9376,Under Investigation,1,The Assam Tribune,https://news.google.com/rss/articles/CBMingFBVV95cUxQcm16bm5jQzJJa1NhazBRQ0VLNWRsQjhEcU9ua054RDRhVU82Y2NydnZRTk9QUXpzc2p2dnRSS3BkMzZJWDFKTWNoMXNBMktGdmxiaXgzaUthTVBWUVdOU1N3QlJ4c0Fqb2lkekQ4cUQwUkhBY3B5aUJRVDBnakxyS29UVzhpdHhTOXR5aUdFTXZUQzR0NDdZaldieG1Vd9IBowFBVV95cUxNMUFIN25BQ3F0cTh0aTdTZXVXckx4Y3JaSkVsUVhTNHJVcEVnQVFRRzJHUXQtUmVFVGNFRFFBN1hDN2stMVBmdjlobVJ3SUlHMU01MndpeWNWN25zRURjcUY4SUFFNHRETVNzN2xqQmRScTZWUHpfLUNkSS1yZldTUXNnV1B5Yy0wLUc1TUNjZDhLVmtBNzVnMV9lQUxwLUFrZ2g0?oc=5,"<a href=""https://news.google.com/rss/articles/CBMingFBVV95cUxQcm16bm5jQzJJa1NhazBRQ0VLNWRsQjhEcU9ua054RDRhVU82Y2NydnZRTk9QUXpzc2p2dnRSS3BkMzZJWDFKTWNoMXNBMktGdmxiaXgzaUthTVBWUVdOU1N3QlJ4c0Fqb2lkekQ4cUQwUkhBY3B5aUJRVDBnakxyS29UVzhpdHhTOXR5aUdFTXZUQzR0NDdZaldieG1Vd9IBowFBVV95cUxNMUFIN25BQ3F0cTh0aTdTZXVXckx4Y3JaSkVsUVhTNHJVcEVnQVFRRzJHUXQtUmVFVGNFRFFBN1hDN2stMVBmdjlobVJ3SUlHMU01MndpeWNWN25zRURjcUY4SUFFNHRETVNzN2xqQmRScTZWUHpfLUNkSS1yZldTUXNnV1B5Yy0wLUc1TUNjZDhLVmtBNzVnMV9lQUxwLUFrZ2g0?oc=5"" target="
374,19-year-old nursing student found dead at Delhi hostel,Other GBV,2026-08-21,Delhi,Delhi,Delhi,28.7041,77.1025,Under Investigation,1,The Assam Tribune,https://news.google.com/rss/articles/CBMinAFBVV95cUxOVDJOMDhfVnRDa3pmbTBjXzBmdEkzVHRYTDY1SmNjNFEwSTE0MlNnT195TFNiTDlzZVF2UlczNDNjUFFUcnJkTGRuX0xycGZLaGo1NG1tS2h6eTJEVHRzVXFSTGFOemE1Rmp2ekF4cTBhQ0VoT0g5UGYwbkc2WDhPUTRoS0MyT2FsbHFCZ09EVVQ5TmRsNC1oX2g3WVPSAaIBQVVfeXFMTUp5bVN6M2pXejlTM3hZeTZRTnd6MzBzVEdLNlNEa3VpUUpGSnFXSzdnUnlRZVpRY2xGQXJMdFdKVkxCeGlLbU04ckxTbTFrWDVzcWNxTHNvU3JlWmlueUhMallVemhoTUZSUzNkNzFUVElSUFk4SXB4R0lXYzFjX2FDXzkyQ1k2X3ZnZkw5ZVZJZklzamRRaERUdW90Qlh2YlhB?oc=5,"<a href=""https://news.google.com/rss/articles/CBMinAFBVV95cUxOVDJOMDhfVnRDa3pmbTBjXzBmdEkzVHRYTDY1SmNjNFEwSTE0MlNnT195TFNiTDlzZVF2UlczNDNjUFFUcnJkTGRuX0xycGZLaGo1NG1tS2h6eTJEVHRzVXFSTGFOemE1Rmp2ekF4cTBhQ0VoT0g5UGYwbkc2WDhPUTRoS0MyT2FsbHFCZ09EVVQ5TmRsNC1oX2g3WVPSAaIBQVVfeXFMTUp5bVN6M2pXejlTM3hZeTZRTnd6MzBzVEdLNlNEa3VpUUpGSnFXSzdnUnlRZVpRY2xGQXJMdFdKVkxCeGlLbU04ckxTbTFrWDVzcWNxTHNvU3JlWmlueUhMallVemhoTUZSUzNkNzFUVElSUFk4SXB4R0lXYzFjX2FDXzkyQ1k2X3ZnZkw5ZVZJZklzamRRaERUdW90Qlh2YlhB?oc=5"" target=""_bl"
356,"Ghatkopar woman had returned from Dubai alone. Maid tipped off others, then killed her",Other GBV,2026-08-21,,,,,,Under Investigation,1,The Indian Express,https://news.google.com/rss/articles/CBMi0gFBVV95cUxNQVZWY3EwdEgyZG9qcUJOUXBsbmxZdFFUNjd0bjlKRXR6RU4xWnZfNXVMaE9JUlctN3c4NE85akM4dlI2M29qek02WmJIRUk1aHVPNUs1Q1h3azF4OVAxNHFVekt3Ym9YbEtvaDhpVjBWUWRrWDdqYWdaNEU0Wko0elIzakh3Z19kZ3hrTEJ3REhhRGUtWlc4dGtvQUpUTnc3Tk5PaE5ZZHBpZmFUaFRIcDhINGpGUGlUeG83bkNfZ3V0Y01QS2djTG9jSmJWaG5lWWfSAdgBQVVfeXFMTVBWSE8tV1JGcGg4cGZ1VmNRdlZBZzJ1UnRKUVlKYWthSjNmN21OXzRlYXdLWl95M2kxdThxTk84a3pFdzlpSlYtR1p6aGVIU1dhMUhCcHZKcmhnVEktbkl3amJXUmJpbHNXUUdGaS12SUdTWW82dUhTN3BkQ2ZXQnRtdVN4NjFsNy16Y0F0X0RXS0dfbHgyUTJmbjQyTWVzMlBkRENvX19leTNEcGJvMzMxbTZkWjk5NGFVWU9ISk5Hd1IyNk5lZ051NW5xaThCUFJ0X0VxLTFx?oc=5,"<a href=""https://news.google.com/rss/articles/CBMi0gFBVV95cUxNQVZWY3EwdEgyZG9qcUJOUXBsbmxZdFFUNjd0bjlKRXR6RU4xWnZfNXVMaE9JUlctN3c4NE85akM4dlI2M29qek02WmJIRUk1aHVPNUs1Q1h3azF4OVAxNHFVekt3Ym9YbEtvaDhpVjBWUWRrWDdqYWdaNEU0Wko0elIzakh3Z19kZ3hrTEJ3REhhRGUtWlc4dGtvQUpUTnc3Tk5PaE5ZZHBpZmFUaFRIcDhINGpGUGlUeG83bkNfZ3V0Y01QS2djTG9jSmJWaG5lWWfSAdgBQVVfeXFMTVBWSE8tV1JGcGg4cGZ1VmNRdlZBZzJ1UnRKUVlKYWthSjNmN21OXzRlYXdLWl95M2kxdThxTk84a3pFdzlpSlYtR1p6aGVIU1dhMUhCcHZKcmhnVEktbkl3amJXUmJpbHNXUUdGaS12SUdTWW82dUhTN3"
349,"Girl, 13, lured with biscuits and money, gang-raped in Maharashtra; 4 arrested",Sexual Assault,2026-08-21,Maharashtra,Maharashtra,Maharashtra,19.7515,75.7139,Arrest Made,1,indiatoday.in,https://news.google.com/rss/articles/CBMi4AFBVV95cUxNWC1ROHlBa2VGZGlLVzFKN195d3FZeF82czdOZlktTXE1dXY5SkJyMFFsaUpraUNBWWlBcHJTZ2pGS0hGTHBIb0RtWEZ2TkR2WkRKeWhUejM2M1ZqVzdlTFRxbExIcGpzVWJVY0o4djlkZFI5OWE3M1gxbWhVczZBQ3lvZF85VDV6eVZpNDFUVFdBall4bDhENVJTM0JodVdESjlKLXpMXzRNT1l4aEtnUFhwMU8wbFZRVlpLWnljRk9BUjhCYzdKVjBqOGEzLXRZNDJSYy0tYlZBNnJJb0VTZNIB5gFBVV95cUxOcEl1NG9NLW1pcmZvU0ZJTnVsQzdhVF9HMWE5SXk3azJYS2lkZHFVSnJmd2Z4VlpiUURVUjNfeGRBbTR5UW9yMzB3SEFIcU9hbzN5NXJRendUb1ZLVGYzTFRMa0stTXFvSWhBcHRXZy0wcFVIYVdENjRaZkhQUE9MTEJVVDdOT2dvV1pqOGtHU0ptNUZTc0NnSUxZbko2MGpSOFlyczF0a05nUElXdnNydTV4am5iMDUwTVBrS1MwbHVhdUVfcjhuZnFocERfMVVEQzlNQVNpSThxSzUxV1ZCUG53emROUQ?oc=5,"<a href=""https://news.google.com/rss/articles/CBMi4AFBVV95cUxNWC1ROHlBa2VGZGlLVzFKN195d3FZeF82czdOZlktTXE1dXY5SkJyMFFsaUpraUNBWWlBcHJTZ2pGS0hGTHBIb0RtWEZ2TkR2WkRKeWhUejM2M1ZqVzdlTFRxbExIcGpzVWJVY0o4djlkZFI5OWE3M1gxbWhVczZBQ3lvZF85VDV6eVZpNDFUVFdBall4bDhENVJTM0JodVdESjlKLXpMXzRNT1l4aEtnUFhwMU8wbFZRVlpLWnljRk9BUjhCYzdKVjBqOGEzLXRZNDJSYy0tYlZBNnJJb0VTZNIB5gFBVV95cUxOcEl1NG9NLW1pcmZvU0ZJTnVsQzdhVF9HMWE5SXk3azJYS2lkZHFVSnJmd2Z4VlpiUURVUjNfeGRBbTR5UW9yMzB3SEFIcU9hbzN5NXJRendUb1ZLVGYzTFRMa0stTXFvSWhBcH"
200,Reports of sexual assault in military dropped for third year in a row: Pentagon,Sexual Assault,2026-08-21,,,,,,Under Investigation,1,The Hill,https://news.google.com/rss/articles/CBMiiwFBVV95cUxPWkJ3bFRmNU9uZ1JTclZDZXhZVVFrMG9ielB5LWluNVpjYzNYTjFEdkplQVB1OXdPZHVIUnNHdkVETlRwWGZJcEF2VHRzZWFldzUwTjdNLXdWSXlZSzV1Wm1wQ1VhMTlyNnhDOVVyMnQzZDJ0ZXoxVmlVdFRucnJpQjF0WjAyQmdpeTc40gGQAUFVX3lxTE1zUVZ0VnZVRzAzWTNnZm9GOXhqMjFsa01kWTBWd0F4NkFTeW5tVjBvVFlrbW5FSFpXaEVNNWhNcXd3eG13NE41SkViZmc1OHlDRVN1MUVXemJDd0xaMTRRWFZnRUdMQTdoOVhXV3FJZlVsSFRUTWlfeG5NSU9xTTFhV3FBMExvVjBEalNUeWtaVQ?oc=5,"<a href=""https://news.google.com/rss/articles/CBMiiwFBVV95cUxPWkJ3bFRmNU9uZ1JTclZDZXhZVVFrMG9ielB5LWluNVpjYzNYTjFEdkplQVB1OXdPZHVIUnNHdkVETlRwWGZJcEF2VHRzZWFldzUwTjdNLXdWSXlZSzV1Wm1wQ1VhMTlyNnhDOVVyMnQzZDJ0ZXoxVmlVdFRucnJpQjF0WjAyQmdpeTc40gGQAUFVX3lxTE1zUVZ0VnZVRzAzWTNnZm9GOXhqMjFsa01kWTBWd0F4NkFTeW5tVjBvVFlrbW5FSFpXaEVNNWhNcXd3eG13NE41SkViZmc1OHlDRVN1MUVXemJDd0xaMTRRWFZnRUdMQTdoOVhXV3FJZlVsSFRUTWlfeG5NSU9xTTFhV3FBMExvVjBEalNUeWtaVQ?oc=5"" target=""_blank"">Reports of sexual assault in military dro"
179,"Reports of sexual assault in the military declined for third straight year, Pentagon says",Sexual Assault,2026-08-21,,,,,,Under Investigation,1,CBS News,https://news.google.com/rss/articles/CBMimAFBVV95cUxQZmVqMVJVWmFlQXFPRTM1TEpSdUVqZTRMTEhjdkUyZWVBTW0zeHBJQ014WDlnc09iWWxudTlVOV9iVUxpemJ2aVdKV2tpUUJ5bDhyLUctVmFxdG9Ec2UyV2Vhdm1rT3ZGdHM5aHkwdXJRS1EwbFhoS3lub2VJSEdlTVBfYXBPeXplZ1NxT0x5Vk10RDNhSEkzSA?oc=5,"<a href=""https://news.google.com/rss/articles/CBMimAFBVV95cUxQZmVqMVJVWmFlQXFPRTM1TEpSdUVqZTRMTEhjdkUyZWVBTW0zeHBJQ014WDlnc09iWWxudTlVOV9iVUxpemJ2aVdKV2tpUUJ5bDhyLUctVmFxdG9Ec2UyV2Vhdm1rT3ZGdHM5aHkwdXJRS1EwbFhoS3lub2VJSEdlTVBfYXBPeXplZ1NxT0x5Vk10RDNhSEkzSA?oc=5"" target=""_blank"">Reports of sexual assault in the military declined for third straight year, Pentagon says</a>&nbsp;&nbsp;<font color=""#6f6f6f"">CBS News</font>"
167,British rapper Yung Filly to face retrial on rape charges in Australia,Sexual Assault,2026-08-21,,,,,,Under Investigation,1,BBC,https://news.google.com/rss/articles/CBMiXEFVX3lxTE45NHJOM2NhRlgzWUVHUG82R3c3RDNjdUwtXzUzNFluLVpJaGs3TFREbE1pR0M2dTY5VzdtU24tWTJTckFYeDNrV18zTWhVbW9SNWk2TkJFWG1MNFc4?oc=5,"<a href=""https://news.google.com/rss/articles/CBMiXEFVX3lxTE45NHJOM2NhRlgzWUVHUG82R3c3RDNjdUwtXzUzNFluLVpJaGs3TFREbE1pR0M2dTY5VzdtU24tWTJTckFYeDNrV18zTWhVbW9SNWk2TkJFWG1MNFc4?oc=5"" target=""_blank"">British rapper Yung Filly to face retrial on rape charges in Australia</a>&nbsp;&nbsp;<font color=""#6f6f6f"">BBC</font>"
137,Victims and survivors of rape and sexual abuse to be supported,Sexual Assault,2026-08-21,,,,,,Under Investigation,1,GOV.UK,https://news.google.com/rss/articles/CBMingFBVV95cUxQS2pjY2FmdnJzUWJMOHQ4d0hZWWZwTFMwa25DbFo1bG9HS20zN0xnek9uUkJUOFBDR1RkNWhvUWdkTTRMSFQ0VXVhX3JfWWU5MTNYNVlOcjhZbmdiNDNCUEpwWkFOcDh1WHJDVDhnek1FcTNnUkFHWl80N2gyOWNlU0pqemdpc2JDMjhVMEdJSnQ2NXAxYXFTdzA4Y0MyZw?oc=5,"<a href=""https://news.google.com/rss/articles/CBMingFBVV95cUxQS2pjY2FmdnJzUWJMOHQ4d0hZWWZwTFMwa25DbFo1bG9HS20zN0xnek9uUkJUOFBDR1RkNWhvUWdkTTRMSFQ0VXVhX3JfWWU5MTNYNVlOcjhZbmdiNDNCUEpwWkFOcDh1WHJDVDhnek1FcTNnUkFHWl80N2gyOWNlU0pqemdpc2JDMjhVMEdJSnQ2NXAxYXFTdzA4Y0MyZw?oc=5"" target=""_blank"">Victims and survivors of rape and sexual abuse to be supported</a>&nbsp;&nbsp;<font color=""#6f6f6f"">GOV.UK</font>"
104,From the classroom to the locker room: nine days of ‘deeply disturbing’ sexual assault allegations shake Australia,Sexual Assault,2026-08-21,,,,,,Under Investigation,1,theguardian.com,https://news.google.com/rss/articles/CBMiqAFBVV95cUxPYkEwUkpXa3dINkxhdnQ0MDhjcjNQYlZ2MWlSemRYQktCRDdCejdxSk9fOTJOVkladHgwWmZMZWFESE9UNmpYaDF3YzUxQXFVbmhWWFR6YVRvUmgxdVJJal9kaE5UQmw2WUE4Tm41XzltRGRmSHBtVWswLVJfVFZmMGk2SjYyempkNE1EZ2s4eFU2Nk9BQk9jX0hkMWdPWnNpRU52cXRsX0k?oc=5,"<a href=""https://news.google.com/rss/articles/CBMiqAFBVV95cUxPYkEwUkpXa3dINkxhdnQ0MDhjcjNQYlZ2MWlSemRYQktCRDdCejdxSk9fOTJOVkladHgwWmZMZWFESE9UNmpYaDF3YzUxQXFVbmhWWFR6YVRvUmgxdVJJal9kaE5UQmw2WUE4Tm41XzltRGRmSHBtVWswLVJfVFZmMGk2SjYyempkNE1EZ2s4eFU2Nk9BQk9jX0hkMWdPWnNpRU52cXRsX0k?oc=5"" target=""_blank"">From the classroom to the locker room: nine days of ‘deeply disturbing’ sexual assault allegations shake Australia</a>&nbsp;&nbsp;<font color=""#6f6f6f"">theguardian.com</font>"
558,Preacher sentenced to death for sexually assaulting four minor girls in TN's Tirunelveli,Other GBV,2026-08-20,Tirunelveli,Tirunelveli,Tamil Nadu,8.7139,77.7567,Convicted,2,"The News Minute, thehawk.in",https://news.google.com/rss/articles/CBMivwFBVV95cUxPbTA1UC14Nkp1clZvcjJNNk0tSFdwNVhUazhoWEl6QlNJWWowUEZfZnl4YmJFS2t1MXdVLWpRS1h1aVU2LUtLU0tVVmJzZEZ5RmxXajJBZlU2aUVCckY3Rk4zY1kzb2dpZlRMMU9RbHBubzdsMXVtSGlPVENjSGpycUJxQW4yRGw3aGlOdzRnVHcxSVhJeFlJZWZZQUkycmxLcExHWEw1WU9SeERyRnFVQkZ0QzNhNXdpMHRwcXkwY9IBzAFBVV95cUxPZ0J5NnROQXZ2Z29PSDM1RTM3WGh3dFUyd3FhTjNIdVhGT3BRNWFmSDl2R2VFODVFYnp0WEtmVmhvWkhlQXBMMVNaZUJ2VkVrX2gzWFRjbFNza3dDTEhqSG9Db0owTTFndmRRdFFySkRZdzhoUjQzRWNhdUp2TlFXZmRKeGU2UFJ0djQ4SThmd2FIcEN5S0FlM3ZEZlZTdWc5R0dpOWY1MjNYNXRQblZIaVV0STRSOU1NbGhwQVNwTE9HRDVwSzVna2hicU0?oc=5,"<a href=""https://news.google.com/rss/articles/CBMivgFBVV95cUxQTG8zMlVNaTRudS1iY2wtREVjS2xfUWJLdjcyOTQxamhoVWtMT1U0NW9zV2ptUWxWRmVrWHVneDExMTU5N3dCX2FsZUdVZ3oyV0I0UW9KRWw5eU9VRWhWVDZnc1k3Nkw2QzZZOHFDclROb1NvU09hLVo5MktKdEMtYUc0S1lOVmk0U29qa0JPV1c0N1NOTEJZajc2d1J6M29OZjdsZXQ2ZzN5NkRiazhLZkZaT0l0U1Jvd2VTX19R?oc=5"" target=""_blank"">Preacher sentenced to death for sexually assaulting four minor girls in TN's Tirunelveli</a>&nbsp;&nbsp;<font color=""#6f6f6f"">thehawk.in</font>"
547,"Amit Shah urges CMs to show 'greater sensitivity' towards rape of women, children; flags school dropouts, malnutrition",Sexual Assault,2026-08-20,,,,,,Under Investigation,1,ANI News,https://news.google.com/rss/articles/CBMiiAJBVV95cUxNRFdHME5QaTB0Qkt0SXU3Rk9Zd0s5ekFuakhWMENnWXpJeVo2NmxQWU9UVF8wY3pfYVNTSm8wTGNYalFOXzZNSkxFblpQUlBkX0lfOHpOWkRsVEJvNERnc1NlRlRPdkZ6VmxiVkNFekM5VDFKSlJuMXNCTVNZSFp3b1lVMmRYQ01Qa3hXUDlIRktrLTZ0d29GQXJSQnB5LUtIYVBRYVdtdjFIM1g1TDc5Ujd4Zm5EbFRmVU1pTjFlMnFJbjI4cFU1VXlVckZZS3loOHlqTndhUGtpSk9oR01kMEl4TGlyU2tYV3FYOURVc09saXdjU2FaTm1XT3BZNUc4R0E0dXpnVTg?oc=5,"<a href=""https://news.google.com/rss/articles/CBMiiAJBVV95cUxNRFdHME5QaTB0Qkt0SXU3Rk9Zd0s5ekFuakhWMENnWXpJeVo2NmxQWU9UVF8wY3pfYVNTSm8wTGNYalFOXzZNSkxFblpQUlBkX0lfOHpOWkRsVEJvNERnc1NlRlRPdkZ6VmxiVkNFekM5VDFKSlJuMXNCTVNZSFp3b1lVMmRYQ01Qa3hXUDlIRktrLTZ0d29GQXJSQnB5LUtIYVBRYVdtdjFIM1g1TDc5Ujd4Zm5EbFRmVU1pTjFlMnFJbjI4cFU1VXlVckZZS3loOHlqTndhUGtpSk9oR01kMEl4TGlyU2tYV3FYOURVc09saXdjU2FaTm1XT3BZNUc4R0E0dXpnVTg?oc=5"" target=""_blank"">Amit Shah urges CMs to show 'greater sensitivity' towards rape of women,"
534,Tamil Nadu preacher gets death penalty for sexually assaulting four minor girls,Other GBV,2026-08-20,Tamil Nadu,Tamil Nadu,Tamil Nadu,11.1271,78.6569,Convicted,2,"The Times of India, NDTV",https://news.google.com/rss/articles/CBMi4wFBVV95cUxPSEF1aTZlX1hvdzE2OENiYUV4R2ViamVJTGlsdjFOemNrNHNzR1RlUmp2T3ItRUExUnZxd1VxS1F6aV9nUnZ5ZU5GSGhMUnRFb1ZWaE5CdTl5THNkU3dCWFJOVGlRa3cxaWxpY3RUT19CUGhzR3NnMWx0a29rS2loQ0hfS0ViTERIa3FFQ3NQazJ3dWc0c3htQy04SGF6STQwcUtpajhqVTFUbmhFcTdiZDNGeF9PaVNQY25DWkhmcW9IaEpvTWdvR184UUpuc3AzX3RuYmxpVjV4UmZmcEJUMzNPWdIB6AFBVV95cUxQSFdlNFJ2TXlwUWpxUkVfdWRnX29nOF9wWm9Ic0R3VFdNRGFrNkNGLU4zaFZGbTFYeldSR3luamt6eEN5WEJVZFQteWJkSnpIY0pnSldWQmdZNWZBazBDREE1TnBkclNwYU83eUVwT2dQNndBZ0pndjZSUkVOcjRmejJfV2Rrck4xU3NKTGRHQmFjUHFySGxURTU5Y0ktNS11VkNSM0hzd2lzdDBLVEp2THdKNlBpM2gyVWNJQXBKVmpySjgtNUo4MHVfNjVaTjNGWjByQ2JxczFSbzBWV3I4MVNKN1g5dTNu?oc=5,"<a href=""https://news.google.com/rss/articles/CBMi4wFBVV95cUxPSEF1aTZlX1hvdzE2OENiYUV4R2ViamVJTGlsdjFOemNrNHNzR1RlUmp2T3ItRUExUnZxd1VxS1F6aV9nUnZ5ZU5GSGhMUnRFb1ZWaE5CdTl5THNkU3dCWFJOVGlRa3cxaWxpY3RUT19CUGhzR3NnMWx0a29rS2loQ0hfS0ViTERIa3FFQ3NQazJ3dWc0c3htQy04SGF6STQwcUtpajhqVTFUbmhFcTdiZDNGeF9PaVNQY25DWkhmcW9IaEpvTWdvR184UUpuc3AzX3RuYmxpVjV4UmZmcEJUMzNPWdIB6AFBVV95cUxQSFdlNFJ2TXlwUWpxUkVfdWRnX29nOF9wWm9Ic0R3VFdNRGFrNkNGLU4zaFZGbTFYeldSR3luamt6eEN5WEJVZFQteWJkSnpIY0pnSldWQmdZNWZBazBDREE1TnBkclNwYU"
506,"RG Kar case: CBI quizzes staff again, questions nine including four nurses",Other GBV,2026-08-20,,,,,,Under Investigation,1,Telegraph India,https://news.google.com/rss/articles/CBMi1wFBVV95cUxQZUR6T21aRG81Ny1pWkxDQW5MRXoxc0NfWmRJREJaS0t1QkVic3hfX1JuT2VvLTVXQVJWWnd4NmVlUlZkc2FaZmlYR2RXYUo3NURZMDZfYUY0WGYwZ1EzcEJONm9KdnVVd0syNzQydkhBWmhjc01SWDl0cDNJMGlocDBQZTFGSHVDbktoYjhNOVFwSzdiMTc3RXJ2MjF4QkdOaXJfenlabHNnU2hCaFRoMzJZeXVmcFhqYl85U0FqTDk1UzR3UGgwWW5xaWJfSFhxaW5UamxKQdIB3AFBVV95cUxNTzItYWJMV2h3WVhLaDcxTDVTa040MXBvX1ozLXFaRVlSbHpTdjVJMG4wbFlsRlZOQ1VpT1VRRThwU0gzTmNpV0h6VmxhTlp3cEdDX1ZfOUV5VkREam5odmZ0Qm9wRm1qT1g1Q0NOYW9wWFVCZzVKdWVBODQ2VEx1SEtlNS1VTFh0YV9JWXk2QjQyS19oRkkyUFEzQ29YR2NFMTE4TnVDNU1MM2JXU1ZMYngtVkxGcTlQbzZqRXIzRGF3TmJKN2xuTkFneVctT1lfaDc3LWtuREY0N2dm?oc=5,"<a href=""https://news.google.com/rss/articles/CBMi1wFBVV95cUxQZUR6T21aRG81Ny1pWkxDQW5MRXoxc0NfWmRJREJaS0t1QkVic3hfX1JuT2VvLTVXQVJWWnd4NmVlUlZkc2FaZmlYR2RXYUo3NURZMDZfYUY0WGYwZ1EzcEJONm9KdnVVd0syNzQydkhBWmhjc01SWDl0cDNJMGlocDBQZTFGSHVDbktoYjhNOVFwSzdiMTc3RXJ2MjF4QkdOaXJfenlabHNnU2hCaFRoMzJZeXVmcFhqYl85U0FqTDk1UzR3UGgwWW5xaWJfSFhxaW5UamxKQdIB3AFBVV95cUxNTzItYWJMV2h3WVhLaDcxTDVTa040MXBvX1ozLXFaRVlSbHpTdjVJMG4wbFlsRlZOQ1VpT1VRRThwU0gzTmNpV0h6VmxhTlp3cEdDX1ZfOUV5VkREam5odmZ0Qm9wRm1qT1g1Q0NOYW9wWFVCZz"
486,"Woman Found Dead Near Bengal-Bihar Border, Another Injured; Probe Underway",Other GBV,2026-08-20,Bihar,Bihar Sharif,Bihar,25.1982,85.5149,Under Investigation,1,ETV Bharat,https://news.google.com/rss/articles/CBMivwFBVV95cUxOcUNRNllZTHRMbHcwRXRGczZuZFg2aUY0djBKZ1hmQ3hQTmxQNWMyOU5CMmVkakFXUUNxVkRtMnBXZWxoUTlKUFhHUS1WbnY1TzVLb25yVm13a05aOW1tRWYwTl9xSHdhN1JXeWtuVGpUaWNwcEFmTTZOa3NUM3ZiMGNva2hfRGZtcTNneU9BY0VvNklyRjlVMTdpSFhxLXhkV1RUc3RTT3JZMW9LRF9KX3NocEh0ci1veXlFSllpa9IBxAFBVV95cUxNYXFIWmhzbnE4ZzVMWkwtSTFfY3FqdUhCYUYyRm12RU1sWkZwQ3E1ZVZLdHhFYUcybENQMnRHTS1ZNFQwellpQ1BSLWY4LVN4MVJ3TGxMa0x1SzJUSXYxbFZRY2pJZEZtMVJkV2dyUkdPSVNBU2ZuQWlXMV84U041TWdfcFFNQnowZThWbEdZOHdfQjQyOFFkM0hDRkl6V28tckRvOGhTWnpHSTZ0eEhhR2RFb2FmQklNZmp6ZmpicmZuSEgt?oc=5,"<a href=""https://news.google.com/rss/articles/CBMivwFBVV95cUxOcUNRNllZTHRMbHcwRXRGczZuZFg2aUY0djBKZ1hmQ3hQTmxQNWMyOU5CMmVkakFXUUNxVkRtMnBXZWxoUTlKUFhHUS1WbnY1TzVLb25yVm13a05aOW1tRWYwTl9xSHdhN1JXeWtuVGpUaWNwcEFmTTZOa3NUM3ZiMGNva2hfRGZtcTNneU9BY0VvNklyRjlVMTdpSFhxLXhkV1RUc3RTT3JZMW9LRF9KX3NocEh0ci1veXlFSllpa9IBxAFBVV95cUxNYXFIWmhzbnE4ZzVMWkwtSTFfY3FqdUhCYUYyRm12RU1sWkZwQ3E1ZVZLdHhFYUcybENQMnRHTS1ZNFQwellpQ1BSLWY4LVN4MVJ3TGxMa0x1SzJUSXYxbFZRY2pJZEZtMVJkV2dyUkdPSVNBU2ZuQWlXMV84U041TWdfcFFNQnowZThWbE"
485,"Woman found dead near Bengal-Bihar border, another injured; rape allegation probed",Sexual Assault,2026-08-20,Bihar,Bihar Sharif,Bihar,25.1982,85.5149,Under Investigation,1,indiatoday.in,https://news.google.com/rss/articles/CBMi0wFBVV95cUxObWhfbE5HVGQ0SzQyX2NEVHpjUWpqNVFWaS1wZFk3N0pIa2RFVXFUaGJCVGVIM01XX2phNWF5OEtxOGwySlU1RmgzUFQwY2l4MWljN2dTUi1MNEg3dzBKbHZPbXQ5Q1JFeXNPdHg3cmtsNXM3eThhXzdFdlBzMzdObGl0aDkydFlDQnI4emZyX0FVQnEtbXpEZGpwX3hiT3E4dUctTUdUdHJKQTF1WWxubk1CdXduRmVpX2ZQSzU4Y1RjYm1TX0NCRU5QQlpVNHcwOW130gHYAUFVX3lxTFBySkp0YTFZUHZ2TC1NNWkxUUFtWjBEYnpvQXN6dU5Pd3ZLSEprMC1CMXR6TGxwRkpldlBucG5LNXM4Ry1qakxSMS1TLXpnZlNCRkVLLUZPMDR3dzZGUktuQUc2bnQ4ZUFkOHpXcXZWZUtiUkdtc0lnN25aVTN1c2F3UzhWVTdhWUREZXVFWXo0YWRhWHc0U0U0N2pXeHVGZElRR1dwQmZ0OHFvM2R3SjY2aE8yRHZDeUZzejBtejRxYjU0V2ZSWXQ5SE5SWW5WWjB1aWVXWHg1aA?oc=5,"<a href=""https://news.google.com/rss/articles/CBMi0wFBVV95cUxObWhfbE5HVGQ0SzQyX2NEVHpjUWpqNVFWaS1wZFk3N0pIa2RFVXFUaGJCVGVIM01XX2phNWF5OEtxOGwySlU1RmgzUFQwY2l4MWljN2dTUi1MNEg3dzBKbHZPbXQ5Q1JFeXNPdHg3cmtsNXM3eThhXzdFdlBzMzdObGl0aDkydFlDQnI4emZyX0FVQnEtbXpEZGpwX3hiT3E4dUctTUdUdHJKQTF1WWxubk1CdXduRmVpX2ZQSzU4Y1RjYm1TX0NCRU5QQlpVNHcwOW130gHYAUFVX3lxTFBySkp0YTFZUHZ2TC1NNWkxUUFtWjBEYnpvQXN6dU5Pd3ZLSEprMC1CMXR6TGxwRkpldlBucG5LNXM4Ry1qakxSMS1TLXpnZlNCRkVLLUZPMDR3dzZGUktuQUc2bnQ4ZUFkOHpXcXZWZUtiUkdtc0lnN2"
426,"Four booked for rape, murder of woman in Sirwar",Sexual Assault,2026-08-20,,,,,,Under Investigation,1,The Hindu,https://news.google.com/rss/articles/CBMitgFBVV95cUxNQjFTOE9WbFZuYVRVQmJORmNSRGlldHg0WEJ4SU1ZTGtfZkVhc2pIdlpsYTdfZnBrYUlHUEE4SGREU0NjZEMtTXJVeUtpbDJ6QVZqR1ZrMDBFbE94YTB1UkRkdVlteXJHdUZpdnNJc0ozR1RMRzhYTGx2TWdyV3FpWGdJY3VsU3lZbjlDT1gzSVpkTTQxVWs1S01WTVRGVGN0ZDY3alBPVnU3anBtZmNGUURhV3JQQdIBvAFBVV95cUxQNzZvV2F0RnRIb3BINFpBaHNtWFBGX1RQQkRvSUItNFM4a3JKTTIxYWRMeFB0SURuVXdpeVlZM25vNjg4Z2F1ZWptbElVcGZwcDlNYVd5S0NpM0V2WUI3SzEzdk5iMWdWUDVLT1B3c1lZeDZTNTdOZHFQblNuM3YxcG1hZ0cyNEVjMTZyUzZhVDdBZ2g5cWxBSVVQdFNZUnZSTGcwMURLNExTSzByRm1FaTdFeG9YNzI0QXM5Zw?oc=5,"<a href=""https://news.google.com/rss/articles/CBMitgFBVV95cUxNQjFTOE9WbFZuYVRVQmJORmNSRGlldHg0WEJ4SU1ZTGtfZkVhc2pIdlpsYTdfZnBrYUlHUEE4SGREU0NjZEMtTXJVeUtpbDJ6QVZqR1ZrMDBFbE94YTB1UkRkdVlteXJHdUZpdnNJc0ozR1RMRzhYTGx2TWdyV3FpWGdJY3VsU3lZbjlDT1gzSVpkTTQxVWs1S01WTVRGVGN0ZDY3alBPVnU3anBtZmNGUURhV3JQQdIBvAFBVV95cUxQNzZvV2F0RnRIb3BINFpBaHNtWFBGX1RQQkRvSUItNFM4a3JKTTIxYWRMeFB0SURuVXdpeVlZM25vNjg4Z2F1ZWptbElVcGZwcDlNYVd5S0NpM0V2WUI3SzEzdk5iMWdWUDVLT1B3c1lZeDZTNTdOZHFQblNuM3YxcG1hZ0cyNEVjMTZyUzZhVDdBZ2g5cW"
412,"22-year-old woman found dead in well in Karnataka's Raichur; rape, murder suspected",Sexual Assault,2026-08-20,Raichur,Raichur,Karnataka,16.2076,77.3463,Under Investigation,2,"The New Indian Express, The Hindu",https://news.google.com/rss/articles/CBMi2gFBVV95cUxPMF84ZEtRVVZzZVhTRS1CczNRVFp5a1N5cDFMNUZFUDBQQU10d0Rtem1IUXJZMUlPVWtpQmljbnBJZmpYOU1EeFQ1aTktYzNxYlEzTGtiOEhzMVBhclZkZW4tdlNmVzBmSDJYb1V2Ujh3OHAwRV90aFBBelJ4T1RTWlB4RDFuS1kwVFlMalJQZldwNFVlQVJidEktM0pMcF9EMnRLWno4SmRSb3dtR2MyUkw4TEFkY2tMMC1aWFBhQV9CbUpZa3gtdUk3TUJkby0xVWVoYTlraGd1UdIB5wFBVV95cUxOT21ONllaNlBSRGZuZEFIZlN6UlI4azA5amVsRUdiRlA3aFkyY0FReWVOUl91aXJMWEFlR0pZRWh2cm1xTnQyTjRLRkdISEN3R2hYdm90cldMMUNYQ2pJc1B5T28zOVNieTNPSW1OOG81REVZbGp5WU83YTNUMWpxY3JCMlhERFp6Y1g2amJLVGM2WmZvXzdneGw2a18wWGxlQlNxcWd4OWdxN0NEZjdRT002R08yTmVTbXN2YUpNY1NPeTlnWlBhaDYxY18tVTNEaXFDZHpZS0xTbDA4ZHhUU0o0TG9HWDA?oc=5,"<a href=""https://news.google.com/rss/articles/CBMi2gFBVV95cUxPMF84ZEtRVVZzZVhTRS1CczNRVFp5a1N5cDFMNUZFUDBQQU10d0Rtem1IUXJZMUlPVWtpQmljbnBJZmpYOU1EeFQ1aTktYzNxYlEzTGtiOEhzMVBhclZkZW4tdlNmVzBmSDJYb1V2Ujh3OHAwRV90aFBBelJ4T1RTWlB4RDFuS1kwVFlMalJQZldwNFVlQVJidEktM0pMcF9EMnRLWno4SmRSb3dtR2MyUkw4TEFkY2tMMC1aWFBhQV9CbUpZa3gtdUk3TUJkby0xVWVoYTlraGd1UdIB5wFBVV95cUxOT21ONllaNlBSRGZuZEFIZlN6UlI4azA5amVsRUdiRlA3aFkyY0FReWVOUl91aXJMWEFlR0pZRWh2cm1xTnQyTjRLRkdISEN3R2hYdm90cldMMUNYQ2pJc1B5T28zOVNieTNPSW1OOG81RE"
183,"Man raped young Brisbane woman on his way to work, police allege",Sexual Assault,2026-08-20,,,,,,Under Investigation,1,ABC News & Headlines – Australian Broadcasting Corporation,https://news.google.com/rss/articles/CBMikgFBVV95cUxNWDd6ME83Z25mYm40TUZjSXJTeGJRSU5kMXF2R0JHTnpmcGtKWUdiUEpZcEItcEpXWkpxalZJblQ5ajBTd19maG5CbXJQRUJLM19GWWlkWG9BVkNINHRqM3BQWXgxVHZwZ2RPV2hSWWRMUlpJMERxRlFzeW1ua3p2aUR1ZmRYeHhlbDJTMTBIRnNQdw?oc=5,"<a href=""https://news.google.com/rss/articles/CBMikgFBVV95cUxNWDd6ME83Z25mYm40TUZjSXJTeGJRSU5kMXF2R0JHTnpmcGtKWUdiUEpZcEItcEpXWkpxalZJblQ5ajBTd19maG5CbXJQRUJLM19GWWlkWG9BVkNINHRqM3BQWXgxVHZwZ2RPV2hSWWRMUlpJMERxRlFzeW1ua3p2aUR1ZmRYeHhlbDJTMTBIRnNQdw?oc=5"" target=""_blank"">Man raped young Brisbane woman on his way to work, police allege</a>&nbsp;&nbsp;<font color=""#6f6f6f"">ABC News & Headlines – Australian Broadcasting Corporation</font>"
151,Asylum seekers told rape and harassment illegal in UK in new Home Office booklet,Sexual Assault,2026-08-20,,,,,,Under Investigation,1,BBC,https://news.google.com/rss/articles/CBMiXEFVX3lxTE1YczB4TUU0Mlhwc2QzZWxfMDUxTDY0X1ZXWU42aVg1SVhzLVd5Tm50R1dyMXJDLXlodDJwMU1tMUI5aFFYdktZdHBMQUJMVERSY3F4Nmxqb3ZOMlpK?oc=5,"<a href=""https://news.google.com/rss/articles/CBMiXEFVX3lxTE1YczB4TUU0Mlhwc2QzZWxfMDUxTDY0X1ZXWU42aVg1SVhzLVd5Tm50R1dyMXJDLXlodDJwMU1tMUI5aFFYdktZdHBMQUJMVERSY3F4Nmxqb3ZOMlpK?oc=5"" target=""_blank"">Asylum seekers told rape and harassment illegal in UK in new Home Office booklet</a>&nbsp;&nbsp;<font color=""#6f6f6f"">BBC</font>"
110,Vietnam police charge man with rape after American woman alleges attack,Sexual Assault,2026-08-20,Andhra Pradesh,Andhra Pradesh,Andhra Pradesh,15.9129,79.74,Under Investigation,1,AP News,https://news.google.com/rss/articles/CBMiiAFBVV95cUxPaTVtU1U1MkJzd1NXVXhHV01CeV8yTGtpYk8xQU94ZnlJQWRvWjNLX0picGZLLTJFd2RReDlLaDNDa3BWUmc3blRiYXZQaFUyTS0tUW5HcXBUMFVTSl9vZmFjVjdhZ0FQUm9LQkxXRXFaMnJZaTZoQXdha3ZUQUJtdTQ0RFlySk9H?oc=5,"<a href=""https://news.google.com/rss/articles/CBMiiAFBVV95cUxPaTVtU1U1MkJzd1NXVXhHV01CeV8yTGtpYk8xQU94ZnlJQWRvWjNLX0picGZLLTJFd2RReDlLaDNDa3BWUmc3blRiYXZQaFUyTS0tUW5HcXBUMFVTSl9vZmFjVjdhZ0FQUm9LQkxXRXFaMnJZaTZoQXdha3ZUQUJtdTQ0RFlySk9H?oc=5"" target=""_blank"">Vietnam police charge man with rape after American woman alleges attack</a>&nbsp;&nbsp;<font color=""#6f6f6f"">AP News</font>"
607,POCSO law being misused in matrimonial cases to settle scores: Kerala High Court,POCSO / Minor,2026-08-19,Kerala,Kerala,Kerala,10.8505,76.2711,Under Investigation,1,The Indian Express,https://news.google.com/rss/articles/CBMirgFBVV95cUxQQUkxdF8ta29IYnVDZ0pqTVFZVmVNeDRZRDB2LVNoUG9GQVB2a3RoelhWYmlkMkEwbE10RUFzdHZDclV2dzRqamtUTTl1aVNvTlNBQUlUTVY4SW9fUEZKTl9BSVNPUTBjcjgtMnY5VEV6bkVOOEUtMUliVE1PcUYxZkh6WDcweWI0SS1tdEEtUVVvSm5uMEloRVdHdlhGWnYzZDVvczVWNml3VlZSY0HSAbQBQVVfeXFMUEJmOExib1pEX2owNEdJZVVfQ3gyWTRocXdSR291ZlB5TDIwc0hYSzNheDVTeHdkMmhUS2RRczJ3dnRoYmdkRWtFcF94MzNld0ZXMFZodVA4bGlHcEdNT0xySnQzQVJCWGdOUzFZWVBtUl9NaGRvQllFRGpKWGd5Ql9wT0RsNXg1QXNMa19oYWd1MXIxeU5yR0NUb3pjNld1RjZveGJ3X1dVdThldVhuU2pKSWdY?oc=5,"<a href=""https://news.google.com/rss/articles/CBMirgFBVV95cUxQQUkxdF8ta29IYnVDZ0pqTVFZVmVNeDRZRDB2LVNoUG9GQVB2a3RoelhWYmlkMkEwbE10RUFzdHZDclV2dzRqamtUTTl1aVNvTlNBQUlUTVY4SW9fUEZKTl9BSVNPUTBjcjgtMnY5VEV6bkVOOEUtMUliVE1PcUYxZkh6WDcweWI0SS1tdEEtUVVvSm5uMEloRVdHdlhGWnYzZDVvczVWNml3VlZSY0HSAbQBQVVfeXFMUEJmOExib1pEX2owNEdJZVVfQ3gyWTRocXdSR291ZlB5TDIwc0hYSzNheDVTeHdkMmhUS2RRczJ3dnRoYmdkRWtFcF94MzNld0ZXMFZodVA4bGlHcEdNT0xySnQzQVJCWGdOUzFZWVBtUl9NaGRvQllFRGpKWGd5Ql9wT0RsNXg1QXNMa19oYWd1MXIxeU5yR0NUb3pjNl"
563,"Govt hostel sanitation worker, boyfriend arrested for sexual assault of two girls near Salem",Sexual Assault,2026-08-19,Salem,Salem,Tamil Nadu,11.6643,78.146,Arrest Made,1,The Times of India,https://news.google.com/rss/articles/CBMi_gFBVV95cUxNOTExeUJuLWFySFhncTI3LXUycUlxY0l0NzNKalRVaXFIWXBJZlZKOFZXempEbTE1R2NyQlZNakdEQ29LaUp4cGFfZ3JwOE9oUGRpazFiOG80azVUaWUtcmpWUHhKNEtZZEJTdWx2S3JIYU1qaWlibEgwWE5OU2pTTmJHcDZmRnFtTmhNb0FBS3BlZ0l2VkJHbFdialVGWUtaa0NBQ0hVcW9WQkFWeW5WNngzOHNwZURKbTdKMW14TlRQTFlkXzYyRC1ncy1BUV9qUGlfRnBadXZudlFWblZwTzlqZzV6Z09JM2JsM2E4UFp2QjdTZGsxdVFnOUVEd9IBgwJBVV95cUxPREdHTDJqLUFlU2psWHVVc1A0cjRRbEJuVnU5Ym9BS0R1czVUdi1YTDlJdkxqTVVhbHZTMmRjUGtERUxyQzk3X3ZwaFVSblE5ems4Q01NMnZuNHlsYndtLV9wOENac0g4Q0Q5UHpiQ1lmelAwelotUWxuTEloS0twbUFJWlRSZ0xlYjVPNGhIWGMtMldEM1k4di1uNTBSdWo0X1RfWjF4RW53NnBuUjNFNGhhUGlQaWpSQTdudGZEZHdYMWwxaUU3N2VSMXMwWS16MlAxWDVRNFNXSDBrbmJoR3RmR1k0LTFIUmdsZWljUXB4VXU4Nl9oNUhPQUhZQzdHTEJz?oc=5,"<a href=""https://news.google.com/rss/articles/CBMi_gFBVV95cUxNOTExeUJuLWFySFhncTI3LXUycUlxY0l0NzNKalRVaXFIWXBJZlZKOFZXempEbTE1R2NyQlZNakdEQ29LaUp4cGFfZ3JwOE9oUGRpazFiOG80azVUaWUtcmpWUHhKNEtZZEJTdWx2S3JIYU1qaWlibEgwWE5OU2pTTmJHcDZmRnFtTmhNb0FBS3BlZ0l2VkJHbFdialVGWUtaa0NBQ0hVcW9WQkFWeW5WNngzOHNwZURKbTdKMW14TlRQTFlkXzYyRC1ncy1BUV9qUGlfRnBadXZudlFWblZwTzlqZzV6Z09JM2JsM2E4UFp2QjdTZGsxdVFnOUVEd9IBgwJBVV95cUxPREdHTDJqLUFlU2psWHVVc1A0cjRRbEJuVnU5Ym9BS0R1czVUdi1YTDlJdkxqTVVhbHZTMmRjUGtERUxyQzk3X3ZwaFVSbl"
533,"Extend ‘motherly hand’ to minor sexual assault victims, says Madras HC to judicial officers",Sexual Assault,2026-08-19,Madras,Madras,Tamil Nadu,13.0827,80.2707,Under Investigation,1,The New Indian Express,https://news.google.com/rss/articles/CBMi5gFBVV95cUxNZkN3RHlNVHVaQ202X3hnZnVmYmtyUjNkNDNTSWtqVDVGckdCMUhKQWtCOExPVVBIZUlvanZoaXZ6THh4YzQ0SkJsUWswaUJvRS03amtqekhNSWZQMW5pb21Hc1Bvamx6ZWh6SUFjbVVuNEhsTko2WTRZZWxWelRNWGRDcTVaVWJCc0JzVmRlSEtfbE1pSDlFQWMxSzNRXzRsUnZLYkx5S1FLN3o5Z0p1ZkJ0cHNnZ2pjN0oxaU91b1d2VGR1UTFlUHpqWUpJZXpaSWM3X21sVXpyMTFlTnZ0c0dyUktpd9IB8wFBVV95cUxQdEJIUkNaWnZhMVJvX293ZGxNNXh2YWtfWEU4OEk0MkU1ZXBNWC01SloxRFBHR2xFNGZmMFUzTWpwSFYzR0RVcC10Z2RMWEYtMW9DTWRSRE5SUEFsSGU3dHczdGVqVTY1QU9KTHB2bTh3ODE0bUdZUnNVS2txTzQ5SzBLdzdadnlSV3ctMkp4V3RZanYwU0lqdmROcVdHZHlRZlZ5OEpkYUliWmJsQ3lSUUJ0WEF2U3ZWUkdyRmZGa1A0S3FGMkdOdW4tQkZ1NEppOEtEQ29PUGY3dVRWYlFjNV8tZDhhMGNfbXlJVzk2dXZxa1k?oc=5,"<a href=""https://news.google.com/rss/articles/CBMi5gFBVV95cUxNZkN3RHlNVHVaQ202X3hnZnVmYmtyUjNkNDNTSWtqVDVGckdCMUhKQWtCOExPVVBIZUlvanZoaXZ6THh4YzQ0SkJsUWswaUJvRS03amtqekhNSWZQMW5pb21Hc1Bvamx6ZWh6SUFjbVVuNEhsTko2WTRZZWxWelRNWGRDcTVaVWJCc0JzVmRlSEtfbE1pSDlFQWMxSzNRXzRsUnZLYkx5S1FLN3o5Z0p1ZkJ0cHNnZ2pjN0oxaU91b1d2VGR1UTFlUHpqWUpJZXpaSWM3X21sVXpyMTFlTnZ0c0dyUktpd9IB8wFBVV95cUxQdEJIUkNaWnZhMVJvX293ZGxNNXh2YWtfWEU4OEk0MkU1ZXBNWC01SloxRFBHR2xFNGZmMFUzTWpwSFYzR0RVcC10Z2RMWEYtMW9DTWRSRE5SUEFsSGU3dHczdGVqVT"
492,Sub-inspector from Birbhum's Nalhati arrested over rape in Salt Lake guest house,Sexual Assault,2026-08-19,Birbhum,Birbhum,West Bengal,23.84,87.62,Arrest Made,1,Telegraph India,https://news.google.com/rss/articles/CBMi4AFBVV95cUxQMWdtbWpwd0xmWlVkRGdnc2hScWtUaDFiaGxTQklXaXROT3VaaVBTZVB3T09acVhVbmhzdTJDMWlyMGhMcGNSVUpOZEFqa1pnLWNpVTBGcUhCa1MxRXZvaTc2LWJCMzgtbVlKSURCWTRuclVGdmo5WUE2U2NvWkc3NlZXX3kyMGhJdTB4M1k2QmVKNVhTVE9XeG1NSUpBTlZXYkxCQ2pTd1JzOXVhcGNDeTlYczZzVXVIVnV6R3JveEVMRWhwWjEwY1g0Rnh6b2F6c3F2WTh4TW5pTmJjVHBTaNIB5gFBVV95cUxQQ2ZNR2x6OElZeVNXclVJVWVBdlZNVDlKcFA3YWFYLTlZZ2o2UWd1N05qWU9DVDQwalpVWTdkVC1MTDhNdTVIc2VLRkd2d1BCOGEzWXJLRmZyYU1jRkdLLUY0NDVLcmdlN0xOeFBjQk8wWkFSakUtXzgxWGVuM3VKQWplNGFqSUFSM0dtWWM4dF9XSW9DT3VlaDJkLVByQWRTaHh1YlZrQTRzSUJqQmtwRElVd01xeXlZZ1NuUFV0N245NkU0djQ2cGQ4VEMxOXhXczJIak1YNEJ4RXRDNlZtU0xpdENNZw?oc=5,"<a href=""https://news.google.com/rss/articles/CBMi4AFBVV95cUxQMWdtbWpwd0xmWlVkRGdnc2hScWtUaDFiaGxTQklXaXROT3VaaVBTZVB3T09acVhVbmhzdTJDMWlyMGhMcGNSVUpOZEFqa1pnLWNpVTBGcUhCa1MxRXZvaTc2LWJCMzgtbVlKSURCWTRuclVGdmo5WUE2U2NvWkc3NlZXX3kyMGhJdTB4M1k2QmVKNVhTVE9XeG1NSUpBTlZXYkxCQ2pTd1JzOXVhcGNDeTlYczZzVXVIVnV6R3JveEVMRWhwWjEwY1g0Rnh6b2F6c3F2WTh4TW5pTmJjVHBTaNIB5gFBVV95cUxQQ2ZNR2x6OElZeVNXclVJVWVBdlZNVDlKcFA3YWFYLTlZZ2o2UWd1N05qWU9DVDQwalpVWTdkVC1MTDhNdTVIc2VLRkd2d1BCOGEzWXJLRmZyYU1jRkdLLUY0NDVLcmdlN0xOeF"
399,Rapido Launches Marathi Learning Channels For Drivers In Maharashtra,Other GBV,2026-08-19,Maharashtra,Maharashtra,Maharashtra,19.7515,75.7139,Under Investigation,1,Free Press Journal,https://news.google.com/rss/articles/CBMiqwFBVV95cUxPQVJVd3lxay1UNjRRYUJ4LVM1TTZmeC1UYkxkbDNnOXliZ05pRUFTelFXRDZLakNSOHNLQV9DVGN2VVg1SEFFVzZrQVNjSmR2VmdKbkhrZzAzbU5yNkhxQk0tTTJ5VDJMVzhlVVktTmx0M092eTNKdEs2YmlGX3UtVE1ENzVwcFJEdnBtbm1hTXJYMVRXUHFmTlp6VE5HU1V1NUtqdnFVeXNFYW_SAbABQVVfeXFMTzQ1eFpNMFhiV05aaWtXcnFGYmVycWlXcnk2QTI3SUVRTHl1NkpUcll6cVJ2YUlZZ0FBQnlaYzJJNk1QMVFNWkZPUVNTNC1nNFBLTEJLaFU1VmFuYmNGMU41U2JjZjZWdEFNOU9XMENtYXd2TUFkZmdWM2txT3M5cF9yTTFfVy1BTF9RN2M3QmNmWEV2YXBJNThaTDkzX0xyZVFjTHRQbUVpcE1qQnI0bG4?oc=5,"<a href=""https://news.google.com/rss/articles/CBMiqwFBVV95cUxPQVJVd3lxay1UNjRRYUJ4LVM1TTZmeC1UYkxkbDNnOXliZ05pRUFTelFXRDZLakNSOHNLQV9DVGN2VVg1SEFFVzZrQVNjSmR2VmdKbkhrZzAzbU5yNkhxQk0tTTJ5VDJMVzhlVVktTmx0M092eTNKdEs2YmlGX3UtVE1ENzVwcFJEdnBtbm1hTXJYMVRXUHFmTlp6VE5HU1V1NUtqdnFVeXNFYW_SAbABQVVfeXFMTzQ1eFpNMFhiV05aaWtXcnFGYmVycWlXcnk2QTI3SUVRTHl1NkpUcll6cVJ2YUlZZ0FBQnlaYzJJNk1QMVFNWkZPUVNTNC1nNFBLTEJLaFU1VmFuYmNGMU41U2JjZjZWdEFNOU9XMENtYXd2TUFkZmdWM2txT3M5cF9yTTFfVy1BTF9RN2M3QmNmWEV2YXBJNThaTDkzX0xyZV"
381,Two Arrested In ₹2.5 Crore Extortion Case Over Alleged Threat Of False Rape Case,Sexual Assault,2026-08-19,,,,,,Arrest Made,1,Free Press Journal,https://news.google.com/rss/articles/CBMiuAFBVV95cUxQaUtuREYwWC1aeTRWak5yTzc1TEVVTDZMWU1qRFJabWgtRFVneGlxMlotNGxVcEpleHhiSHU4WlNfMWNORWhxRmFEd2xaQno4dmVFQnpVN3F2T2xJUm1SV3g0enpHUjZZNlZZeVpPYkZXd2F5X2lhLWRCdDI5MEktcTJ2dm5SS3ZOVDcxOXBBTi0yUHVHTEZjanlpYnVaa1F4T01aZG9sMkhXaHRFbXh6QzBmdldvOUkx0gG-AUFVX3lxTFBrUDlka1ZlY2tYcXpYSkd0d214Ymo4VmtzcmJkMnRLaVNiNXpCOE1pTGdfNmRXSVAwcGQtNlBDQlJFSzN4aHFTVk9CR0JZSTZrSzA3N0syeXdGRC1Rd1UxU2RFenVxdnN5NzB2WXhmT2htQzd2OXhYbjF2M2xNbkpKR3BTN3I1RUZjUU5lODQ0YVhPYUFLamJpbFRjU2M1ZEowWlFpSjRzTm91bk5kNElFYS1NSV83Vm9MRG1mQ0E?oc=5,"<a href=""https://news.google.com/rss/articles/CBMiuAFBVV95cUxQaUtuREYwWC1aeTRWak5yTzc1TEVVTDZMWU1qRFJabWgtRFVneGlxMlotNGxVcEpleHhiSHU4WlNfMWNORWhxRmFEd2xaQno4dmVFQnpVN3F2T2xJUm1SV3g0enpHUjZZNlZZeVpPYkZXd2F5X2lhLWRCdDI5MEktcTJ2dm5SS3ZOVDcxOXBBTi0yUHVHTEZjanlpYnVaa1F4T01aZG9sMkhXaHRFbXh6QzBmdldvOUkx0gG-AUFVX3lxTFBrUDlka1ZlY2tYcXpYSkd0d214Ymo4VmtzcmJkMnRLaVNiNXpCOE1pTGdfNmRXSVAwcGQtNlBDQlJFSzN4aHFTVk9CR0JZSTZrSzA3N0syeXdGRC1Rd1UxU2RFenVxdnN5NzB2WXhmT2htQzd2OXhYbjF2M2xNbkpKR3BTN3I1RUZjUU5lODQ0YVhPYU"
344,"9-year-old girl raped, murdered in Pune district; man held",Sexual Assault,2026-08-19,Pune,Pune,Maharashtra,18.5204,73.8567,Arrest Made,6,"The Indian Express, NDTV, ETV Bharat, Mid-Day, Mid-Day, Mid-Day",https://news.google.com/rss/articles/CBMiowFBVV95cUxNLXNPWVRFelNiWFo1a1FEZUtFSUVkam9ySXVOc3JaNEhWMEw1eUhZNkQ1OHNjdERXY0pleDVMVUZDSEZrZ0dxaUw3a3MtVGVGRjZwOW9SU29Yc2N4R1RYMlNSRldkR3g3Y3JzZFhQTmNscEJ0TWk0SmVxSkVPRkc5Mlp2S29oVFFIY0h6c0F1b0ZnZjVwaHlYLTd5bkNHYzZobldR0gGqAUFVX3lxTFBHbFVhdTVuNTk1XzY0M1hKUmRkalZQTXBINE4wd3o2czZfRTJRTEI3QVJmTTJYNWtCWWYxMm1DYUNCUVM0Y3R0Ulo3bWlhOGQ4RnBjRXdYYzlmZExJc093UUNzWTU0TkM2YXFVZkh3cnZPdFVUTnZRMkVYSE9hUW9ocGZtbG1iMjkyWXF3d0wwbTRsMlJodnBNYW13amxkU1pfMzJhaXVVUHdB?oc=5,"<a href=""https://news.google.com/rss/articles/CBMiowFBVV95cUxNLXNPWVRFelNiWFo1a1FEZUtFSUVkam9ySXVOc3JaNEhWMEw1eUhZNkQ1OHNjdERXY0pleDVMVUZDSEZrZ0dxaUw3a3MtVGVGRjZwOW9SU29Yc2N4R1RYMlNSRldkR3g3Y3JzZFhQTmNscEJ0TWk0SmVxSkVPRkc5Mlp2S29oVFFIY0h6c0F1b0ZnZjVwaHlYLTd5bkNHYzZobldR0gGqAUFVX3lxTFBHbFVhdTVuNTk1XzY0M1hKUmRkalZQTXBINE4wd3o2czZfRTJRTEI3QVJmTTJYNWtCWWYxMm1DYUNCUVM0Y3R0Ulo3bWlhOGQ4RnBjRXdYYzlmZExJc093UUNzWTU0TkM2YXFVZkh3cnZPdFVUTnZRMkVYSE9hUW9ocGZtbG1iMjkyWXF3d0wwbTRsMlJodnBNYW13amxkU1pfMzJhaXVVUH"
186,‘Below Deck’ Star Nathan Gallagher Arrested on Domestic-Violence Charges,Other GBV,2026-08-19,,,,,,Arrest Made,1,Rolling Stone,https://news.google.com/rss/articles/CBMiuwFBVV95cUxPSTdoQzF4Z3p4VnRvbFp5WWM3bm5YODE4UFVNbVlOZ3lFb0FKOW5YeWZyM3ZJbm5Yci1jN053YnJUMjIyOF9zZTNqV010LUNOX0wyWnc2STkwNllpdkZOVFlFbDVwb1ZRYUttN3VyZXlSLVo0TVhBUjNzNmUzbXY3U3p2LXJ3QVQ3dWtMdU9QTEIxZVFVeVJFY3RFY0ZLeW43UDNWQTg1bGp5WUJqOW52SFVXMldRZC1GWndV?oc=5,"<a href=""https://news.google.com/rss/articles/CBMiuwFBVV95cUxPSTdoQzF4Z3p4VnRvbFp5WWM3bm5YODE4UFVNbVlOZ3lFb0FKOW5YeWZyM3ZJbm5Yci1jN053YnJUMjIyOF9zZTNqV010LUNOX0wyWnc2STkwNllpdkZOVFlFbDVwb1ZRYUttN3VyZXlSLVo0TVhBUjNzNmUzbXY3U3p2LXJ3QVQ3dWtMdU9QTEIxZVFVeVJFY3RFY0ZLeW43UDNWQTg1bGp5WUJqOW52SFVXMldRZC1GWndV?oc=5"" target=""_blank"">‘Below Deck’ Star Nathan Gallagher Arrested on Domestic-Violence Charges</a>&nbsp;&nbsp;<font color=""#6f6f6f"">Rolling Stone</font>"
125,Two 17-year-olds from Sydney private school among three charged over alleged rape of teenage girl,Sexual Assault,2026-08-19,,,,,,Under Investigation,1,theguardian.com,https://news.google.com/rss/articles/CBMiswFBVV95cUxOdmkzWDdsM25LbUhtN2VBb2FHLTBOcXYtYUlrN3c5dG13MEhObF9VUTU4OTlIdHlabVkxMk81WGxwRllrYUJrQzFWTEhzQ0pRZThLRFRxdUJsSFdyUmxERW1HbzM4RTRNTjNicF9lUHptWENqVGJxY1ZZYW9QT005RGowY3RpWjBXTmtMaGV2cWI2Z0g4WW1laFNkQ1J5bWRuUVFRX25EeG5mSmRoYUM5QUJkMA?oc=5,"<a href=""https://news.google.com/rss/articles/CBMiswFBVV95cUxOdmkzWDdsM25LbUhtN2VBb2FHLTBOcXYtYUlrN3c5dG13MEhObF9VUTU4OTlIdHlabVkxMk81WGxwRllrYUJrQzFWTEhzQ0pRZThLRFRxdUJsSFdyUmxERW1HbzM4RTRNTjNicF9lUHptWENqVGJxY1ZZYW9QT005RGowY3RpWjBXTmtMaGV2cWI2Z0g4WW1laFNkQ1J5bWRuUVFRX25EeG5mSmRoYUM5QUJkMA?oc=5"" target=""_blank"">Two 17-year-olds from Sydney private school among three charged over alleged rape of teenage girl</a>&nbsp;&nbsp;<font color=""#6f6f6f"">theguardian.com</font>"
585,Palghar Horror: 2 Teens Detained For Sexually Assaulting 14-Year-Old Minor Girl In Nalasopara,POCSO / Minor,2026-08-18,Palghar,Palghar,Maharashtra,19.6967,72.7699,Under Investigation,1,Free Press Journal,https://news.google.com/rss/articles/CBMiywFBVV95cUxOYXJQRHdkYkhlM3NSS3BZLXVzUDI1Z1VaTVVQaUVydDcxRnoyUkNxR0txVWNTV294c08xbDJVakZWb2lnOEpaRzI3eUNPZUpGT3RXX1Y4dm5wdnJJXzI0QkY3ZC1hZ1pGMmpQcm1BODN0Q3NHUUo0QU9wVE1uQlVMdmZVT1VnUkxsZ0tsYkVIU1RWS3I2TDVzZGZQcGlUaHEyRF9KRGFPSXR2WWpyY2lmYXdCVkJyM0Z1dDc3TDhOSTRmZWtMdDBxR1RKSdIB0AFBVV95cUxQMEF1Umd5MWdjdkVJU3NSVS1Eb19IczdvVmxpZ240ZVpPTUlHekFhTXA5N0xNQjMzVkUyX09UR2tkeXpiUkRUbjEtLXRJdTdCQzBpbzJNeWt0QzMxZFBKMHZWRmd0VWNGay1RQWJvajg0SEZDMGw5TXAzQVJ0ZnJLeHZZNF9YUW9QeEROU0lwODNmd1F1clEtSGlEWGN4UlRkZTVSRWdCOU1uSnd2SmtVQ0NiekdrbFJydVpYQnZ5M2NvNlN3X0VCcGJUU0hLazdV?oc=5,"<a href=""https://news.google.com/rss/articles/CBMiywFBVV95cUxOYXJQRHdkYkhlM3NSS3BZLXVzUDI1Z1VaTVVQaUVydDcxRnoyUkNxR0txVWNTV294c08xbDJVakZWb2lnOEpaRzI3eUNPZUpGT3RXX1Y4dm5wdnJJXzI0QkY3ZC1hZ1pGMmpQcm1BODN0Q3NHUUo0QU9wVE1uQlVMdmZVT1VnUkxsZ0tsYkVIU1RWS3I2TDVzZGZQcGlUaHEyRF9KRGFPSXR2WWpyY2lmYXdCVkJyM0Z1dDc3TDhOSTRmZWtMdDBxR1RKSdIB0AFBVV95cUxQMEF1Umd5MWdjdkVJU3NSVS1Eb19IczdvVmxpZ240ZVpPTUlHekFhTXA5N0xNQjMzVkUyX09UR2tkeXpiUkRUbjEtLXRJdTdCQzBpbzJNeWt0QzMxZFBKMHZWRmd0VWNGay1RQWJvajg0SEZDMGw5TXAzQVJ0ZnJLeH"
502,"Ms. Global: Protests in India After Murder of Young Girl, World Cup Leads to Increased Domestic Violence in U.K., and More",Domestic Violence,2026-08-18,,,,,,Under Investigation,1,Ms. Magazine,https://news.google.com/rss/articles/CBMikgFBVV95cUxPWFhzQ05TazhVei1zQl9VaDRfVmZmdzlPTnJ1NVlnenNjZk1HanlJUl9mU1hRc0hWSTBxR1FmYlBuYUNzb0M0aHBYRkotVmFGRGNHY3draWZpYWtUZ2ZGLUZVV0xha2w2bFZJVktrbWIxTVlvbmhYYmdUb2ppNldCaE5DYndKN3piRlhsVjQxaWkxdw?oc=5,"<a href=""https://news.google.com/rss/articles/CBMikgFBVV95cUxPWFhzQ05TazhVei1zQl9VaDRfVmZmdzlPTnJ1NVlnenNjZk1HanlJUl9mU1hRc0hWSTBxR1FmYlBuYUNzb0M0aHBYRkotVmFGRGNHY3draWZpYWtUZ2ZGLUZVV0xha2w2bFZJVktrbWIxTVlvbmhYYmdUb2ppNldCaE5DYndKN3piRlhsVjQxaWkxdw?oc=5"" target=""_blank"">Ms. Global: Protests in India After Murder of Young Girl, World Cup Leads to Increased Domestic Violence in U.K., and More</a>&nbsp;&nbsp;<font color=""#6f6f6f"">Ms. Magazine</font>"
472,West Bengal cop arrested in Mumbai for raping woman at Salt Lake guest house,Other GBV,2026-08-18,Mumbai,Mumbai,Maharashtra,19.076,72.8777,Arrest Made,3,"indiatoday.in, ETV Bharat, Bhaskar English",https://news.google.com/rss/articles/CBMi8AFBVV95cUxNSkpUZWk0UDdWQ05MZktiR3BWcThySDZPejVWUkVPQzFTZEJmMnlQVGRjSFMtZF9wbllRU0xuUVMzUVBZRjB6UTlhajItN0JhTkgwVnFyTktfMDlqRXllMXdxSFF6a2o3SmRvSkt5ZTY3dV9DdDg1akRHZEFrTjNFZUc2Rktac3RXYU9yN0RyM2ZLNHVQZFp3alFKaXlwRTgxUFVHZzNnNW9WTkFZcEdIa2NUa2pvM2FGX1lsQ0NFVzcwU081c0ZYejc0UEMxZkcxQXlTNEVCbzNaaHE0NHNCZGpCRDcxQ3Rvd1daYmtKOHTSAfYBQVVfeXFMUFNUM2JZLWtaVmtQdFhxXzV0RVVkdDJkbkU5anphMG44Tk0zbGdWeXFaam1aRlNVempTckt6QXhHV3ZiSk1DRXREdTFCTVNVZUVwOEFnbkRYbG96MVUwdWRzdDV3VnNEeU13X05QODJHSm5OMzczRXVhdDczeXBzRnZBRmw0cG5QbjRNT1hwb2xjaHl1eDJISDdYLXp1czdmSWR3dWx4SWlETWNNamltYjZ0djhseWtPS2dlZXZ4ZXdPQ042bzMwcFNJdUgxQ2p5MnJKclA1U01nSGNCMEZDQkUtdzI0bWRkeTYzclVoSko2aFBIV19R?oc=5,"<a href=""https://news.google.com/rss/articles/CBMi8AFBVV95cUxNSkpUZWk0UDdWQ05MZktiR3BWcThySDZPejVWUkVPQzFTZEJmMnlQVGRjSFMtZF9wbllRU0xuUVMzUVBZRjB6UTlhajItN0JhTkgwVnFyTktfMDlqRXllMXdxSFF6a2o3SmRvSkt5ZTY3dV9DdDg1akRHZEFrTjNFZUc2Rktac3RXYU9yN0RyM2ZLNHVQZFp3alFKaXlwRTgxUFVHZzNnNW9WTkFZcEdIa2NUa2pvM2FGX1lsQ0NFVzcwU081c0ZYejc0UEMxZkcxQXlTNEVCbzNaaHE0NHNCZGpCRDcxQ3Rvd1daYmtKOHTSAfYBQVVfeXFMUFNUM2JZLWtaVmtQdFhxXzV0RVVkdDJkbkU5anphMG44Tk0zbGdWeXFaam1aRlNVempTckt6QXhHV3ZiSk1DRXREdTFCTVNVZUVwOEFnbkRYbG96MV"
386,"Palghar Sexual Assault Case: 10-Year-Old Girl Allegedly Assaulted By Uncle, Family Accuses Police Of Refusing",Sexual Assault,2026-08-18,Palghar,Palghar,Maharashtra,19.6967,72.7699,Under Investigation,1,Free Press Journal,https://news.google.com/rss/articles/CBMigwJBVV95cUxQbW4zUUU5U3JUcjNNeUhfWUFPS01hMm4yU2F2V1daYmNfcG5NSm5ETEtoUnVQNF8zS3I4bW1EZkhteC1xU1RiTXBJelkzM2JBTzkzNWhEWXluX0VBdWs1REc5Vk5vWDNBVTBmc3NBVnhwaFBiaEFNU3lYYVhERC14OWRKS0ktUWh4X3F4Ym4tbkZadExnQWpwakFRdHM0RG8wTXJTMDhMdzZUa3Z4ZFBIUUtJRkZPaktQX3BLRmNnTzBUXzFDVGZiemJWX2FZNGlEWXZNUjNUMkVrd0pfb2RSZFg5OTNUaGZ4MVQ5YlNwMVJMUE5PbHBIUkpIODZBcHFhSENB0gGIAkFVX3lxTE1jT01Jd0tULTUzeU1jdjlRU2l3dkRJTzRuQlJuSzZhSmlFR3JzQVI4bW1aSzJGV1BXZzhCRGVNNE1tT1JxQ0JaX2o3YUJCb3FjR1A1NGZNM2pWQktLbDhETDIwbGhNTUlzZE0zNk9iTDVacnRzZUZYQXZKV0N0YW9LSVBZTEQ4SEd3aTBPdmpISlJvVHgydjBoaUg0ZGpKbl9feHZVRDVNdEFPendLeFN6Nnc1Skt5NGpBMGR4Tm9DRGVzVUsyQWNRQTEwVWp3ZHVGSktLdUV3emgtVGp3VzB4Q1BjOTY0LUF1NExELTlsLWd2bWY2V3Z0YzVtNHVUMFp5VmJHWDVVcA?oc=5,"<a href=""https://news.google.com/rss/articles/CBMigwJBVV95cUxQbW4zUUU5U3JUcjNNeUhfWUFPS01hMm4yU2F2V1daYmNfcG5NSm5ETEtoUnVQNF8zS3I4bW1EZkhteC1xU1RiTXBJelkzM2JBTzkzNWhEWXluX0VBdWs1REc5Vk5vWDNBVTBmc3NBVnhwaFBiaEFNU3lYYVhERC14OWRKS0ktUWh4X3F4Ym4tbkZadExnQWpwakFRdHM0RG8wTXJTMDhMdzZUa3Z4ZFBIUUtJRkZPaktQX3BLRmNnTzBUXzFDVGZiemJWX2FZNGlEWXZNUjNUMkVrd0pfb2RSZFg5OTNUaGZ4MVQ5YlNwMVJMUE5PbHBIUkpIODZBcHFhSENB0gGIAkFVX3lxTE1jT01Jd0tULTUzeU1jdjlRU2l3dkRJTzRuQlJuSzZhSmlFR3JzQVI4bW1aSzJGV1BXZzhCRGVNNE1tT1JxQ0JaX2"
353,Minor girl raped and brutally murdered in Pune; POCSO case registered,POCSO / Minor,2026-08-18,Pune,Pune,Maharashtra,18.5204,73.8567,Under Investigation,2,"The Hindu, Deccan Herald",https://news.google.com/rss/articles/CBMivgFBVV95cUxOSVktVHJ5VUJ5bVM2Skdyalg4S1pNNGdMV3RlbGFkSURSWlJ5Vk1PU2xEeXJwajdFSDk0NjJNVUg2ZmdBM0Z5M0xRcmY3YVFnemt6NUprZXlheEF1aWl3Z0tLcFRXc09Udy16UXZqNHBxbHFsY3g5bmNNRkdEYW11VHhKNENBM0Q1eWtFWWJxMEVkRkd2MzI5ZGF2YkIwNG5MYk9RaEU1QWxVMnB1dGcyRVlVeWQyUjhJeU9tbHh30gHEAUFVX3lxTFB1MU1ZS25BanFXcEs3SHZLanlEWnNta3NXQUtkNVBlaWdKcUVRbDZ2bjJndTkyNWk1N1pEQmd3SklmdXVMbTNfSGpBc1Nwb1BNRVpqcW9fUjI1MzFDRzYtTmNlNUtrZE0yYzNYNUdtQm1BaFNPQUFNWnZMSDlnVTdrM0dGMVc4b09tUzNZSFg3LWozbmF5SVVvMWJzZlcxclhDeHd2UzlQTmZYc0lpZjl3U1MzdzRRYkU0dk5nRl82YjBTMTg?oc=5,"<a href=""https://news.google.com/rss/articles/CBMiwAFBVV95cUxNWXVpQlRsbnl2X0VOdG1IMGNadkt0aWE4b19XTHhrN0tVcFdIVW5NUW1uLU01OUNYeWtpamYtQU8yWTZfZVRGYjFRTUdQY3VyamFEMDVtYnNBMFIteFpmUFNjRGpjUGpScVRZN21ucDMtZDg1SzYtdGwzdjhVak94bnlIRkxtUExGNDhYX2dhcEdRaWxQbnNBLWJFM2RnbWVkQTZndDVRQWhCNzhrb0lkeEVzRHNwMXFwcTlkNzJjUFc?oc=5"" target=""_blank"">Minor girl raped and brutally murdered in Pune; POCSO case registered</a>&nbsp;&nbsp;<font color=""#6f6f6f"">Deccan Herald</font>"
113,Migrant women tell of sexual harassment in Spain's crisis-hit Ceuta,Other GBV,2026-08-18,,,,,,Under Investigation,1,Reuters,https://news.google.com/rss/articles/CBMirgFBVV95cUxNVUNlbTZzOFpQWlRwVzBOc21qM0lCME5wWnIzOWxhU0hPNC10NEZrcG0tTVFoQkcwN2k0MUFvcC1CWF9iMHMweUJPZ01CUnFNS1ZZWG5oWE1oZGIxeW9RRUQxdkxBNl80OGdlYndkTTFEbTV0WEV2bHE0QVF4ZjMtNHQyV3FlVnZtdFpESDMxUHlOUUpqSnVZQVJIRmNRLUpqTE02Q1hxSlJMVVJobXc?oc=5,"<a href=""https://news.google.com/rss/articles/CBMirgFBVV95cUxNVUNlbTZzOFpQWlRwVzBOc21qM0lCME5wWnIzOWxhU0hPNC10NEZrcG0tTVFoQkcwN2k0MUFvcC1CWF9iMHMweUJPZ01CUnFNS1ZZWG5oWE1oZGIxeW9RRUQxdkxBNl80OGdlYndkTTFEbTV0WEV2bHE0QVF4ZjMtNHQyV3FlVnZtdFpESDMxUHlOUUpqSnVZQVJIRmNRLUpqTE02Q1hxSlJMVVJobXc?oc=5"" target=""_blank"">Migrant women tell of sexual harassment in Spain's crisis-hit Ceuta</a>&nbsp;&nbsp;<font color=""#6f6f6f"">Reuters</font>"
617,‘Won’t spare you even if you beg’: Rape accused threatens survivor and relatives,Sexual Assault,2026-08-17,Kerala,Kerala,Kerala,10.8505,76.2711,Under Investigation,1,Kerala Kaumudi,https://news.google.com/rss/articles/CBMimwFBVV95cUxQV0ZkTDVSRm1hbWswWG1GNXBqUlFRaWp5U1BHbXlNWW51SXB4QjhxcEM5LV9LSFkwZmdwd05oejRsZlByWm00SmlhU1puZHhKNmpVbnVpd3RhYlAzd0xJejZ3TFR6TklIeU1rRmNJdFY5Z0V2ZlRxWXNPYkdwWFY0V25Ya19OQng4OThoVjZpWjN0Y09BTjd1eFFjdw?oc=5,"<a href=""https://news.google.com/rss/articles/CBMimwFBVV95cUxQV0ZkTDVSRm1hbWswWG1GNXBqUlFRaWp5U1BHbXlNWW51SXB4QjhxcEM5LV9LSFkwZmdwd05oejRsZlByWm00SmlhU1puZHhKNmpVbnVpd3RhYlAzd0xJejZ3TFR6TklIeU1rRmNJdFY5Z0V2ZlRxWXNPYkdwWFY0V25Ya19OQng4OThoVjZpWjN0Y09BTjd1eFFjdw?oc=5"" target=""_blank"">‘Won’t spare you even if you beg’: Rape accused threatens survivor and relatives</a>&nbsp;&nbsp;<font color=""#6f6f6f"">Kerala Kaumudi</font>"
599,Actress Rape Case: Kerala High Court Closes Dileep's Plea Alleging Media Trial After Probe In All 5 Cases ...,Sexual Assault,2026-08-17,Kerala,Kerala,Kerala,10.8505,76.2711,Under Investigation,1,Live Law,https://news.google.com/rss/articles/CBMirAFBVV95cUxPSUxHZUpHdTFXRlNPYTJ5MnNVUkhycFNFVWszTVJhV2dsWWVkUHpmNnM0V2J6enJXcXRBcUxqT212WDkzU2xxR21PVzVxZG9WTG40LThIQ3F2MlphRHB2bDhMS0NTbUd0Z3hCaVhab3J1OC16a2VsS1dvczU0UDRxZllMQmRrRHRLb3Z2Si1KRURJZC1Tb1VOVmZ3UjRwUm5fUmJSbGFSYWZMS1Zj0gGyAUFVX3lxTE1EMDlvWlFlSjQ2M005U0dwM196XzhTb3lKalBIWEhvdVVHZk4tT3Rfc2FSSXJsTzBKbjdfLWVGcDhWcS1lLUZBR0JmeWtzUTV3NXRMNU9ObDN4MXBSR3hfYVRwS1ZoLTBIbHBZa29jQy11RnEyRHNDbmZOMll2Mi1oQXhZd2oyZGNrWGVjTXRrWFRWZWY1T0NYeWdzSFdGNnd4NU5TbHo0akdtMjZfUmJPSWc?oc=5,"<a href=""https://news.google.com/rss/articles/CBMirAFBVV95cUxPSUxHZUpHdTFXRlNPYTJ5MnNVUkhycFNFVWszTVJhV2dsWWVkUHpmNnM0V2J6enJXcXRBcUxqT212WDkzU2xxR21PVzVxZG9WTG40LThIQ3F2MlphRHB2bDhMS0NTbUd0Z3hCaVhab3J1OC16a2VsS1dvczU0UDRxZllMQmRrRHRLb3Z2Si1KRURJZC1Tb1VOVmZ3UjRwUm5fUmJSbGFSYWZMS1Zj0gGyAUFVX3lxTE1EMDlvWlFlSjQ2M005U0dwM196XzhTb3lKalBIWEhvdVVHZk4tT3Rfc2FSSXJsTzBKbjdfLWVGcDhWcS1lLUZBR0JmeWtzUTV3NXRMNU9ObDN4MXBSR3hfYVRwS1ZoLTBIbHBZa29jQy11RnEyRHNDbmZOMll2Mi1oQXhZd2oyZGNrWGVjTXRrWFRWZWY1T0NYeWdzSFdGNn"
566,"Farm labourer arrested for sexual
assault on 85-yr-old woman in Erode",Other GBV,2026-08-17,Erode,Erode,Tamil Nadu,11.341,77.7172,Arrest Made,1,The New Indian Express,https://news.google.com/rss/articles/CBMiywFBVV95cUxNX3o3UDh6b2tCb3dhSExHcTA2b1JHMXQyTXdoTXlNTTcwbDhyUUM0dXBSQ0ltc01SUlE3czFPMWNJOThsc253RUhEOTF0SGRoamotWEFrQkRBMnhjRjZlSFpLN1pLc1AxUkU3NWdxbU5IemRLTDBPWlJYUVFacWJCU0dZcDZlWEtPc3lsU09Od1NpdjZEUzZtcllRSk82S1lQc0luS3RBRy1vcjV5c3FsX2R0UDBQLW1MOVlyQjA0SjVIN1duWmFWaGtNd9IB2AFBVV95cUxNZzNxYWFNcHVYZFJBejRTMDRRY0o4ZTZSWjY2ZHpYQl9UbjQ1Y0FWRWFKcU1HUVpwN2c0WUdBSDVla1BBbFNvMF8yQ3piYm5vT01SLW1lLVRoRnpKU0h4QzcycVEzdHgzLTNRWkNKSWUzeDZUaGE0eF9qci16WUpoM2ZEZ0tnQmEzSkdiaTRUaEp4NUFkbDMyQk1vTFc3d1hDRGNpMjdkUUt1UGNOOURSTW9rNzI0bnlCQXFHNjhubnhOQzZHNVo1S2ZJNHlMeXUyb1Z1OGQtQnI?oc=5,"<a href=""https://news.google.com/rss/articles/CBMiywFBVV95cUxNX3o3UDh6b2tCb3dhSExHcTA2b1JHMXQyTXdoTXlNTTcwbDhyUUM0dXBSQ0ltc01SUlE3czFPMWNJOThsc253RUhEOTF0SGRoamotWEFrQkRBMnhjRjZlSFpLN1pLc1AxUkU3NWdxbU5IemRLTDBPWlJYUVFacWJCU0dZcDZlWEtPc3lsU09Od1NpdjZEUzZtcllRSk82S1lQc0luS3RBRy1vcjV5c3FsX2R0UDBQLW1MOVlyQjA0SjVIN1duWmFWaGtNd9IB2AFBVV95cUxNZzNxYWFNcHVYZFJBejRTMDRRY0o4ZTZSWjY2ZHpYQl9UbjQ1Y0FWRWFKcU1HUVpwN2c0WUdBSDVla1BBbFNvMF8yQ3piYm5vT01SLW1lLVRoRnpKU0h4QzcycVEzdHgzLTNRWkNKSWUzeDZUaGE0eF9qci16WUpoM2"
153,"Ralph Carr in ‘living hell’ after being convicted of rape, Victorian court hears",Sexual Assault,2026-08-17,,,,,,Convicted,1,theguardian.com,https://news.google.com/rss/articles/CBMizwFBVV95cUxQYTRYaC1nWVIyMEltYXNHWE9TQmdFZHItYWxvWDhlOXpNY1pBYUl0OXE3U2lndXRqYWFYeHBLZE9sVmFLRXNhMmhiNldQOWJTZmNEb2p0UWFnSmd6TTVoY3J6c3U2WWl4ajBDLTRnRVR1elZ6bkpMenVCNnlGaXhQbWVFNmo5bGJCcF9EVjdkNlNBMXNfWVZONnZPZ3JTaS1rbUpLeFl4RFdDTFBMTUdzd2MwYzZvcjdXaXhvc3lqR2k0OGowQ3dKZEcwZC1STUU?oc=5,"<a href=""https://news.google.com/rss/articles/CBMizwFBVV95cUxQYTRYaC1nWVIyMEltYXNHWE9TQmdFZHItYWxvWDhlOXpNY1pBYUl0OXE3U2lndXRqYWFYeHBLZE9sVmFLRXNhMmhiNldQOWJTZmNEb2p0UWFnSmd6TTVoY3J6c3U2WWl4ajBDLTRnRVR1elZ6bkpMenVCNnlGaXhQbWVFNmo5bGJCcF9EVjdkNlNBMXNfWVZONnZPZ3JTaS1rbUpLeFl4RFdDTFBMTUdzd2MwYzZvcjdXaXhvc3lqR2k0OGowQ3dKZEcwZC1STUU?oc=5"" target=""_blank"">Ralph Carr in ‘living hell’ after being convicted of rape, Victorian court hears</a>&nbsp;&nbsp;<font color=""#6f6f6f"">theguardian.com</font>"
628,Man booked for sexually assaulting female co-passenger on Palakkad-bound KSRTC bus,Other GBV,2026-08-16,Palakkad,Palakkad,Kerala,10.7867,76.6548,Under Investigation,1,Onmanorama,https://news.google.com/rss/articles/CBMilwFBVV95cUxNdUdVMDN3Z3hNZGFhQXFLRWk4eDQ5R0tQX21mdm5QekxLcjhtNW4yX3Q1ZFNmVW91SWN2WDFUVVZrRk53ckRrb0pDWkFTc2FOTV94aFNiVE9DQVlFOThnUUVZQmROTTZpcWljZUFBRFRSRGtUdG5SdFBlNHpBZ0l2XzZBaTFNdmlOYjh0ckRtV1AzX181NW9J0gGXAUFVX3lxTE11R1UwM3dneE1kYWFBcUtFaTh4NDlHS1BfbWZ2blB6TEtyOG01bjJfdDVkU2ZVb3VJY3ZYMVRVVmtGTndyRGtvSkNaQVNzYU5NX3hoU2JUT0NBWUU5OGdRRVlCZE5NNmlxaWNlQUFEVFJEa1R0blJ0UGU0ekFnSXZfNkFpMU12aU5iOHRyRG1XUDNfXzU1b0k?oc=5,"<a href=""https://news.google.com/rss/articles/CBMilwFBVV95cUxNdUdVMDN3Z3hNZGFhQXFLRWk4eDQ5R0tQX21mdm5QekxLcjhtNW4yX3Q1ZFNmVW91SWN2WDFUVVZrRk53ckRrb0pDWkFTc2FOTV94aFNiVE9DQVlFOThnUUVZQmROTTZpcWljZUFBRFRSRGtUdG5SdFBlNHpBZ0l2XzZBaTFNdmlOYjh0ckRtV1AzX181NW9J0gGXAUFVX3lxTE11R1UwM3dneE1kYWFBcUtFaTh4NDlHS1BfbWZ2blB6TEtyOG01bjJfdDVkU2ZVb3VJY3ZYMVRVVmtGTndyRGtvSkNaQVNzYU5NX3hoU2JUT0NBWUU5OGdRRVlCZE5NNmlxaWNlQUFEVFJEa1R0blJ0UGU0ekFnSXZfNkFpMU12aU5iOHRyRG1XUDNfXzU1b0k?oc=5"" target=""_blank"">Man booked for s"
602,Kerala man acquitted in POCSO case over alleged sexual assault of minor daughter,POCSO / Minor,2026-08-16,Kerala,Kerala,Kerala,10.8505,76.2711,Bail / Acquittal,1,ThePrint,https://news.google.com/rss/articles/CBMitgFBVV95cUxNNWp6LTJ4UmowajdHVi0tdTdiXzhVbjN3Qkl4WEs5elNpSEtDbk1tRTJBM2dZTFZuRU1Nd1N3WXpsWHhvMXMycWxNdjNKNFJFT0JYRURFdFpFTXhhSnUzYUE2dC1XanhxTTdXandyZzMzS3ctSEVUVkFKcnM4dHlJUEJVYlpYYklWRHJxdkxLNFRZYmxQUkR0NHB5RzNDOVkzZjNiQ1ZmQ0dUVXR6ZXkxTmVaaFZOUdIBuwFBVV95cUxQUG8tNjU1WGZTS0xRU1ZvZjV6TjM4U1ZHTVpnUWhubWlVaTh4bi1XMkdkZE5xMjdLdW50cll1VE84WUJMS3NpcnZVX25KVS01MHBPUFRlZkxIeHhkWG1kTWZndW83blNpNVU5TmhyMVVNUk5wMTYyS2lfWG9wOWxIVHBRekwwYy1KaXh2cEhwM0J6OW0xQlg4a0hEcG9wVnBjWkd2bEZCUG13UjJoR3puOHpVZmQ4QUFkT1lJ?oc=5,"<a href=""https://news.google.com/rss/articles/CBMitgFBVV95cUxNNWp6LTJ4UmowajdHVi0tdTdiXzhVbjN3Qkl4WEs5elNpSEtDbk1tRTJBM2dZTFZuRU1Nd1N3WXpsWHhvMXMycWxNdjNKNFJFT0JYRURFdFpFTXhhSnUzYUE2dC1XanhxTTdXandyZzMzS3ctSEVUVkFKcnM4dHlJUEJVYlpYYklWRHJxdkxLNFRZYmxQUkR0NHB5RzNDOVkzZjNiQ1ZmQ0dUVXR6ZXkxTmVaaFZOUdIBuwFBVV95cUxQUG8tNjU1WGZTS0xRU1ZvZjV6TjM4U1ZHTVpnUWhubWlVaTh4bi1XMkdkZE5xMjdLdW50cll1VE84WUJMS3NpcnZVX25KVS01MHBPUFRlZkxIeHhkWG1kTWZndW83blNpNVU5TmhyMVVNUk5wMTYyS2lfWG9wOWxIVHBRekwwYy1KaXh2cEhwM0J6OW0xQl"
572,Delhi woman and lawyer held over Rs 4 crore demand to withdraw rape complaint,Sexual Assault,2026-08-16,Delhi,Delhi,Delhi,28.7041,77.1025,Arrest Made,1,The Times of India,https://news.google.com/rss/articles/CBMi5gFBVV95cUxON3BSQ01ER3VNOG00R0hjNS1qU1lRMXZPdEd1QThxRmNDUEZfOHhaWkUxYXc1cEo1ZDFvN2g1MXRhUVgzQjhPdk82YXZCT1Fnbm9BRTJfTUF3N0VfejJJNld3bUd4UTIyR1RIVjZjWHgxbzhnWVotU3oyWE1wTDN3TVA0eEczS2ZHVm52NFlscEZoVHFOTEV5alRIM2R1RnotSzVfVFRjSlBVb0tKeXJ6UlRVSVZZcGFUcjdyQlJ2UDR6STY0QWdrN3pucFVoaVRURmktN2VSLXItRTFZMjZ6N2xqSlZpQdIB6wFBVV95cUxQaUJTLWlvRnU5NmVNU0h1dWstRXdRRGlwYmR1MDNWYl8tLU5PSHJ6TDVFbnV5S3RaRURIZUxmNGpYUGhCeFNucjZoVjdXTDU3MTJGWll6Tzh1VEpWaGtMdFBKdjVUc0R3ZnZlRm1uR0tTYmtIMjlJV3lQVEt1N2tVRDlkUnoycHFObW5jcUhtQ3AwTy13eGJ2NlpiWFktUXpoYlZuMnRoVWoxX1FUM3R6ZmdXc245bXh2VXRwcnNVcV9aZks0N05Ob0xKaXFhc3ozMnQ0UDNHQXh1YXliZTVUZzZCalE1QzVubGhZ?oc=5,"<a href=""https://news.google.com/rss/articles/CBMi5gFBVV95cUxON3BSQ01ER3VNOG00R0hjNS1qU1lRMXZPdEd1QThxRmNDUEZfOHhaWkUxYXc1cEo1ZDFvN2g1MXRhUVgzQjhPdk82YXZCT1Fnbm9BRTJfTUF3N0VfejJJNld3bUd4UTIyR1RIVjZjWHgxbzhnWVotU3oyWE1wTDN3TVA0eEczS2ZHVm52NFlscEZoVHFOTEV5alRIM2R1RnotSzVfVFRjSlBVb0tKeXJ6UlRVSVZZcGFUcjdyQlJ2UDR6STY0QWdrN3pucFVoaVRURmktN2VSLXItRTFZMjZ6N2xqSlZpQdIB6wFBVV95cUxQaUJTLWlvRnU5NmVNU0h1dWstRXdRRGlwYmR1MDNWYl8tLU5PSHJ6TDVFbnV5S3RaRURIZUxmNGpYUGhCeFNucjZoVjdXTDU3MTJGWll6Tzh1VEpWaGtMdFBKdjVUc0"
560,31-yr-old arrested for raping 85-yr-old woman in Erode,Other GBV,2026-08-16,Erode,Erode,Tamil Nadu,11.341,77.7172,Arrest Made,1,DT Next,https://news.google.com/rss/articles/CBMilgFBVV95cUxQSnR6U05ZTFJsY1A0Q3kwQmdxRUtMMlhMM3NrYWUyYkJlNlpZU1Vfak1zZmZmMGpwNWNLaFlIOXBXalFYQzdzVEpEUnNlV0s2M0VYRk9FUFY0V052VmdlSkpTc3pGdU8yNWEwVkl1QzJybEtZVHdLWS01ZzJOejRfa2o0a2ZDVDVobl9uSVdndm5oZDBKZHfSAaMBQVVfeXFMTjZGWkpRRzY0RHhTSmFGdGJXNmtsNHE5TmVjV2lwei12VzhLX1Q3SEtlTnlLV1YxN3hxOEo0ZmMyQ2pXalhmdndnTzA4dmlESkM2UGpXOWpLTXRaaWlwNTdDYzhOall1UnVaTDYzN0ZLbzJqejM2WTRHNWJaM2lIQ0RoVHZuWXQxNlVyNWtuVk5nX2pqM3ZxYk5rYjdReXVQa3ZRYw?oc=5,"<a href=""https://news.google.com/rss/articles/CBMilgFBVV95cUxQSnR6U05ZTFJsY1A0Q3kwQmdxRUtMMlhMM3NrYWUyYkJlNlpZU1Vfak1zZmZmMGpwNWNLaFlIOXBXalFYQzdzVEpEUnNlV0s2M0VYRk9FUFY0V052VmdlSkpTc3pGdU8yNWEwVkl1QzJybEtZVHdLWS01ZzJOejRfa2o0a2ZDVDVobl9uSVdndm5oZDBKZHfSAaMBQVVfeXFMTjZGWkpRRzY0RHhTSmFGdGJXNmtsNHE5TmVjV2lwei12VzhLX1Q3SEtlTnlLV1YxN3hxOEo0ZmMyQ2pXalhmdndnTzA4dmlESkM2UGpXOWpLTXRaaWlwNTdDYzhOall1UnVaTDYzN0ZLbzJqejM2WTRHNWJaM2lIQ0RoVHZuWXQxNlVyNWtuVk5nX2pqM3ZxYk5rYjdReXVQa3ZRYw?oc=5"" target=""_blank"">3"
552,Mumbai court rejects plea of accused to reopen shop near rape survivor home,Sexual Assault,2026-08-16,Mumbai,Mumbai,Maharashtra,19.076,72.8777,Under Investigation,1,The Times of India,https://news.google.com/rss/articles/CBMi4wFBVV95cUxOUU81WVFXcnB1bmd1bm1tMDJBTkN4MTl3WVJ6bEh2eFM3UTIwTWRoT2NBcUVMOV9OMnVlaVhXVUVlbnd5c2YzTzk1bHBwYWlxenJJMW1MSEFQekpjaE9RZU1iQVJmczdPemRscU1Ldlo5T0l4Wlc3dzVBS1lJM0pObEV3ZjhEdHpEMnpDTlVWUVg5OWV3a3FxR3BCaTZSeDRKNHAtQllzQU42SXRsYUVabG8zQnVZN3UxTkRsWFc4ZGg1d1JKODZmYlNOYWtGUXlTZGJNWU5GUWUxcnZna0k1Y3UwWdIB6AFBVV95cUxOUHFpelJ1cmpTXzhNVDNGeDdiNGo4U0VzM05vOUZIM2xxZWgtUDQ2RVlBa0JCTlg1RkROTnZUekF4ajY1cmRNTHpTSXlzTDlmLTFkLWJFV0NQS2hzRXBiMnJ4bGlLUm5weWxmQjlJVmI5Qi1VbVFSdkxBdnRQbUhJeFVTMkl1R1RyQS0weHVodUJOMDlnUWlSako0VFd5TUVNX2hsMDA5Nm9WckNnRnVVd3dBaDRWcjVURkhCNDd0NTkzM2wyOGdHSVlYUnM1M3JuS0pYeUZiY0V1c3hySnVFUmhET1ZVV3JZ?oc=5,"<a href=""https://news.google.com/rss/articles/CBMi4wFBVV95cUxOUU81WVFXcnB1bmd1bm1tMDJBTkN4MTl3WVJ6bEh2eFM3UTIwTWRoT2NBcUVMOV9OMnVlaVhXVUVlbnd5c2YzTzk1bHBwYWlxenJJMW1MSEFQekpjaE9RZU1iQVJmczdPemRscU1Ldlo5T0l4Wlc3dzVBS1lJM0pObEV3ZjhEdHpEMnpDTlVWUVg5OWV3a3FxR3BCaTZSeDRKNHAtQllzQU42SXRsYUVabG8zQnVZN3UxTkRsWFc4ZGg1d1JKODZmYlNOYWtGUXlTZGJNWU5GUWUxcnZna0k1Y3UwWdIB6AFBVV95cUxOUHFpelJ1cmpTXzhNVDNGeDdiNGo4U0VzM05vOUZIM2xxZWgtUDQ2RVlBa0JCTlg1RkROTnZUekF4ajY1cmRNTHpTSXlzTDlmLTFkLWJFV0NQS2hzRXBiMnJ4bGlLUm5weW"
523,West Bengal: Hindu Mother and Daughter Harassed in Sodepur After the Victim Refuses Forced Religious Conversion and Marriage Following Alleged Rape,Sexual Assault,2026-08-16,West Bengal,West Bengal,West Bengal,22.9868,87.855,Under Investigation,1,hinduvoice.in,https://news.google.com/rss/articles/CBMi_gFBVV95cUxPTHBBclltUmZOWDlPbzNyRVNQemVxZHhLR1FSd3R0dTBIOUFXQnZqd1l5QWVkNVl3Rm9rRTFFZmplNmpuRF9Wbmszd0xrbFRQeTktQkxOclZLLUhVMEZyRWVocGlJYUQxQmZ2d0p5dG1faWpWWnpQVEZ2bGNuYi1hNGZhdmVtSWl0bnJUUF9HLTIwMlNGRk5qTTg4eGNrQmR4UVZ4eGQ2bUJvWVl0a05fZXZnU3RHQTF5bXFuZy0xbGlacVlTenMxM0dCa1RIbko3RTk1TUFiX1BMNUJGUVBqWnA2eHFOZ096RGZ2Q1FyTS1fbHlQcWZScElVbjJpZw?oc=5,"<a href=""https://news.google.com/rss/articles/CBMi_gFBVV95cUxPTHBBclltUmZOWDlPbzNyRVNQemVxZHhLR1FSd3R0dTBIOUFXQnZqd1l5QWVkNVl3Rm9rRTFFZmplNmpuRF9Wbmszd0xrbFRQeTktQkxOclZLLUhVMEZyRWVocGlJYUQxQmZ2d0p5dG1faWpWWnpQVEZ2bGNuYi1hNGZhdmVtSWl0bnJUUF9HLTIwMlNGRk5qTTg4eGNrQmR4UVZ4eGQ2bUJvWVl0a05fZXZnU3RHQTF5bXFuZy0xbGlacVlTenMxM0dCa1RIbko3RTk1TUFiX1BMNUJGUVBqWnA2eHFOZ096RGZ2Q1FyTS1fbHlQcWZScElVbjJpZw?oc=5"" target=""_blank"">West Bengal: Hindu Mother and Daughter Harassed in Sodepur After the Victim Refuses F"
418,"7 held in Karnataka over rape, abortion of woman with mental illness: Police | India News",Sexual Assault,2026-08-16,Karnataka,Karnataka,Karnataka,15.3173,75.7139,Arrest Made,5,"Hindustan Times, The New Indian Express, The Indian Express, The Indian Express, Law Trend",https://news.google.com/rss/articles/CBMi0wFBVV95cUxNeE9DWlBxWXFuNERlZ3pqYnhNYVI5eVA3ZkhqQkYxNGJsMVlFemlRVVhWQno3ZmpRakFmcllSRFdYQldmdTFLVl9FUU1ZbURwY2drenNtV20ycGdQR0VHS1o4WS1BdXptbi1JOHdHdy1nSGhtenVPY3I1WDcxUWttVlA3RmpacW1JUzNWWllpVW5ldEZSU1lraVhYMHg3WVRtVFhISm52TkVVM3g0M1o3ZG5naUFhSUhLYzlUbG1SYmJqZmlvNXoyN0Rha24xbm9zdE8w0gHYAUFVX3lxTFBLR1NjRHRBZllIWDBrc0pJazRRX1daNHNuTkRZempBYlBTRWQySnlwNU1LdzF4Yk1IbXh2WkhrNDBfN3ZBaFViaTM5QXQwLUpmdkUycmU0WFlvek1mdnpKUFhEd2Z6SV9zVGdVYXRQX0F6MWVjSWZqRThmRHNyek40S21lYjBWckFhRzVENDhqcl9LckQ0amFpUHMwd3VQVDRkLV9jN1piN3prelozY0ttdmRUVVFDWXp0MXBFNnpkczY5SDFrWW54ZnRiRHV0cDA4MlQwZlVPQg?oc=5,"<a href=""https://news.google.com/rss/articles/CBMi0wFBVV95cUxNeE9DWlBxWXFuNERlZ3pqYnhNYVI5eVA3ZkhqQkYxNGJsMVlFemlRVVhWQno3ZmpRakFmcllSRFdYQldmdTFLVl9FUU1ZbURwY2drenNtV20ycGdQR0VHS1o4WS1BdXptbi1JOHdHdy1nSGhtenVPY3I1WDcxUWttVlA3RmpacW1JUzNWWllpVW5ldEZSU1lraVhYMHg3WVRtVFhISm52TkVVM3g0M1o3ZG5naUFhSUhLYzlUbG1SYmJqZmlvNXoyN0Rha24xbm9zdE8w0gHYAUFVX3lxTFBLR1NjRHRBZllIWDBrc0pJazRRX1daNHNuTkRZempBYlBTRWQySnlwNU1LdzF4Yk1IbXh2WkhrNDBfN3ZBaFViaTM5QXQwLUpmdkUycmU0WFlvek1mdnpKUFhEd2Z6SV9zVGdVYXRQX0F6MWVjSWZqRT"
305,Three youth detained for gangraping 19-year-old woman in UP’s Lakhimpur Kheri,Other GBV,2026-08-16,Lakhimpur,Lakhimpur,Uttar Pradesh,27.9478,80.7788,Under Investigation,1,ThePrint,https://news.google.com/rss/articles/CBMisAFBVV95cUxNYjVOSnZKQ3JoMnBVb2tJc2tjc3pDQ2JmRnFNc1lKTFpyV20wWGlUNkpubHE1LXJwNjVndlpSR0JTVmFRV0pKTXdFMUFZekZJOW5mVnlIRlpNTFVfT1hRYWptRHpXN0hEVDM4MjJmczQyZmxfNG9tdTlPRDJGdFJPLVk5MnFZc1NpeDlnZ29LcHVOUE1YRkJBQldkWVNPWWFzdENyamNzNWljM0pkcy1XMtIBtgFBVV95cUxQWVRISlZTQk9wTW5ZY1ZLcTg3NU84Z0s4M001ZkJwc2VLZXNsSnRXVDdwanpETDVlMHJDRzY3cnlOWGFyampoNDFSQ2FDd3BoUXlJWDliWmYwdW1UN2w3Y1RUU3Q4X3V0bEp6bExGNmpqdEFGODhkQlVWVE1ieHFVQndwR0N5SkY3SGRXbzhHTlBQcnBzM1JRTG9DWXZMT0NBWGNjUy1Gc3hrek93NXpMQVgyaEk3dw?oc=5,"<a href=""https://news.google.com/rss/articles/CBMisAFBVV95cUxNYjVOSnZKQ3JoMnBVb2tJc2tjc3pDQ2JmRnFNc1lKTFpyV20wWGlUNkpubHE1LXJwNjVndlpSR0JTVmFRV0pKTXdFMUFZekZJOW5mVnlIRlpNTFVfT1hRYWptRHpXN0hEVDM4MjJmczQyZmxfNG9tdTlPRDJGdFJPLVk5MnFZc1NpeDlnZ29LcHVOUE1YRkJBQldkWVNPWWFzdENyamNzNWljM0pkcy1XMtIBtgFBVV95cUxQWVRISlZTQk9wTW5ZY1ZLcTg3NU84Z0s4M001ZkJwc2VLZXNsSnRXVDdwanpETDVlMHJDRzY3cnlOWGFyampoNDFSQ2FDd3BoUXlJWDliWmYwdW1UN2w3Y1RUU3Q4X3V0bEp6bExGNmpqdEFGODhkQlVWVE1ieHFVQndwR0N5SkY3SGRXbzhHTlBQcnBzM1JRTG9DWX"
548,Rajasthan horror: 12-year-old alleges rape at rehab centre; father dies in suspicious road accident,Sexual Assault,2026-08-15,Rajasthan,Rajasthan,Rajasthan,27.0238,74.2179,Under Investigation,1,The Times of India,https://news.google.com/rss/articles/CBMigAJBVV95cUxPS05PTG92TlJuWkpncnJrZzV3WDZCQTZyMFdQbDhrYldVWjhoNWc4a0VVaEVDLUhwZW1wTnA1X0s1WWFJb1pwQ0VYLWxoZHBELUtSaG1hemliMThwRUhsM1ZLdnBadHFXZFNYWUp1YjlPU21rbHlHNTdsdDlPVFM0ZllpcVZwR2szbHlidHR0M0ZWS3ZRajVpc1JiZk1SdzFpQWNXSGVINFR3ZW9YdHcxRmpjTTRBV3VQVW9NU3dSSVlza2FOX3JTLWVuaW5BaEdCMFRzYjZDQUpYTkNuWmphY2tzcVhBWXMxaFlidVY2aTZkbnRiZG5jZTFjOVl3SmI50gGGAkFVX3lxTE91WmVWS0RidEp1RkRQd1BScEdWaXlseUNhclItc2phTWxoN2w1OTAyck9kV1dMdndUNXBVdE43b0hRN2ZGc1lqaGNQWmwtMF93QTFGaV9HRml4OGFQMm1OV3VWOTR4NTRKTXdWLWtqd0hXbXRDMEg5RnNiM3BrNWhjMDk2dENSMHlpdG8zbzZEQXpLNGxBeGE4X1lmWjk4VnFMRU1GTGdBemVsdFJvcFpRdWR5d1RhTkl3WEpMX3B2QU1BU1ZFdmVIYk9rNHQyTTVhZWlpeTN4TmlDN0FSX0xyRkpiSTd0ZGo5ZThnOWs2cWJ3Z1lnQmJKSG5UQVB6YjAwSzhBUXc?oc=5,"<a href=""https://news.google.com/rss/articles/CBMigAJBVV95cUxPS05PTG92TlJuWkpncnJrZzV3WDZCQTZyMFdQbDhrYldVWjhoNWc4a0VVaEVDLUhwZW1wTnA1X0s1WWFJb1pwQ0VYLWxoZHBELUtSaG1hemliMThwRUhsM1ZLdnBadHFXZFNYWUp1YjlPU21rbHlHNTdsdDlPVFM0ZllpcVZwR2szbHlidHR0M0ZWS3ZRajVpc1JiZk1SdzFpQWNXSGVINFR3ZW9YdHcxRmpjTTRBV3VQVW9NU3dSSVlza2FOX3JTLWVuaW5BaEdCMFRzYjZDQUpYTkNuWmphY2tzcVhBWXMxaFlidVY2aTZkbnRiZG5jZTFjOVl3SmI50gGGAkFVX3lxTE91WmVWS0RidEp1RkRQd1BScEdWaXlseUNhclItc2phTWxoN2w1OTAyck9kV1dMdndUNXBVdE43b0hRN2ZGc1lqaGNQWm"
543,16-year-old boy held in sexual assault of nine-year-old in TN,Sexual Assault,2026-08-15,Tamil Nadu,Tamil Nadu,Tamil Nadu,11.1271,78.6569,Arrest Made,1,The New Indian Express,https://news.google.com/rss/articles/CBMiwgFBVV95cUxQU1VRUEtHX1ZRR05felpJUDlSa3Q5N0gwT0s4Qm1qRm1JcTRVWGtkSTUwVXVHLVZKdXNRMWUzVThaNVlrazFSUS1XQTFzOGdtUlhPUDE0RDN3b3A3ZVZ2RXVNVG83QTAyZHF3VlE2aWFhTFMtMlRsRElPbk9JWkJ3TkdBN3NGTU5zQ09BMkNjSVMtSlZLQkg3SzBhNWNGelpKWWhVYkxKZnR1NldWUlM4MmpubHAtaWttLUphY0lLUDYxd9IBzwFBVV95cUxPd1JpVm1FVnJmUGx5SWpWRmt0ZmpXdWZTTWhNSnRkSVF3V0VxRXFvQV9MYmlTU0dTV2RKYlBfRm5Jem00OU9pczAzbzJZRUVYV2tkVDA2Y2d0azRPcUVVdVM3MFZmLWRNbHBHaENoTW5YYlZsWWdJckJYQXV5TTduMERnMWRMZmdZM0cwUzJCd205UkRmX3EzWmJId2NoeDVWcjBlS21qel9MX2tnUmI2OWsxTXFYc3BYS2JLTEhQSWlJWUdvUTdMNmpFcnEtWGc?oc=5,"<a href=""https://news.google.com/rss/articles/CBMiwgFBVV95cUxQU1VRUEtHX1ZRR05felpJUDlSa3Q5N0gwT0s4Qm1qRm1JcTRVWGtkSTUwVXVHLVZKdXNRMWUzVThaNVlrazFSUS1XQTFzOGdtUlhPUDE0RDN3b3A3ZVZ2RXVNVG83QTAyZHF3VlE2aWFhTFMtMlRsRElPbk9JWkJ3TkdBN3NGTU5zQ09BMkNjSVMtSlZLQkg3SzBhNWNGelpKWWhVYkxKZnR1NldWUlM4MmpubHAtaWttLUphY0lLUDYxd9IBzwFBVV95cUxPd1JpVm1FVnJmUGx5SWpWRmt0ZmpXdWZTTWhNSnRkSVF3V0VxRXFvQV9MYmlTU0dTV2RKYlBfRm5Jem00OU9pczAzbzJZRUVYV2tkVDA2Y2d0azRPcUVVdVM3MFZmLWRNbHBHaENoTW5YYlZsWWdJckJYQXV5TTduMERnMWRMZmdZM0"
496,RG Kar rape and murder case: Mob attacks former TMC MLA Nirmal Ghosh in presence of police,Sexual Assault,2026-08-15,,,,,,Under Investigation,1,Telegraph India,https://news.google.com/rss/articles/CBMi9gFBVV95cUxNcUsydHNsMV9zb1ZXck9ibHIwX3RiMDZ2MnhyWTBmLXY2SG0yVWRRV0I3STg0ZlN5ajRmTlRDUDVXcTVJMVZMZmotVUlNenhsa0NiMjYzcWRHQUVCNmVuV3R4c214RC1sVGJoQWlUb0k0TXE2NVZ4UV9tNUtOWmJuWjh5RXhDYzVyZ2hsMDNGMF9QYTV2aTBzck5HOTc1bnBFUGV1TlQ3RFV6SVJZUDJVQjdNN1VYX3Ixd3dacGJLLUtBTFFUVV84UkpsTEF4a05NUFZZZWNJek1QTXduYURpSDFKb3dsR1I2bXp0dXJaRnEwXzQ2LXfSAfsBQVVfeXFMUEoyTTFSNVRBRDN6WUQtSWEwY0dZazloUHlpMlVxZ2NPUzNhX2JHSEhaOU1oYW5OQlVXZkZ5UGctLWRmRUNPLTRvZWlzTFAwRmdDTWpicUs3N0NibVY0QzJTR2pfbGF2dDhkQ2txRzU3c2hVb3Jnd1hXVXFoeUNNN2dKM180LU1sVDlPM2hYWXQ5NlZZNWpuc21NVDNCbmtwaDQ3N1lyMnkxSmstU09CY0w5Z0RFNENBNjdwTGFoamRISk1KcTZoX1o5eTNleFpydUdOYmRzOUpnSVdOUjNPSk85dXBJUUZDZ2I3OTZHbEc3alZ1VTNlRXNzTkU?oc=5,"<a href=""https://news.google.com/rss/articles/CBMi9gFBVV95cUxNcUsydHNsMV9zb1ZXck9ibHIwX3RiMDZ2MnhyWTBmLXY2SG0yVWRRV0I3STg0ZlN5ajRmTlRDUDVXcTVJMVZMZmotVUlNenhsa0NiMjYzcWRHQUVCNmVuV3R4c214RC1sVGJoQWlUb0k0TXE2NVZ4UV9tNUtOWmJuWjh5RXhDYzVyZ2hsMDNGMF9QYTV2aTBzck5HOTc1bnBFUGV1TlQ3RFV6SVJZUDJVQjdNN1VYX3Ixd3dacGJLLUtBTFFUVV84UkpsTEF4a05NUFZZZWNJek1QTXduYURpSDFKb3dsR1I2bXp0dXJaRnEwXzQ2LXfSAfsBQVVfeXFMUEoyTTFSNVRBRDN6WUQtSWEwY0dZazloUHlpMlVxZ2NPUzNhX2JHSEhaOU1oYW5OQlVXZkZ5UGctLWRmRUNPLTRvZWlzTFAwRmdDTWpicU"
477,Former Trinamool MLA Nirmal Ghosh mobbed outside police station,Other GBV,2026-08-15,,,,,,Under Investigation,1,The Hindu,https://news.google.com/rss/articles/CBMizwFBVV95cUxNLW9xUGVnd0VMNG9qbmZWcG5ueUNzdGlWU1VKN3hqQy02d2FkVlJOTG9oajdSMUo1bkhvd3RiN2pUUUxvYzZ4TTNiX2ZMSHJ5TTNGT25jOWRZaWxuekJmYk9KVkhJUFE1dGJiSnd3dUhxWS16YjdlYk8zMl92VUc5NkZXaTlFWldCVzFpUUhqUVllRHYtTFdKZS1FWExUUDNmT2pidXVWYW93MkxQWjh5VG5Fb2NfS0RhNGt2QmZPN0hxR2ljc0Q2bmhndGYtU1HSAdYBQVVfeXFMTlVEUEl2OGRYM2laQ19UTEY2UURBeDZ2dW9vOUJmczNITzJfOUNnTGphaXBJQV92SkRvbVB1YUtyTkNuMnR6Y0VzdTJkUXp2NnZ3eW1MdHFmd2JCUnA1Q056cGczTHU0RjAwOFd3MWpEaDRJQ2o2NUpJNmFiaXlIbXFOSU5RamZaTmxKRnptaUhHSUZsTzVuQWtoSEVLOGVzd0lMY3JIRnFKRk5OYnpGbEtOSkZLbDUzd29tbVpNMW1wTXVJcjBBam4zdEUxaFF3NUpIZjZkQQ?oc=5,"<a href=""https://news.google.com/rss/articles/CBMizwFBVV95cUxNLW9xUGVnd0VMNG9qbmZWcG5ueUNzdGlWU1VKN3hqQy02d2FkVlJOTG9oajdSMUo1bkhvd3RiN2pUUUxvYzZ4TTNiX2ZMSHJ5TTNGT25jOWRZaWxuekJmYk9KVkhJUFE1dGJiSnd3dUhxWS16YjdlYk8zMl92VUc5NkZXaTlFWldCVzFpUUhqUVllRHYtTFdKZS1FWExUUDNmT2pidXVWYW93MkxQWjh5VG5Fb2NfS0RhNGt2QmZPN0hxR2ljc0Q2bmhndGYtU1HSAdYBQVVfeXFMTlVEUEl2OGRYM2laQ19UTEY2UURBeDZ2dW9vOUJmczNITzJfOUNnTGphaXBJQV92SkRvbVB1YUtyTkNuMnR6Y0VzdTJkUXp2NnZ3eW1MdHFmd2JCUnA1Q056cGczTHU0RjAwOFd3MWpEaDRJQ2o2NUpJNmFiaX"
453,K’taka: Seven held in Gadag rape and illegal abortion case,Sexual Assault,2026-08-15,,,,,,Arrest Made,1,thehawk.in,https://news.google.com/rss/articles/CBMilAFBVV95cUxPeE15cG9rMnp4UXB5UzFQaEFQT1BuSmc1bVhfU2pkbG1RaHdicFJTaDJrQ3NpNTY2LVMxVG10Nnl2RDl2VTNqU2tpR0w2ZW9SNDFtWnl4WGp4LTJvRko2S0F2X3Q1ZURFRnBaRWJENWZ5ajBZRTNKeUtWcHVyWFlPZlBKM0RfY1VsTTFYdmw2ZVZIMXNZ?oc=5,"<a href=""https://news.google.com/rss/articles/CBMilAFBVV95cUxPeE15cG9rMnp4UXB5UzFQaEFQT1BuSmc1bVhfU2pkbG1RaHdicFJTaDJrQ3NpNTY2LVMxVG10Nnl2RDl2VTNqU2tpR0w2ZW9SNDFtWnl4WGp4LTJvRko2S0F2X3Q1ZURFRnBaRWJENWZ5ajBZRTNKeUtWcHVyWFlPZlBKM0RfY1VsTTFYdmw2ZVZIMXNZ?oc=5"" target=""_blank"">K’taka: Seven held in Gadag rape and illegal abortion case</a>&nbsp;&nbsp;<font color=""#6f6f6f"">thehawk.in</font>"
334,UP HORROR! ‘Do to her what you did to me’: Woman told lover to rape her minor daughter after she walked in on them; what exactly happened?,Sexual Assault,2026-08-15,Uttar Pradesh,Uttar Pradesh,Uttar Pradesh,26.8467,80.9462,Under Investigation,1,news24online.com,https://news.google.com/rss/articles/CBMilgJBVV95cUxPaUNVcmxVU0Z2YjB3WGRvc1oxMk1FcjM0MzNjV3djOGdtRWNCNGJ0a09pd2hnNE9jOGNBVDkxTENvZldVMEljSW1pUnNNQlhTck0yMXduVURRWEFlWXo5UGM5SlVBbkpLZWxXMEd2OVdORFpHOTZSQW95Q3kxaFJfVGFpLWdVUGUyT25yQVNONWZWZlhrbEd3TDlKZXhycmRhWEdNTjVKQTdtQnhFMHFNUjRJS1luT2NpOS14SHZJTUlPc25ha25yNEs1dDE0VEFFYUJhbU9DNnB3T1BySXNYWDBYZ2k0NElaYW1RdDF0SlFGUDByMlIwUWFjTWkxaklaVkNOb3F4RlU3ZXVUeV9MMlk5OUczZ9IBmgJBVV95cUxNeEx0ZGtHQXVWWmgtOXVpa3IzTHVFSXY4OWhYV3FmUk9QZTRxWUl5OFQtSjAyR29XVTdiLWpVYjhGVW9INzdnQzlIN0R4YmhMSHROeVRpZncwd2YzYXE4R0NpbzIzVTZJakQxNWNDN0dKanprYUhoUzc0UkU2Qjd1WElfRDNUVnMtRkhJcWpwdG81dnpoTXk3Q2NVYjU1My1zdnZBTXBQaUV1YlZBaTNBNEp6TERwWTVoTXJWNU5VdElUTXM4OXpaV1I4VURRbnpweGg4ZFdUU21xREw1ai1VT055QTdWME0xSUIzcm1sZjhWb2xvbGpqSW1UNUo2TU80X0FoSVMzaGJVWE1XYVlxanl2QjZ0b3pMSnc?oc=5,"<a href=""https://news.google.com/rss/articles/CBMilgJBVV95cUxPaUNVcmxVU0Z2YjB3WGRvc1oxMk1FcjM0MzNjV3djOGdtRWNCNGJ0a09pd2hnNE9jOGNBVDkxTENvZldVMEljSW1pUnNNQlhTck0yMXduVURRWEFlWXo5UGM5SlVBbkpLZWxXMEd2OVdORFpHOTZSQW95Q3kxaFJfVGFpLWdVUGUyT25yQVNONWZWZlhrbEd3TDlKZXhycmRhWEdNTjVKQTdtQnhFMHFNUjRJS1luT2NpOS14SHZJTUlPc25ha25yNEs1dDE0VEFFYUJhbU9DNnB3T1BySXNYWDBYZ2k0NElaYW1RdDF0SlFGUDByMlIwUWFjTWkxaklaVkNOb3F4RlU3ZXVUeV9MMlk5OUczZ9IBmgJBVV95cUxNeEx0ZGtHQXVWWmgtOXVpa3IzTHVFSXY4OWhYV3FmUk9QZTRxWUl5OFQtSjAyR2"
591,Kerala: 80-year-old stabbed by man upset over son representing his wife in domestic violence case,Domestic Violence,2026-08-14,Kerala,Kerala,Kerala,10.8505,76.2711,Under Investigation,1,ThePrint,https://news.google.com/rss/articles/CBMiywFBVV95cUxQRDNiMHhxZ1Y1Q2p0OWVpT25hWTYwb3ZHMkxUdHp2SDVoZ2MzTzRpVFpySXRWbXhsbFprakpHaTBrdlgyS21CMUE4bTRoU1dGOTQ2Z002M0hBVENFcjhfMDNUdEJ5dlBDS0EyekpacEJKU2g0Y2dVbVQxZDA0RWtXMHE1LUd1QkxfLWh5eGZoWUxiS3dXdUlsUUJRWENxVTljZEkzbDU3ZV9lTFNOQlhBYmFQOEdkZm9zc0pMeTQzcjVNdTRhd1hZSFZCZ9IB0AFBVV95cUxQWnY4TU9JN05tbjhndWpVX3RwaWlyM0djY052UlN6V0xtMllOV245UmhTTktYU3ZGSzN3Rlp1WmQzTXlRTjE0RHFBcjNIaDBRY0lZUUxaNDBoY3JqX2xVQW1fUkdNT1c3dGJvRGVxZUJhRmR4T1k5dFkxbE5MLTc4M1hLcWlka0kyV21Dc1FubnJvbzNIVDByX3RMUHR0UjVMQkk0YjBCYmlQYWhRclBmaF92SkRraGw4VXVCS2h2VElCTUxaWVd0SG8xa1UtOXJi?oc=5,"<a href=""https://news.google.com/rss/articles/CBMiywFBVV95cUxQRDNiMHhxZ1Y1Q2p0OWVpT25hWTYwb3ZHMkxUdHp2SDVoZ2MzTzRpVFpySXRWbXhsbFprakpHaTBrdlgyS21CMUE4bTRoU1dGOTQ2Z002M0hBVENFcjhfMDNUdEJ5dlBDS0EyekpacEJKU2g0Y2dVbVQxZDA0RWtXMHE1LUd1QkxfLWh5eGZoWUxiS3dXdUlsUUJRWENxVTljZEkzbDU3ZV9lTFNOQlhBYmFQOEdkZm9zc0pMeTQzcjVNdTRhd1hZSFZCZ9IB0AFBVV95cUxQWnY4TU9JN05tbjhndWpVX3RwaWlyM0djY052UlN6V0xtMllOV245UmhTTktYU3ZGSzN3Rlp1WmQzTXlRTjE0RHFBcjNIaDBRY0lZUUxaNDBoY3JqX2xVQW1fUkdNT1c3dGJvRGVxZUJhRmR4T1k5dFkxbE5MLTc4M1"
577,Public thrash man for sexually assaulting a girl,Other GBV,2026-08-14,,,,,,Under Investigation,1,The Hindu,https://news.google.com/rss/articles/CBMivAFBVV95cUxQS3NXOVR4SXFmek5hNXB3dDJScWNNNGMwcXUxYXhiR09MalRrVmYyUHBqUTY3ZlBsLXpVZVlBaDc0YTNhTE1GUlpucWxvR2xFVHRhaWZvUk5QNzA0NmtYSXp4cGlQbWVESS16STRUano4MllEd09Ib0FuS0dXT2xIYUNpaDlwMTBweExwTjlXcllFOF9xOGl4WTAtVTlOaHQ0ejVjdFZDOV8ydko0SFhoeDROQlpqa1JMLWlsMdIBwwFBVV95cUxObF83R1YzSlhMN01Wand5b3c1SjN4TnVuTlBLZUpneUNqV1FvdGZBN1NZQUpjbGt1ZjQ3M0dkMDJhNS1XNVdzUXlESFB1cXhlUHBUTDhvQXNyRXhrYlM3Wkl0a0tzQm8wUW1QcS1rNFNZcVhsU0RTM0RjYlB4WmJoNjNLUzVKZGNaNG1JN1N1a3JUVHVreTBNOGFzRGQ4UkdmMl9ZVnRQWFdrZ2hjdEVheW5LaWNkSnlhcGhhX1U3OWJCeFk?oc=5,"<a href=""https://news.google.com/rss/articles/CBMivAFBVV95cUxQS3NXOVR4SXFmek5hNXB3dDJScWNNNGMwcXUxYXhiR09MalRrVmYyUHBqUTY3ZlBsLXpVZVlBaDc0YTNhTE1GUlpucWxvR2xFVHRhaWZvUk5QNzA0NmtYSXp4cGlQbWVESS16STRUano4MllEd09Ib0FuS0dXT2xIYUNpaDlwMTBweExwTjlXcllFOF9xOGl4WTAtVTlOaHQ0ejVjdFZDOV8ydko0SFhoeDROQlpqa1JMLWlsMdIBwwFBVV95cUxObF83R1YzSlhMN01Wand5b3c1SjN4TnVuTlBLZUpneUNqV1FvdGZBN1NZQUpjbGt1ZjQ3M0dkMDJhNS1XNVdzUXlESFB1cXhlUHBUTDhvQXNyRXhrYlM3Wkl0a0tzQm8wUW1QcS1rNFNZcVhsU0RTM0RjYlB4WmJoNjNLUzVKZGNaNG1JN1N1a3"
561,Dindoshi Court Grants Anticipatory Bail to API Devendra Kate in Sexual Assault Case,Sexual Assault,2026-08-14,,,,,,Under Investigation,1,The Times of India,https://news.google.com/rss/articles/CBMi7gFBVV95cUxPQ2RhOXdCVzJvb3JqZ3pKdlU3ZGQ0RHk5QWtsakNjeVhJZHE2QV9fSkYyR1JGTS1ZYWEzTXp3MVJLSXhSNUVOZnFXd1BwdWtHSlhpVG9BbXlwbkVZd0ZhWkZHTW9SSENya24wVFJvdTI4QVR1dlQwYnRBX05VdmJHc0hWNXhUMU51NGRLRUl3TkZ3aV84OGpKTXVlNVVVclI4OWFrdm9ld2xVQ1FkcEhzQTB1TDZHRU1vMGxtWFZvMVN0TnRhVlNfZkhIWWw3MUY1bEtNTDVvdjdMWThONXRCLXdfUGtJMElDcU5hODlB0gHzAUFVX3lxTFBwbmRfNlBJczhLSTBXZms2MVh2UUlMUDdEMk1uaS1hV1NQOXE2U2ltMDhKSVMzUDRxMmpyeWNiM1pkQnJoWTNfX2NqUlF5RWFNRWN3WUJtZ0N6TWdGMHc2SWhxLVhJUU1UR1Z6eXBWYjRfeEpJdUl0Yi1MUHhtbm9fdHhna2VrQXhGYVFjdWp2QkY0eTZyVnBrbnczTl8zenE0bnNJRW5WTXdLTXhCT3BNRExzWE5JcVg4UmVEVjlHc0ctWF9pVzZqaHFSZ1J0NTZWV2pEMWpDcDJXYXRZTE1WMmxhWmZJOEN3WURrMllVOGprZw?oc=5,"<a href=""https://news.google.com/rss/articles/CBMi7gFBVV95cUxPQ2RhOXdCVzJvb3JqZ3pKdlU3ZGQ0RHk5QWtsakNjeVhJZHE2QV9fSkYyR1JGTS1ZYWEzTXp3MVJLSXhSNUVOZnFXd1BwdWtHSlhpVG9BbXlwbkVZd0ZhWkZHTW9SSENya24wVFJvdTI4QVR1dlQwYnRBX05VdmJHc0hWNXhUMU51NGRLRUl3TkZ3aV84OGpKTXVlNVVVclI4OWFrdm9ld2xVQ1FkcEhzQTB1TDZHRU1vMGxtWFZvMVN0TnRhVlNfZkhIWWw3MUY1bEtNTDVvdjdMWThONXRCLXdfUGtJMElDcU5hODlB0gHzAUFVX3lxTFBwbmRfNlBJczhLSTBXZms2MVh2UUlMUDdEMk1uaS1hV1NQOXE2U2ltMDhKSVMzUDRxMmpyeWNiM1pkQnJoWTNfX2NqUlF5RWFNRWN3WUJtZ0N6TWdGMH"
521,RG Kar case: Neighbour held over ‘hurried cremation’ of victim,Other GBV,2026-08-14,,,,,,Arrest Made,1,The Siasat Daily,https://news.google.com/rss/articles/CBMilgFBVV95cUxQR3dOZlgyVDV0SGVjQUtNNzF6LTdkU0h5RERkWm5uVEszM2pLZFFXcU5wTjZmekNnTVpoZ2dZSHItS0VqNjRkU3REdEx1QW1OaVdFWTVwOG5fU3huSk9YQURaX0h1c2Q2bzhsVGtzY1JtX2oxcjM2N1pmTzlmVHVHcUxvN0hIdmpaOFZYOU56OXdJbGRGdnfSAZsBQVVfeXFMTVROSkhQOExFSTZsQU1rTU5iUVh3VkNTYVdwZmFTSVNzTlpIVllzZUVYbmtVQjNZUmRZSVVuVEprT2N1MEdCak9xOFRfQ1lONTFqd21TRTlPMWVSQkNwTFNSUGM0UXdCa3FUUGJZb1IwNGtZM3JBc2ZJbzI5ZXdaLW1acVpqdjNIZUpweFJKNTdiRlZyOWxfUlNYeWM?oc=5,"<a href=""https://news.google.com/rss/articles/CBMilgFBVV95cUxQR3dOZlgyVDV0SGVjQUtNNzF6LTdkU0h5RERkWm5uVEszM2pLZFFXcU5wTjZmekNnTVpoZ2dZSHItS0VqNjRkU3REdEx1QW1OaVdFWTVwOG5fU3huSk9YQURaX0h1c2Q2bzhsVGtzY1JtX2oxcjM2N1pmTzlmVHVHcUxvN0hIdmpaOFZYOU56OXdJbGRGdnfSAZsBQVVfeXFMTVROSkhQOExFSTZsQU1rTU5iUVh3VkNTYVdwZmFTSVNzTlpIVllzZUVYbmtVQjNZUmRZSVVuVEprT2N1MEdCak9xOFRfQ1lONTFqd21TRTlPMWVSQkNwTFNSUGM0UXdCa3FUUGJZb1IwNGtZM3JBc2ZJbzI5ZXdaLW1acVpqdjNIZUpweFJKNTdiRlZyOWxfUlNYeWM?oc=5"" target=""_blank"">RG Kar case:"
519,"RG Kar case: Former TMC MLA Nirmal Ghosh, ex- councillor attacked during court appearance",Other GBV,2026-08-14,,,,,,Under Investigation,1,The New Indian Express,https://news.google.com/rss/articles/CBMi6AFBVV95cUxNX3VlMDBkQjR1a01icWZiS0J2bzBuNmo1WHhFaEVIY0VibWdqTkpXLXZoekFHYmhqTEpRTWZFYlVld0dBdEhQZ1F3cjBzelZYcWhHbzNLRzNwaUVBTzdEX1luMWd0SnpZLWMtbm1oRUN6a1IyRXlUQzhsSEp5WDN5d2lKUDZsRzhsTHJlU2ZDN25qWVIzVWh4WmhFRGVOcXoycTlVRFRqTmJBdFJYVlJPRTN0dTI4RldseGVEX2VUOXdSZ25feW9INFN2aHpGR2RMUE1wM3lrb1NFLVNRd2swQXhtcVlrRWIy0gH2AUFVX3lxTE4zWUNER0x6Q1p3Wi1zdjVCR0VYaHBzZlNzNTQ3NkFwQUpYMDNmQWRrYzZERFNmZDZBLW1zTmRBU25KcFRBT01uRzJ4S25ObEFaUGJXeHVQVTB6R0t4VHRTdUNydWdYNzdDWlRDbWNYcW8wcl9TY3htTHJ4clhIQ1NMaWdvVzV2emVJTmlGZnJKMFJMZ1J3VXoyM25FNHdSS3lIOXZQOUctdkZDLXl6YmpKUEdHWl8yclBtcnhvQVpwazQtaDNRVjVPSjgwTmJZVGdtWC1Tbzk1a201VFRsLVlHR3FWN0RCTU5wSXlrdlRXY3ZFUGNYZw?oc=5,"<a href=""https://news.google.com/rss/articles/CBMi6AFBVV95cUxNX3VlMDBkQjR1a01icWZiS0J2bzBuNmo1WHhFaEVIY0VibWdqTkpXLXZoekFHYmhqTEpRTWZFYlVld0dBdEhQZ1F3cjBzelZYcWhHbzNLRzNwaUVBTzdEX1luMWd0SnpZLWMtbm1oRUN6a1IyRXlUQzhsSEp5WDN5d2lKUDZsRzhsTHJlU2ZDN25qWVIzVWh4WmhFRGVOcXoycTlVRFRqTmJBdFJYVlJPRTN0dTI4RldseGVEX2VUOXdSZ25feW9INFN2aHpGR2RMUE1wM3lrb1NFLVNRd2swQXhtcVlrRWIy0gH2AUFVX3lxTE4zWUNER0x6Q1p3Wi1zdjVCR0VYaHBzZlNzNTQ3NkFwQUpYMDNmQWRrYzZERFNmZDZBLW1zTmRBU25KcFRBT01uRzJ4S25ObEFaUGJXeHVQVTB6R0t4VHRTdUNydW"
516,"""Opposition doesn't want discussion"": Sukanta Majumdar accuses Opposition of avoiding discussion in Parliament",Other GBV,2026-08-14,,,,,,Under Investigation,1,ANI News,https://news.google.com/rss/articles/CBMi-gFBVV95cUxNRmY2d0FjR2tDMFFsQkJBcWNvdVZxVmR3cFFQNWZ4ZXpBbndEN1ZnRDRPMDVtSkNiTng2QjdLZzF3aEh3QzNhajdBRGxUT2NaRXFiSmhpTy1XaUI0M1FCZmdQR0YxVlBiOXkxQTNPdm1WQ1BhSU54U0ZBX0dRcDBoWUxzWkhSRjNDaGg3aTV4eGZuNEhwUlg4Vm9pZEhwTHcycVdKWi1mZDM5ODA3OVU0amp2dUZjQW96cWJMOGRYZW5ubDl3LUdiSWduN2taUnlhaVM5RVNZNzFuNEx2RE5fVnVMb0xMOURpSngwTDZhbW9DSWFwVDdWSVVn?oc=5,"<a href=""https://news.google.com/rss/articles/CBMi-gFBVV95cUxNRmY2d0FjR2tDMFFsQkJBcWNvdVZxVmR3cFFQNWZ4ZXpBbndEN1ZnRDRPMDVtSkNiTng2QjdLZzF3aEh3QzNhajdBRGxUT2NaRXFiSmhpTy1XaUI0M1FCZmdQR0YxVlBiOXkxQTNPdm1WQ1BhSU54U0ZBX0dRcDBoWUxzWkhSRjNDaGg3aTV4eGZuNEhwUlg4Vm9pZEhwTHcycVdKWi1mZDM5ODA3OVU0amp2dUZjQW96cWJMOGRYZW5ubDl3LUdiSWduN2taUnlhaVM5RVNZNzFuNEx2RE5fVnVMb0xMOURpSngwTDZhbW9DSWFwVDdWSVVn?oc=5"" target=""_blank"">""Opposition doesn't want discussion"": Sukanta Majumdar accuses Opposition of avoiding discu"
512,RG Kar case: Eggs hurled at ex-TMC MLA Nirmal Ghosh outside Bengal police station,Other GBV,2026-08-14,,,,,,Under Investigation,1,The Indian Express,https://news.google.com/rss/articles/CBMi1gFBVV95cUxQc08xcjQ1bEZGbjQtM1RCaGg0Y3hBZ2RsTjJFWUlSVG9XM2F4djBoQ21OVEoza25Mc0pJNHpUaTlZRnhjV0NwejlwdHA0SGgtVmkzQTl3dlhqYWZCRUhBY1U0NUYzeHlKNDJWQW5LVnJ0bkNLSjRMV1AxNHJXdWJSbGxDbS1SYkZCSl8zSG9BZXBsNlRKb0h5Y1N2Y1p6emVSSEhSWGRPZlBzZDdmaFZEdWpUeUtGMFdZbWZrY3UwdmpOV3lQSnZ5SVNaeEQwSnhmaGNNY3dB0gHcAUFVX3lxTFBjd0dlblJkNTc4THJqYnByLUFVVHk1djVScVVvOW9SZzFZTXhHaGlSZnRabVlpenFNaDRObkFWYjFJdVpHQ3NpS19ib3FGTFJBdnFESUItVG56emZKSGxYeXJ4b2QtQWNhRnJ3ZkFiNFBvbGZxYmxodU5CaXVTa0V0Tk4xcDdzYmVXbkR0YktHVXZVZ3d3LTczRHIyWTZJeXRoNWoycUp1MHVWTXFMUWUxU2djMFZRMUVIaUlSYWVBdU5oSjh0bUV2bmxGS1RNZjE5dGp2RW43YnFfVEs?oc=5,"<a href=""https://news.google.com/rss/articles/CBMi1gFBVV95cUxQc08xcjQ1bEZGbjQtM1RCaGg0Y3hBZ2RsTjJFWUlSVG9XM2F4djBoQ21OVEoza25Mc0pJNHpUaTlZRnhjV0NwejlwdHA0SGgtVmkzQTl3dlhqYWZCRUhBY1U0NUYzeHlKNDJWQW5LVnJ0bkNLSjRMV1AxNHJXdWJSbGxDbS1SYkZCSl8zSG9BZXBsNlRKb0h5Y1N2Y1p6emVSSEhSWGRPZlBzZDdmaFZEdWpUeUtGMFdZbWZrY3UwdmpOV3lQSnZ5SVNaeEQwSnhmaGNNY3dB0gHcAUFVX3lxTFBjd0dlblJkNTc4THJqYnByLUFVVHk1djVScVVvOW9SZzFZTXhHaGlSZnRabVlpenFNaDRObkFWYjFJdVpHQ3NpS19ib3FGTFJBdnFESUItVG56emZKSGxYeXJ4b2QtQWNhRnJ3ZkFiNFBvbGZxYm"
505,"RG Kar case: 'Chor, chor' chants as mob attacks TMC ex-MLA Nirmal Ghosh",Other GBV,2026-08-14,,,,,,Under Investigation,1,Rediff,https://news.google.com/rss/articles/CBMitgFBVV95cUxOb1laVW5BSVBTU3NNLUhxcUU0Q1JIaWVNdzdOY3BzeTFBRXZ2bHVWeFBYSXQ3TGZ6MEdDLWhfb0MzMEJxMTZLRTlfeEsxNGNjd016akNSRHlpOFJ2RVFwU1htR3NjY1pNeldwM3Bsdlc0cU40Y0ltTG5YcUZNN05DRGNSZE84QWtDRGNpTmZhdUpaM1hOczJGdUZON1pGQXFpck5aVWx1cm1YeS10dDZzcG55VTloZ9IBuAFBVV95cUxNVndXUHhPY0RiVEppdXhVMlpMSVFsdEtNZ0paTWctTDR6cEdQZUxYS3BfejJoYWlPRWtHQzNHV19jT1hISnFXTFNHakhBcDhqc2RrUE9ad1RNNzdSMEZ1UXU3cHpFR2FGSTZENWtjTUtiQWRsMmZ4SEtZRnBXcGxLd2xxS2NvRWNudWJGcTloS1hzX1NwczU0SzhOSWpjdmF3OXcweUcwOVZ6NkF3WGRURlV2S1lQSzlQ?oc=5,"<a href=""https://news.google.com/rss/articles/CBMitgFBVV95cUxOb1laVW5BSVBTU3NNLUhxcUU0Q1JIaWVNdzdOY3BzeTFBRXZ2bHVWeFBYSXQ3TGZ6MEdDLWhfb0MzMEJxMTZLRTlfeEsxNGNjd016akNSRHlpOFJ2RVFwU1htR3NjY1pNeldwM3Bsdlc0cU40Y0ltTG5YcUZNN05DRGNSZE84QWtDRGNpTmZhdUpaM1hOczJGdUZON1pGQXFpck5aVWx1cm1YeS10dDZzcG55VTloZ9IBuAFBVV95cUxNVndXUHhPY0RiVEppdXhVMlpMSVFsdEtNZ0paTWctTDR6cEdQZUxYS3BfejJoYWlPRWtHQzNHV19jT1hISnFXTFNHakhBcDhqc2RrUE9ad1RNNzdSMEZ1UXU3cHpFR2FGSTZENWtjTUtiQWRsMmZ4SEtZRnBXcGxLd2xxS2NvRWNudWJGcTloS1hzX1Nwcz"
501,"21-year-old youngster stabs three children to death, injures another with sickle in West Bengal",Other GBV,2026-08-14,West Bengal,West Bengal,West Bengal,22.9868,87.855,Under Investigation,1,The New Indian Express,https://news.google.com/rss/articles/CBMi7wFBVV95cUxNcmFjT2FTMThYbzlIUG5wQ1poMFBwM2JfLXdFa0FBQXRjdnA1bVE4eHE1UVp1TGphZHBBeXBKMWpVTVE4MTBsY0hTTV85aVRqTUJvcXRqLVNPOU5mYk0xc0lkY1lOMlNleFJTWVo2djBSTkMtTlgxUzhIcXN3V0pMdFllN043amlJWUhTSk43Z2M1UEVyUUsxTFZ4Y1FlT0J1SHBJTDgwX2hob3MyS2UxRDlJMUNRX3RHa1pYTFdQa29OVUR4dy1mR2VSaUJBbW8wRUhEVXE0RHdiUWtzNEd0YlVSTTF6S19kQTI5YXAzRdIB_AFBVV95cUxNWXo0WGxtODRLV1BIQkxRWFRSdmh0MDJRSlYyUS1GWFY0a2p5dVhhZmM0c2dROXNTM05RckxBb25vMDMxTnlGZkM0ZU14VHJMWHlLekpYa2lBVklvSV9IaEt3LWJTTV9ZbUtNa0xERG1HT2Vkd19WeFM1dGM0ZENiOFJqbV9PaE9wQko0bzBlaEctSUNzV2tVcndUWF83X2xhTVhBMEZONFlkWU5PY1E0U0JJckRqenc0SllwM3F4dkpGbUdzM0l2dnE0Zk9LUHF3Uy1rVFo2MnNOTFpRbnVlMHZ2Z0Zydmlwbkg0eWYySnJtOW1KeFl5MzlFVGk?oc=5,"<a href=""https://news.google.com/rss/articles/CBMi7wFBVV95cUxNcmFjT2FTMThYbzlIUG5wQ1poMFBwM2JfLXdFa0FBQXRjdnA1bVE4eHE1UVp1TGphZHBBeXBKMWpVTVE4MTBsY0hTTV85aVRqTUJvcXRqLVNPOU5mYk0xc0lkY1lOMlNleFJTWVo2djBSTkMtTlgxUzhIcXN3V0pMdFllN043amlJWUhTSk43Z2M1UEVyUUsxTFZ4Y1FlT0J1SHBJTDgwX2hob3MyS2UxRDlJMUNRX3RHa1pYTFdQa29OVUR4dy1mR2VSaUJBbW8wRUhEVXE0RHdiUWtzNEd0YlVSTTF6S19kQTI5YXAzRdIB_AFBVV95cUxNWXo0WGxtODRLV1BIQkxRWFRSdmh0MDJRSlYyUS1GWFY0a2p5dVhhZmM0c2dROXNTM05RckxBb25vMDMxTnlGZkM0ZU14VHJMWHlLekpYa2lBVklvSV"
499,"After Ex-Trinamool MLA, Co-Accused Arrested For RG Kar 'Hurried Cremation'",Other GBV,2026-08-14,,,,,,Arrest Made,1,NDTV,https://news.google.com/rss/articles/CBMisgFBVV95cUxQMzYtLURaRHpzZEpLd0E0alQxQkx6SDFwREhob0UwWEhDci1hSFJOcjBDTlJ4RkFpWVRobTQ5OGVSbk9zRjE4c3E0MEpOMHpvZVY5Nzd3b3pLYmdSMGM1dy1pME84OXBUSzZxYm1STE8yRFJ0SVo5OWMtQVBudFM4WGJxM1FGREVoS3ZoZmhCamVaTS1GTVI4WDVNS0ttaENndnl4eV8zQ3ZZeUwyUnBoTTFR0gG6AUFVX3lxTFB4Z0IyX281bkhob0ozRFhKWEE3c0pNb1laV3oxZWhKU2thQjF2M1dPUWlZdjBxYlJjNnVmbndzS1liRFNyS1Z0WWgzT3ZqQXF5cDMta3lvUW5lei1vVVZyWm1ScUxrYlM5eGVUcDZ6YUw5VTYyV2ZuNXdqM1U3cDJ6eHMzQ09GTE1LaWFpZFJHa1ZFZlpsZnRPNElqeDRQUmNJWkhDTVdvRGFJc0dTd3k1UEJ1N1FydFM5Zw?oc=5,"<a href=""https://news.google.com/rss/articles/CBMisgFBVV95cUxQMzYtLURaRHpzZEpLd0E0alQxQkx6SDFwREhob0UwWEhDci1hSFJOcjBDTlJ4RkFpWVRobTQ5OGVSbk9zRjE4c3E0MEpOMHpvZVY5Nzd3b3pLYmdSMGM1dy1pME84OXBUSzZxYm1STE8yRFJ0SVo5OWMtQVBudFM4WGJxM1FGREVoS3ZoZmhCamVaTS1GTVI4WDVNS0ttaENndnl4eV8zQ3ZZeUwyUnBoTTFR0gG6AUFVX3lxTFB4Z0IyX281bkhob0ozRFhKWEE3c0pNb1laV3oxZWhKU2thQjF2M1dPUWlZdjBxYlJjNnVmbndzS1liRFNyS1Z0WWgzT3ZqQXF5cDMta3lvUW5lei1vVVZyWm1ScUxrYlM5eGVUcDZ6YUw5VTYyV2ZuNXdqM1U3cDJ6eHMzQ09GTE1LaWFpZFJHa1ZFZlpsZnRPNE"
489,"RG Kar case: 2 years on, TMC leader Nirmal Ghosh arrested over ‘cover-up’ role",Other GBV,2026-08-14,,,,,,Arrest Made,1,The Indian Express,https://news.google.com/rss/articles/CBMiuAFBVV95cUxQS184OUJJVGlBWHBlWHl6dXNadVUxNzQ3T3lMTWQ5eVVkOWZmUXNlRUpTSzJoMGFaRWQ0dllIMDFBUlplbGRJWGVINnp3aUREeWZSZ0VJT1lsU1lnQXdBejRwcWg1S2dnakZrNjc5TUZpR013TWJacXBiallhSTh6SGhRTjZGZzFMMHYtSEhxYm54cEZIcnVhOVZsY1dpalhiQnVWU1prN2lZNG5rRmR0dTNodE9OUGRC0gG_AUFVX3lxTFBYWU00NzF4c3BWMWQ4V014TlpXSHp0VDdLQko5MkVmTU1heUs2eFIzWER6amVnVFlSMFVFa09UVDFSM3pWZzBuVzJDNTZhM0k0clJVRFFWVjVLU0hfWjk5VmpVT1VxeG9jMXJlMGJnMUhYTXU5WFM3U2xyZU4wUjYxNlhCaV8xVEJjRVpFRDFGc0o2NEN5bi1GbGpPdXIyZEg2YkFQcGdVa1JlVjJPMS04M3JvSTVLNUtvQUFMekZj?oc=5,"<a href=""https://news.google.com/rss/articles/CBMiuAFBVV95cUxQS184OUJJVGlBWHBlWHl6dXNadVUxNzQ3T3lMTWQ5eVVkOWZmUXNlRUpTSzJoMGFaRWQ0dllIMDFBUlplbGRJWGVINnp3aUREeWZSZ0VJT1lsU1lnQXdBejRwcWg1S2dnakZrNjc5TUZpR013TWJacXBiallhSTh6SGhRTjZGZzFMMHYtSEhxYm54cEZIcnVhOVZsY1dpalhiQnVWU1prN2lZNG5rRmR0dTNodE9OUGRC0gG_AUFVX3lxTFBYWU00NzF4c3BWMWQ4V014TlpXSHp0VDdLQko5MkVmTU1heUs2eFIzWER6amVnVFlSMFVFa09UVDFSM3pWZzBuVzJDNTZhM0k0clJVRFFWVjVLU0hfWjk5VmpVT1VxeG9jMXJlMGJnMUhYTXU5WFM3U2xyZU4wUjYxNlhCaV8xVEJjRVpFRDFGc0o2NE"
475,IPL player Abishek Porel denied bail in alleged rape case: Remanded to 14-day custody by local court; polic...,Sexual Assault,2026-08-14,,,,,,Arrest Made,1,Bhaskar English,https://news.google.com/rss/articles/CBMi3AFBVV95cUxPcklGRUN3UmoxTkIwMFQyamhWclJaR25hUk5fSXlOVFl2ZDFoLVZWU3p4X1d5MzF0QVNVRWFXMkF3YVVFMXFVTGloNnpNMTFyS3ltTkZHbENOb0VBRVAyNHFGNHIwRTFMUS1lN3RkY0NIc2RLSmE2RllONWtTOVFSYVlnaVgxbVVjenZ4WHVoTVBuWElJamYtWkZOYlBERjliOFl3dnNCRHk1SEI3MmNlVm1LRzU1RklSMURXek4yV01TMjBWa0xNc2Zjam5YdDh3T19FWUR4anQ3WmY00gHiAUFVX3lxTE9ac1BlcWJRWWZfdDdIWUQ0QW1nZndkdGFYV2xPclI4aUtPNkU2QmlOODBLeUN6QWtndE1sWkxHZmRtNl9DcHNxTms5T05WbmZTQXhIRVhrUkMyVXlrNzYzTF9GemVTODlxbFBHZHZLamg3dk5hZ25KLVg5eWszU0RjUHJEZGFfWWR3cTViUDAzMmJ3R0dHdWlpYkhPWi1IRk9DQUtpOG5GTGVjejlvN3E5T3dXSm9jei16MkRuV0syaS16N0dROUJOMUQyTTZYbkF5VFRMV1VQOXpCQlZWbUJBOWc?oc=5,"<a href=""https://news.google.com/rss/articles/CBMi3AFBVV95cUxPcklGRUN3UmoxTkIwMFQyamhWclJaR25hUk5fSXlOVFl2ZDFoLVZWU3p4X1d5MzF0QVNVRWFXMkF3YVVFMXFVTGloNnpNMTFyS3ltTkZHbENOb0VBRVAyNHFGNHIwRTFMUS1lN3RkY0NIc2RLSmE2RllONWtTOVFSYVlnaVgxbVVjenZ4WHVoTVBuWElJamYtWkZOYlBERjliOFl3dnNCRHk1SEI3MmNlVm1LRzU1RklSMURXek4yV01TMjBWa0xNc2Zjam5YdDh3T19FWUR4anQ3WmY00gHiAUFVX3lxTE9ac1BlcWJRWWZfdDdIWUQ0QW1nZndkdGFYV2xPclI4aUtPNkU2QmlOODBLeUN6QWtndE1sWkxHZmRtNl9DcHNxTms5T05WbmZTQXhIRVhrUkMyVXlrNzYzTF9GemVTODlxbFBHZHZLam"
471,RG Kar rape & murder: Former TMC MLA arrested by WB police from Balasore hotel,Sexual Assault,2026-08-14,Balasore,Balasore,Odisha,21.4934,86.9135,Arrest Made,1,The New Indian Express,https://news.google.com/rss/articles/CBMizwFBVV95cUxQTXpSVDlocjV3VzNxekNjdFhjM3BUOFl2a3FETkVpajBpcW5VMFM1NTRucUZyTGU4MkM4aEJ3NGhLQnFRMEZsLWlEOHcyQ3BiV2d6YlBDeGNJcktTZEpTZEc1MTVjUWNhY1JIS3NPN2JNY2djYnJkUWN1SWM4a2ZCblE4RGxSWlZtWGlmZkdUeGFmY0ZWU29XWHl1RmpwOFFaVWREbmk0MlBJVzUwUlBxN3o3T1ltTUZVRW90MEFoZmpEY2s3cTZac3kwUnpEUU3SAdwBQVVfeXFMT2FSbHloVjJPNVJjVHN1WHJPN0ZnTlgyR3ctXzZSNURZNVVfcmZnU1pMZmFNQndOYzdoa2c4d0RRcWhzTDV6dDk1Nnl4eHJqM2FUNEZucVhJbS1QZ0hVQ2RnalhoYXc1SWJsbHFaU2lVRWxrSnNxVzRvSGJuYXZ0TXlZOVZBNDVsSnpIS1hKS0lkR0ZyaVM5Nk1Ya0VEeWptbVlJSEYxeTE3dVNBT2R3aEcwb1Nxa1JmYTIzR3FCVEUxZzlFSkR1aU84WWRLZFFVME9ia2x0ZWlldGlFOA?oc=5,"<a href=""https://news.google.com/rss/articles/CBMizwFBVV95cUxQTXpSVDlocjV3VzNxekNjdFhjM3BUOFl2a3FETkVpajBpcW5VMFM1NTRucUZyTGU4MkM4aEJ3NGhLQnFRMEZsLWlEOHcyQ3BiV2d6YlBDeGNJcktTZEpTZEc1MTVjUWNhY1JIS3NPN2JNY2djYnJkUWN1SWM4a2ZCblE4RGxSWlZtWGlmZkdUeGFmY0ZWU29XWHl1RmpwOFFaVWREbmk0MlBJVzUwUlBxN3o3T1ltTUZVRW90MEFoZmpEY2s3cTZac3kwUnpEUU3SAdwBQVVfeXFMT2FSbHloVjJPNVJjVHN1WHJPN0ZnTlgyR3ctXzZSNURZNVVfcmZnU1pMZmFNQndOYzdoa2c4d0RRcWhzTDV6dDk1Nnl4eHJqM2FUNEZucVhJbS1QZ0hVQ2RnalhoYXc1SWJsbHFaU2lVRWxrSnNxVzRvSGJuYX"
445,Karnataka: Teacher awarded 25-year jail term for raping minor,Other GBV,2026-08-14,Karnataka,Karnataka,Karnataka,15.3173,75.7139,Under Investigation,1,The New Indian Express,https://news.google.com/rss/articles/CBMivwFBVV95cUxQVFRJYW82SEN6QVFOT3hEMmxyUkZZeklOMHdOWFZSRF9VblhPaTBhcUtLSXpJVU5meFFzY3pub1lJRFlpWFVNbjJ1UFhmWXBGQ0ZEUVVfTEFfaVZqRm5nT05qdjIxTEdvaFQ1S0xzLUVQTm55M2JzNnBxU3ZZNVJhQ2R0NEZJU2NMUF91WWVfY29VeGNlSkdtMTU0U2cxWmFKZXd2cWxkcEpDWkFWYlcxbThXaVczQlJzaWY3T2FzY9IBzAFBVV95cUxOSjNsQ0hXRzZfYldJSnJNVy1zc0xQaEFqRlU3SlpYWElXeW5Sa0c3QnlfNEE0dl8tYW5lUHo1QUZQQnhWQm1vdXJxTEFXcTZSUERINFlsdFJXTkFxQmprMDFRWWhfMVVPUUwwQUY3VGJXdlJXWHpjaEpSWHp4dC1QZUp0eUFoUDlXZ0VjbjJ3bjdHWGltYmRIT0pXeU83Y08teDRuZ3RabUZTeElnM0xHM3R4bTNsYXI2TjNfM0JLdFVWbnVRdXVSZVlFN3Q?oc=5,"<a href=""https://news.google.com/rss/articles/CBMivwFBVV95cUxQVFRJYW82SEN6QVFOT3hEMmxyUkZZeklOMHdOWFZSRF9VblhPaTBhcUtLSXpJVU5meFFzY3pub1lJRFlpWFVNbjJ1UFhmWXBGQ0ZEUVVfTEFfaVZqRm5nT05qdjIxTEdvaFQ1S0xzLUVQTm55M2JzNnBxU3ZZNVJhQ2R0NEZJU2NMUF91WWVfY29VeGNlSkdtMTU0U2cxWmFKZXd2cWxkcEpDWkFWYlcxbThXaVczQlJzaWY3T2FzY9IBzAFBVV95cUxOSjNsQ0hXRzZfYldJSnJNVy1zc0xQaEFqRlU3SlpYWElXeW5Sa0c3QnlfNEE0dl8tYW5lUHo1QUZQQnhWQm1vdXJxTEFXcTZSUERINFlsdFJXTkFxQmprMDFRWWhfMVVPUUwwQUY3VGJXdlJXWHpjaEpSWHp4dC1QZUp0eUFoUDlXZ0Vjbj"
387,RG Kar Rape-Murder Case: Ex-TMC MLA Nirmal Ghosh Arrested,Sexual Assault,2026-08-14,,,,,,Arrest Made,1,Free Press Journal,https://news.google.com/rss/articles/CBMimgFBVV95cUxObktpcXByX0l1eGVNS2pMSzJVaG5tZWxrRFVBNWRPaWtUdjI4blNCV1hiVWhQREhKa0ZyblUtS1paaUw0eDNrR1dhS2J6eEtHSUNkV1huN1Z4RklIR081ck5sM1l0QUhjbkhuZllqdVMydEt3bkJWbXpBNlkxMHZxM0hrV0RXZnhERE5jb3RCZXBVM2ladEJFbTRR0gGfAUFVX3lxTE5WYVJMdGUyZUFpZWx4OEhiVHo2aW1ueXpyVFlQZjU5MFRpNTY5clRRcllsMG5BUlpKLWNYX1d1eXJOdFBveXR4aUlpa3pXc2hvVXlabWt3NURMTFlxdC1zSzJmai12aW9YNGlDMG40NlgwdExEVmd1RlVIenZaQlZqcjJyLVJHRUdfdmtfV3BBNmtMMnJFREtXU2JLQk8zUQ?oc=5,"<a href=""https://news.google.com/rss/articles/CBMimgFBVV95cUxObktpcXByX0l1eGVNS2pMSzJVaG5tZWxrRFVBNWRPaWtUdjI4blNCV1hiVWhQREhKa0ZyblUtS1paaUw0eDNrR1dhS2J6eEtHSUNkV1huN1Z4RklIR081ck5sM1l0QUhjbkhuZllqdVMydEt3bkJWbXpBNlkxMHZxM0hrV0RXZnhERE5jb3RCZXBVM2ladEJFbTRR0gGfAUFVX3lxTE5WYVJMdGUyZUFpZWx4OEhiVHo2aW1ueXpyVFlQZjU5MFRpNTY5clRRcllsMG5BUlpKLWNYX1d1eXJOdFBveXR4aUlpa3pXc2hvVXlabWt3NURMTFlxdC1zSzJmai12aW9YNGlDMG40NlgwdExEVmd1RlVIenZaQlZqcjJyLVJHRUdfdmtfV3BBNmtMMnJFREtXU2JLQk8zUQ?oc=5"" target=""_blank"">R"
